run_id,timestamp_utc,experiment,dataset,model,config_hash,seed,split_id,regime,n_train,n_test,n_features,n_params,accuracy,balanced_accuracy,f1,roc_auc,train_time_s,eval_time_s,git_commit
89b22bb13ec1,2026-07-06T16:29:43+00:00,e1_baselines,banknote,knn,12bfc69307,0,s0_f0,classical,1097,275,4,,1.000000,1.000000,1.000000,1.000000,0.0019,0.0049,18d224d
ebe6bec46b02,2026-07-06T16:29:43+00:00,e1_baselines,banknote,knn,12bfc69307,0,s0_f1,classical,1097,275,4,,1.000000,1.000000,1.000000,1.000000,0.0009,0.0046,18d224d
ceefe8b63d9d,2026-07-06T16:29:43+00:00,e1_baselines,banknote,knn,12bfc69307,0,s0_f2,classical,1098,274,4,,1.000000,1.000000,1.000000,1.000000,0.0009,0.0044,18d224d
21a0f627f3a3,2026-07-06T16:29:43+00:00,e1_baselines,banknote,knn,12bfc69307,0,s0_f3,classical,1098,274,4,,1.000000,1.000000,1.000000,1.000000,0.0010,0.0045,18d224d
df665da6c614,2026-07-06T16:29:43+00:00,e1_baselines,banknote,knn,12bfc69307,0,s0_f4,classical,1098,274,4,,0.996350,0.996711,0.995918,0.996576,0.0010,0.0045,18d224d
63e0fe3516ee,2026-07-06T16:29:43+00:00,e1_baselines,banknote,knn,12bfc69307,1,s1_f0,classical,1097,275,4,,1.000000,1.000000,1.000000,1.000000,0.0009,0.0045,18d224d
18f7a1d56495,2026-07-06T16:29:43+00:00,e1_baselines,banknote,knn,12bfc69307,1,s1_f1,classical,1097,275,4,,0.992727,0.993464,0.991870,0.996545,0.0010,0.0045,18d224d
7b300bff6e65,2026-07-06T16:29:43+00:00,e1_baselines,banknote,knn,12bfc69307,1,s1_f2,classical,1098,274,4,,1.000000,1.000000,1.000000,1.000000,0.0010,0.0046,18d224d
7443575edead,2026-07-06T16:29:43+00:00,e1_baselines,banknote,knn,12bfc69307,1,s1_f3,classical,1098,274,4,,1.000000,1.000000,1.000000,1.000000,0.0010,0.0046,18d224d
17ebf515b053,2026-07-06T16:29:43+00:00,e1_baselines,banknote,knn,12bfc69307,1,s1_f4,classical,1098,274,4,,1.000000,1.000000,1.000000,1.000000,0.0009,0.0042,18d224d
b13318366a23,2026-07-06T16:29:43+00:00,e1_baselines,banknote,knn,12bfc69307,2,s2_f0,classical,1097,275,4,,0.996364,0.996732,0.995918,1.000000,0.0009,0.0046,18d224d
926c03ec7f8d,2026-07-06T16:29:43+00:00,e1_baselines,banknote,knn,12bfc69307,2,s2_f1,classical,1097,275,4,,1.000000,1.000000,1.000000,1.000000,0.0009,0.0043,18d224d
5b0c35af0129,2026-07-06T16:29:43+00:00,e1_baselines,banknote,knn,12bfc69307,2,s2_f2,classical,1098,274,4,,1.000000,1.000000,1.000000,1.000000,0.0010,0.0041,18d224d
3885d82bffc5,2026-07-06T16:29:43+00:00,e1_baselines,banknote,knn,12bfc69307,2,s2_f3,classical,1098,274,4,,0.996350,0.996711,0.995918,0.996549,0.0009,0.0050,18d224d
ce961cc430e9,2026-07-06T16:29:43+00:00,e1_baselines,banknote,knn,12bfc69307,2,s2_f4,classical,1098,274,4,,1.000000,1.000000,1.000000,1.000000,0.0010,0.0044,18d224d
cb2ee3533978,2026-07-06T16:29:43+00:00,e1_baselines,banknote,knn,12bfc69307,3,s3_f0,classical,1097,275,4,,1.000000,1.000000,1.000000,1.000000,0.0009,0.0044,18d224d
5a4f23e74514,2026-07-06T16:29:43+00:00,e1_baselines,banknote,knn,12bfc69307,3,s3_f1,classical,1097,275,4,,1.000000,1.000000,1.000000,1.000000,0.0010,0.0048,18d224d
8a23ac5b266d,2026-07-06T16:29:43+00:00,e1_baselines,banknote,knn,12bfc69307,3,s3_f2,classical,1098,274,4,,0.996350,0.996711,0.995918,1.000000,0.0009,0.0044,18d224d
fc8778234e78,2026-07-06T16:29:43+00:00,e1_baselines,banknote,knn,12bfc69307,3,s3_f3,classical,1098,274,4,,1.000000,1.000000,1.000000,1.000000,0.0009,0.0044,18d224d
0201b5be0f46,2026-07-06T16:29:43+00:00,e1_baselines,banknote,knn,12bfc69307,3,s3_f4,classical,1098,274,4,,1.000000,1.000000,1.000000,1.000000,0.0009,0.0043,18d224d
991de715473d,2026-07-06T16:29:43+00:00,e1_baselines,banknote,knn,12bfc69307,4,s4_f0,classical,1097,275,4,,1.000000,1.000000,1.000000,1.000000,0.0010,0.0044,18d224d
d39b894fd0c6,2026-07-06T16:29:43+00:00,e1_baselines,banknote,knn,12bfc69307,4,s4_f1,classical,1097,275,4,,1.000000,1.000000,1.000000,1.000000,0.0009,0.0047,18d224d
96234578b54b,2026-07-06T16:29:43+00:00,e1_baselines,banknote,knn,12bfc69307,4,s4_f2,classical,1098,274,4,,0.996350,0.996711,0.995918,0.999946,0.0009,0.0045,18d224d
257d200120e9,2026-07-06T16:29:43+00:00,e1_baselines,banknote,knn,12bfc69307,4,s4_f3,classical,1098,274,4,,1.000000,1.000000,1.000000,1.000000,0.0010,0.0042,18d224d
de288c8786f0,2026-07-06T16:29:43+00:00,e1_baselines,banknote,knn,12bfc69307,4,s4_f4,classical,1098,274,4,,0.996350,0.996711,0.995918,1.000000,0.0010,0.0042,18d224d
a16ff0b62dcb,2026-07-06T16:29:46+00:00,e1_baselines,banknote,logreg,ce24f6a4b8,0,s0_f0,classical,1097,275,4,5,1.000000,1.000000,1.000000,1.000000,0.0069,0.0006,18d224d
09c13620b453,2026-07-06T16:29:46+00:00,e1_baselines,banknote,logreg,ce24f6a4b8,0,s0_f1,classical,1097,275,4,5,0.989091,0.990196,0.987854,0.999946,0.0042,0.0004,18d224d
4542738c0d4f,2026-07-06T16:29:46+00:00,e1_baselines,banknote,logreg,ce24f6a4b8,0,s0_f2,classical,1098,274,4,5,0.992701,0.993421,0.991870,0.999784,0.0044,0.0003,18d224d
3965c030da7b,2026-07-06T16:29:46+00:00,e1_baselines,banknote,logreg,ce24f6a4b8,0,s0_f3,classical,1098,274,4,5,0.985401,0.986033,0.983740,0.999676,0.0048,0.0004,18d224d
20a3091d958e,2026-07-06T16:29:46+00:00,e1_baselines,banknote,logreg,ce24f6a4b8,0,s0_f4,classical,1098,274,4,5,0.985401,0.985224,0.983607,0.999029,0.0045,0.0003,18d224d
2966d6c8b69f,2026-07-06T16:29:46+00:00,e1_baselines,banknote,logreg,ce24f6a4b8,1,s1_f0,classical,1097,275,4,5,0.989091,0.989366,0.987755,0.999786,0.0050,0.0004,18d224d
844e28f295a1,2026-07-06T16:29:46+00:00,e1_baselines,banknote,logreg,ce24f6a4b8,1,s1_f1,classical,1097,275,4,5,0.985455,0.986098,0.983740,0.999625,0.0048,0.0003,18d224d
2d04214e20c4,2026-07-06T16:29:46+00:00,e1_baselines,banknote,logreg,ce24f6a4b8,1,s1_f2,classical,1098,274,4,5,0.985401,0.986842,0.983871,0.999353,0.0040,0.0004,18d224d
bbafd02aadad,2026-07-06T16:29:46+00:00,e1_baselines,banknote,logreg,ce24f6a4b8,1,s1_f3,classical,1098,274,4,5,0.985401,0.986033,0.983740,0.999730,0.0047,0.0003,18d224d
4c71f4859f87,2026-07-06T16:29:46+00:00,e1_baselines,banknote,logreg,ce24f6a4b8,1,s1_f4,classical,1098,274,4,5,1.000000,1.000000,1.000000,1.000000,0.0041,0.0004,18d224d
97bc3198c48b,2026-07-06T16:29:46+00:00,e1_baselines,banknote,logreg,ce24f6a4b8,2,s2_f0,classical,1097,275,4,5,0.981818,0.983660,0.979920,0.999839,0.0043,0.0003,18d224d
be55202c34ea,2026-07-06T16:29:46+00:00,e1_baselines,banknote,logreg,ce24f6a4b8,2,s2_f1,classical,1097,275,4,5,0.989091,0.987705,0.987552,0.999893,0.0045,0.0003,18d224d
a12bec962ca8,2026-07-06T16:29:46+00:00,e1_baselines,banknote,logreg,ce24f6a4b8,2,s2_f2,classical,1098,274,4,5,0.992701,0.993421,0.991870,0.999892,0.0043,0.0003,18d224d
9225b35406bc,2026-07-06T16:29:46+00:00,e1_baselines,banknote,logreg,ce24f6a4b8,2,s2_f3,classical,1098,274,4,5,0.992701,0.993421,0.991870,0.999892,0.0047,0.0003,18d224d
61aa12a20280,2026-07-06T16:29:46+00:00,e1_baselines,banknote,logreg,ce24f6a4b8,2,s2_f4,classical,1098,274,4,5,0.985401,0.986033,0.983740,0.999730,0.0041,0.0004,18d224d
263f704cc6ed,2026-07-06T16:29:46+00:00,e1_baselines,banknote,logreg,ce24f6a4b8,3,s3_f0,classical,1097,275,4,5,0.985455,0.986098,0.983740,0.999518,0.0045,0.0004,18d224d
bf6e88997632,2026-07-06T16:29:46+00:00,e1_baselines,banknote,logreg,ce24f6a4b8,3,s3_f1,classical,1097,275,4,5,0.989091,0.989366,0.987755,0.999464,0.0041,0.0004,18d224d
8bc4185356c7,2026-07-06T16:29:46+00:00,e1_baselines,banknote,logreg,ce24f6a4b8,3,s3_f2,classical,1098,274,4,5,0.992701,0.992612,0.991803,0.999730,0.0047,0.0003,18d224d
06a88e7bb648,2026-07-06T16:29:46+00:00,e1_baselines,banknote,logreg,ce24f6a4b8,3,s3_f3,classical,1098,274,4,5,0.992701,0.993421,0.991870,0.999892,0.0041,0.0004,18d224d
29a67c293968,2026-07-06T16:29:46+00:00,e1_baselines,banknote,logreg,ce24f6a4b8,3,s3_f4,classical,1098,274,4,5,0.992701,0.993421,0.991870,0.999892,0.0040,0.0003,18d224d
ed2fa0952e2b,2026-07-06T16:29:46+00:00,e1_baselines,banknote,logreg,ce24f6a4b8,4,s4_f0,classical,1097,275,4,5,1.000000,1.000000,1.000000,1.000000,0.0047,0.0003,18d224d
2ae6e0491b17,2026-07-06T16:29:46+00:00,e1_baselines,banknote,logreg,ce24f6a4b8,4,s4_f1,classical,1097,275,4,5,0.996364,0.995902,0.995885,0.999839,0.0047,0.0003,18d224d
3a76c2f6f61b,2026-07-06T16:29:46+00:00,e1_baselines,banknote,logreg,ce24f6a4b8,4,s4_f2,classical,1098,274,4,5,0.989051,0.989323,0.987755,0.999784,0.0088,0.0003,18d224d
15cc464eef14,2026-07-06T16:29:46+00:00,e1_baselines,banknote,logreg,ce24f6a4b8,4,s4_f3,classical,1098,274,4,5,0.985401,0.986033,0.983740,0.999461,0.0042,0.0003,18d224d
3aee1efc7465,2026-07-06T16:29:46+00:00,e1_baselines,banknote,logreg,ce24f6a4b8,4,s4_f4,classical,1098,274,4,5,0.981752,0.983553,0.979920,0.999461,0.0041,0.0004,18d224d
ca01c667006c,2026-07-06T16:29:49+00:00,e1_baselines,banknote,mlp,e00ea527e7,0,s0_f0,classical,1097,275,4,157,1.000000,1.000000,1.000000,1.000000,0.3379,0.0008,18d224d
dad2c2224639,2026-07-06T16:29:50+00:00,e1_baselines,banknote,mlp,e00ea527e7,0,s0_f1,classical,1097,275,4,157,1.000000,1.000000,1.000000,1.000000,0.3485,0.0006,18d224d
ed0d7e86a6d1,2026-07-06T16:29:50+00:00,e1_baselines,banknote,mlp,e00ea527e7,0,s0_f2,classical,1098,274,4,157,1.000000,1.000000,1.000000,1.000000,0.3453,0.0007,18d224d
5229e1168035,2026-07-06T16:29:50+00:00,e1_baselines,banknote,mlp,e00ea527e7,0,s0_f3,classical,1098,274,4,157,0.996350,0.996711,0.995918,1.000000,0.1730,0.0006,18d224d
eeb4a999c94c,2026-07-06T16:29:50+00:00,e1_baselines,banknote,mlp,e00ea527e7,0,s0_f4,classical,1098,274,4,157,1.000000,1.000000,1.000000,1.000000,0.3135,0.0007,18d224d
3b01f9b2880e,2026-07-06T16:29:51+00:00,e1_baselines,banknote,mlp,e00ea527e7,1,s1_f0,classical,1097,275,4,157,1.000000,1.000000,1.000000,1.000000,0.2737,0.0006,18d224d
15ec307cb58a,2026-07-06T16:29:51+00:00,e1_baselines,banknote,mlp,e00ea527e7,1,s1_f1,classical,1097,275,4,157,1.000000,1.000000,1.000000,1.000000,0.3286,0.0006,18d224d
fa5bf3e3d324,2026-07-06T16:29:51+00:00,e1_baselines,banknote,mlp,e00ea527e7,1,s1_f2,classical,1098,274,4,157,1.000000,1.000000,1.000000,1.000000,0.2445,0.0008,18d224d
b1796d6bf56a,2026-07-06T16:29:52+00:00,e1_baselines,banknote,mlp,e00ea527e7,1,s1_f3,classical,1098,274,4,157,1.000000,1.000000,1.000000,1.000000,0.3001,0.0006,18d224d
8c8708132b19,2026-07-06T16:29:52+00:00,e1_baselines,banknote,mlp,e00ea527e7,1,s1_f4,classical,1098,274,4,157,1.000000,1.000000,1.000000,1.000000,0.2658,0.0007,18d224d
508999398c4d,2026-07-06T16:29:52+00:00,e1_baselines,banknote,mlp,e00ea527e7,2,s2_f0,classical,1097,275,4,157,1.000000,1.000000,1.000000,1.000000,0.3386,0.0007,18d224d
f9878ebebc6d,2026-07-06T16:29:53+00:00,e1_baselines,banknote,mlp,e00ea527e7,2,s2_f1,classical,1097,275,4,157,1.000000,1.000000,1.000000,1.000000,0.2517,0.0006,18d224d
55415c695983,2026-07-06T16:29:53+00:00,e1_baselines,banknote,mlp,e00ea527e7,2,s2_f2,classical,1098,274,4,157,1.000000,1.000000,1.000000,1.000000,0.2999,0.0006,18d224d
454d75260f6b,2026-07-06T16:29:53+00:00,e1_baselines,banknote,mlp,e00ea527e7,2,s2_f3,classical,1098,274,4,157,0.996350,0.996711,0.995918,1.000000,0.3599,0.0006,18d224d
980d3f9b3311,2026-07-06T16:29:53+00:00,e1_baselines,banknote,mlp,e00ea527e7,2,s2_f4,classical,1098,274,4,157,0.992701,0.993421,0.991870,1.000000,0.1909,0.0009,18d224d
34d09d8523c5,2026-07-06T16:29:54+00:00,e1_baselines,banknote,mlp,e00ea527e7,3,s3_f0,classical,1097,275,4,157,0.996364,0.996732,0.995918,1.000000,0.2672,0.0006,18d224d
5745f5da09bc,2026-07-06T16:29:54+00:00,e1_baselines,banknote,mlp,e00ea527e7,3,s3_f1,classical,1097,275,4,157,1.000000,1.000000,1.000000,1.000000,0.2701,0.0006,18d224d
dad400705d3f,2026-07-06T16:29:54+00:00,e1_baselines,banknote,mlp,e00ea527e7,3,s3_f2,classical,1098,274,4,157,0.996350,0.996711,0.995918,1.000000,0.3459,0.0006,18d224d
fc2b06155126,2026-07-06T16:29:55+00:00,e1_baselines,banknote,mlp,e00ea527e7,3,s3_f3,classical,1098,274,4,157,1.000000,1.000000,1.000000,1.000000,0.1919,0.0006,18d224d
5a839b1e9fb6,2026-07-06T16:29:55+00:00,e1_baselines,banknote,mlp,e00ea527e7,3,s3_f4,classical,1098,274,4,157,1.000000,1.000000,1.000000,1.000000,0.3393,0.0006,18d224d
f85e53a79e17,2026-07-06T16:29:55+00:00,e1_baselines,banknote,mlp,e00ea527e7,4,s4_f0,classical,1097,275,4,157,0.996364,0.996732,0.995918,1.000000,0.2367,0.0007,18d224d
3fb75cf124f7,2026-07-06T16:29:55+00:00,e1_baselines,banknote,mlp,e00ea527e7,4,s4_f1,classical,1097,275,4,157,1.000000,1.000000,1.000000,1.000000,0.2606,0.0006,18d224d
6292e51fbb67,2026-07-06T16:29:56+00:00,e1_baselines,banknote,mlp,e00ea527e7,4,s4_f2,classical,1098,274,4,157,0.996350,0.996711,0.995918,0.999569,0.2333,0.0007,18d224d
654d02253c0b,2026-07-06T16:29:56+00:00,e1_baselines,banknote,mlp,e00ea527e7,4,s4_f3,classical,1098,274,4,157,1.000000,1.000000,1.000000,1.000000,0.3189,0.0006,18d224d
3921764aa708,2026-07-06T16:29:56+00:00,e1_baselines,banknote,mlp,e00ea527e7,4,s4_f4,classical,1098,274,4,157,1.000000,1.000000,1.000000,1.000000,0.3104,0.0006,18d224d
a50ac4f3a236,2026-07-06T16:30:00+00:00,e1_baselines,banknote,rf,5a11822470,0,s0_f0,classical,1097,275,4,,0.985455,0.985267,0.983607,0.999786,0.8255,0.0734,18d224d
1d0fa5754e0a,2026-07-06T16:30:01+00:00,e1_baselines,banknote,rf,5a11822470,0,s0_f1,classical,1097,275,4,,0.992727,0.991803,0.991736,1.000000,0.8456,0.0694,18d224d
09736234ea8e,2026-07-06T16:30:02+00:00,e1_baselines,banknote,rf,5a11822470,0,s0_f2,classical,1098,274,4,,0.989051,0.989323,0.987755,0.999676,0.8524,0.0753,18d224d
ed8d463b01d5,2026-07-06T16:30:03+00:00,e1_baselines,banknote,rf,5a11822470,0,s0_f3,classical,1098,274,4,,0.992701,0.993421,0.991870,1.000000,0.8572,0.0722,18d224d
e5b51997e4db,2026-07-06T16:30:04+00:00,e1_baselines,banknote,rf,5a11822470,0,s0_f4,classical,1098,274,4,,0.992701,0.993421,0.991870,0.999892,0.8369,0.0708,18d224d
0713cea33141,2026-07-06T16:30:05+00:00,e1_baselines,banknote,rf,5a11822470,1,s1_f0,classical,1097,275,4,,0.992727,0.991803,0.991736,1.000000,0.8251,0.0708,18d224d
9905be7bd1fe,2026-07-06T16:30:06+00:00,e1_baselines,banknote,rf,5a11822470,1,s1_f1,classical,1097,275,4,,0.985455,0.986928,0.983871,0.999464,0.8395,0.0713,18d224d
ee0b44501ee0,2026-07-06T16:30:07+00:00,e1_baselines,banknote,rf,5a11822470,1,s1_f2,classical,1098,274,4,,0.985401,0.986033,0.983740,0.999730,0.8419,0.0694,18d224d
dd8f8f12e2e0,2026-07-06T16:30:08+00:00,e1_baselines,banknote,rf,5a11822470,1,s1_f3,classical,1098,274,4,,1.000000,1.000000,1.000000,1.000000,0.8347,0.0721,18d224d
25ece72afe52,2026-07-06T16:30:08+00:00,e1_baselines,banknote,rf,5a11822470,1,s1_f4,classical,1098,274,4,,0.996350,0.996711,0.995918,1.000000,0.8248,0.0713,18d224d
04b27cfc8fe4,2026-07-06T16:30:09+00:00,e1_baselines,banknote,rf,5a11822470,2,s2_f0,classical,1097,275,4,,0.989091,0.989366,0.987755,0.999491,0.8161,0.0696,18d224d
dcf6afdac64c,2026-07-06T16:30:10+00:00,e1_baselines,banknote,rf,5a11822470,2,s2_f1,classical,1097,275,4,,0.996364,0.995902,0.995885,1.000000,0.8220,0.0690,18d224d
aaa2e19567a5,2026-07-06T16:30:11+00:00,e1_baselines,banknote,rf,5a11822470,2,s2_f2,classical,1098,274,4,,1.000000,1.000000,1.000000,1.000000,0.8197,0.0707,18d224d
9688a6211443,2026-07-06T16:30:12+00:00,e1_baselines,banknote,rf,5a11822470,2,s2_f3,classical,1098,274,4,,0.985401,0.986842,0.983871,0.999623,0.8197,0.0719,18d224d
e4802dd93037,2026-07-06T16:30:13+00:00,e1_baselines,banknote,rf,5a11822470,2,s2_f4,classical,1098,274,4,,1.000000,1.000000,1.000000,1.000000,0.8288,0.0695,18d224d
8b5bbe9117cd,2026-07-06T16:30:14+00:00,e1_baselines,banknote,rf,5a11822470,3,s3_f0,classical,1097,275,4,,0.996364,0.996732,0.995918,1.000000,0.8372,0.0693,18d224d
8c711ff5ba5a,2026-07-06T16:30:15+00:00,e1_baselines,banknote,rf,5a11822470,3,s3_f1,classical,1097,275,4,,0.992727,0.993464,0.991870,0.999839,0.8635,0.0690,18d224d
06040cd47496,2026-07-06T16:30:16+00:00,e1_baselines,banknote,rf,5a11822470,3,s3_f2,classical,1098,274,4,,0.989051,0.989323,0.987755,0.999865,0.8157,0.0701,18d224d
ff4c2154f8ab,2026-07-06T16:30:17+00:00,e1_baselines,banknote,rf,5a11822470,3,s3_f3,classical,1098,274,4,,0.996350,0.996711,0.995918,0.999784,0.8105,0.0698,18d224d
154c6a40d3ec,2026-07-06T16:30:18+00:00,e1_baselines,banknote,rf,5a11822470,3,s3_f4,classical,1098,274,4,,0.996350,0.995902,0.995885,1.000000,0.8168,0.0694,18d224d
e9562ff1b5da,2026-07-06T16:30:18+00:00,e1_baselines,banknote,rf,5a11822470,4,s4_f0,classical,1097,275,4,,1.000000,1.000000,1.000000,1.000000,0.8193,0.0718,18d224d
ac1180f59335,2026-07-06T16:30:19+00:00,e1_baselines,banknote,rf,5a11822470,4,s4_f1,classical,1097,275,4,,0.996364,0.996732,0.995918,1.000000,0.8178,0.0696,18d224d
0f82b78182b6,2026-07-06T16:30:20+00:00,e1_baselines,banknote,rf,5a11822470,4,s4_f2,classical,1098,274,4,,0.992701,0.992612,0.991803,0.999892,0.8354,0.0742,18d224d
0fbecd62579d,2026-07-06T16:30:21+00:00,e1_baselines,banknote,rf,5a11822470,4,s4_f3,classical,1098,274,4,,0.989051,0.989323,0.987755,0.999676,0.8733,0.0717,18d224d
191e5b797abf,2026-07-06T16:30:22+00:00,e1_baselines,banknote,rf,5a11822470,4,s4_f4,classical,1098,274,4,,0.989051,0.988514,0.987654,0.999784,0.8433,0.0715,18d224d
e5b87bf74ad7,2026-07-06T16:30:25+00:00,e1_baselines,banknote,svm_linear,acc9e9e65a,0,s0_f0,classical,1097,275,4,5,1.000000,1.000000,1.000000,1.000000,0.0086,0.0012,18d224d
12dff7763798,2026-07-06T16:30:25+00:00,e1_baselines,banknote,svm_linear,acc9e9e65a,0,s0_f1,classical,1097,275,4,5,0.989091,0.990196,0.987854,1.000000,0.0062,0.0008,18d224d
4868feefa168,2026-07-06T16:30:25+00:00,e1_baselines,banknote,svm_linear,acc9e9e65a,0,s0_f2,classical,1098,274,4,5,0.992701,0.993421,0.991870,0.999569,0.0066,0.0009,18d224d
90b4ce1abac7,2026-07-06T16:30:25+00:00,e1_baselines,banknote,svm_linear,acc9e9e65a,0,s0_f3,classical,1098,274,4,5,0.989051,0.990132,0.987854,0.999407,0.0062,0.0008,18d224d
99834af243a3,2026-07-06T16:30:25+00:00,e1_baselines,banknote,svm_linear,acc9e9e65a,0,s0_f4,classical,1098,274,4,5,0.985401,0.985224,0.983607,0.999083,0.0051,0.0007,18d224d
1a5fd00c340e,2026-07-06T16:30:25+00:00,e1_baselines,banknote,svm_linear,acc9e9e65a,1,s1_f0,classical,1097,275,4,5,0.989091,0.989366,0.987755,0.999786,0.0067,0.0009,18d224d
a170cde8a38b,2026-07-06T16:30:25+00:00,e1_baselines,banknote,svm_linear,acc9e9e65a,1,s1_f1,classical,1097,275,4,5,0.996364,0.996732,0.995918,0.999893,0.0068,0.0008,18d224d
094a017fb9b6,2026-07-06T16:30:25+00:00,e1_baselines,banknote,svm_linear,acc9e9e65a,1,s1_f2,classical,1098,274,4,5,0.985401,0.986842,0.983871,0.998706,0.0067,0.0007,18d224d
2664d8cd4cb8,2026-07-06T16:30:25+00:00,e1_baselines,banknote,svm_linear,acc9e9e65a,1,s1_f3,classical,1098,274,4,5,0.989051,0.990132,0.987854,0.999838,0.0068,0.0009,18d224d
cdeefb765f77,2026-07-06T16:30:25+00:00,e1_baselines,banknote,svm_linear,acc9e9e65a,1,s1_f4,classical,1098,274,4,5,1.000000,1.000000,1.000000,1.000000,0.0070,0.0009,18d224d
00e2d693faa9,2026-07-06T16:30:25+00:00,e1_baselines,banknote,svm_linear,acc9e9e65a,2,s2_f0,classical,1097,275,4,5,0.981818,0.983660,0.979920,0.999571,0.0070,0.0008,18d224d
33a3e4418106,2026-07-06T16:30:25+00:00,e1_baselines,banknote,svm_linear,acc9e9e65a,2,s2_f1,classical,1097,275,4,5,0.992727,0.991803,0.991736,0.999946,0.0065,0.0008,18d224d
3bc55930caeb,2026-07-06T16:30:25+00:00,e1_baselines,banknote,svm_linear,acc9e9e65a,2,s2_f2,classical,1098,274,4,5,0.992701,0.993421,0.991870,0.999676,0.0069,0.0008,18d224d
efd26f4d6e71,2026-07-06T16:30:25+00:00,e1_baselines,banknote,svm_linear,acc9e9e65a,2,s2_f3,classical,1098,274,4,5,0.992701,0.993421,0.991870,0.999838,0.0065,0.0008,18d224d
8a740b37ce2a,2026-07-06T16:30:25+00:00,e1_baselines,banknote,svm_linear,acc9e9e65a,2,s2_f4,classical,1098,274,4,5,0.992701,0.992612,0.991803,0.999892,0.0065,0.0008,18d224d
1c25b0b843bb,2026-07-06T16:30:25+00:00,e1_baselines,banknote,svm_linear,acc9e9e65a,3,s3_f0,classical,1097,275,4,5,0.989091,0.990196,0.987854,0.999250,0.0065,0.0007,18d224d
31bc65e65ee6,2026-07-06T16:30:25+00:00,e1_baselines,banknote,svm_linear,acc9e9e65a,3,s3_f1,classical,1097,275,4,5,0.992727,0.993464,0.991870,0.999679,0.0068,0.0008,18d224d
c3062cd0e0a3,2026-07-06T16:30:25+00:00,e1_baselines,banknote,svm_linear,acc9e9e65a,3,s3_f2,classical,1098,274,4,5,0.992701,0.992612,0.991803,0.999569,0.0068,0.0008,18d224d
e1d25f57e2aa,2026-07-06T16:30:25+00:00,e1_baselines,banknote,svm_linear,acc9e9e65a,3,s3_f3,classical,1098,274,4,5,0.992701,0.993421,0.991870,0.999784,0.0061,0.0008,18d224d
dae3ad5d11e2,2026-07-06T16:30:26+00:00,e1_baselines,banknote,svm_linear,acc9e9e65a,3,s3_f4,classical,1098,274,4,5,0.992701,0.993421,0.991870,0.999784,0.0055,0.0007,18d224d
13e942bfa71d,2026-07-06T16:30:26+00:00,e1_baselines,banknote,svm_linear,acc9e9e65a,4,s4_f0,classical,1097,275,4,5,1.000000,1.000000,1.000000,1.000000,0.0069,0.0008,18d224d
9b8fa770d58a,2026-07-06T16:30:26+00:00,e1_baselines,banknote,svm_linear,acc9e9e65a,4,s4_f1,classical,1097,275,4,5,0.996364,0.995902,0.995885,0.999839,0.0065,0.0008,18d224d
87daba378200,2026-07-06T16:30:26+00:00,e1_baselines,banknote,svm_linear,acc9e9e65a,4,s4_f2,classical,1098,274,4,5,0.992701,0.993421,0.991870,0.999623,0.0065,0.0008,18d224d
a1286f02342b,2026-07-06T16:30:26+00:00,e1_baselines,banknote,svm_linear,acc9e9e65a,4,s4_f3,classical,1098,274,4,5,0.985401,0.986033,0.983740,0.999245,0.0064,0.0008,18d224d
719c930766f0,2026-07-06T16:30:26+00:00,e1_baselines,banknote,svm_linear,acc9e9e65a,4,s4_f4,classical,1098,274,4,5,0.981752,0.983553,0.979920,0.999353,0.0067,0.0007,18d224d
b15343c8092f,2026-07-06T16:30:28+00:00,e1_baselines,banknote,svm_rbf,8278b8d823,0,s0_f0,classical,1097,275,4,,1.000000,1.000000,1.000000,1.000000,0.0061,0.0017,18d224d
7b92b035db78,2026-07-06T16:30:28+00:00,e1_baselines,banknote,svm_rbf,8278b8d823,0,s0_f1,classical,1097,275,4,,1.000000,1.000000,1.000000,1.000000,0.0042,0.0015,18d224d
681c286874e9,2026-07-06T16:30:28+00:00,e1_baselines,banknote,svm_rbf,8278b8d823,0,s0_f2,classical,1098,274,4,,1.000000,1.000000,1.000000,1.000000,0.0035,0.0015,18d224d
8ad643f6b05a,2026-07-06T16:30:29+00:00,e1_baselines,banknote,svm_rbf,8278b8d823,0,s0_f3,classical,1098,274,4,,1.000000,1.000000,1.000000,1.000000,0.0038,0.0015,18d224d
a7530438234d,2026-07-06T16:30:29+00:00,e1_baselines,banknote,svm_rbf,8278b8d823,0,s0_f4,classical,1098,274,4,,1.000000,1.000000,1.000000,1.000000,0.0035,0.0016,18d224d
da7d51f658d0,2026-07-06T16:30:29+00:00,e1_baselines,banknote,svm_rbf,8278b8d823,1,s1_f0,classical,1097,275,4,,1.000000,1.000000,1.000000,1.000000,0.0039,0.0017,18d224d
0d1a1d8f7c3f,2026-07-06T16:30:29+00:00,e1_baselines,banknote,svm_rbf,8278b8d823,1,s1_f1,classical,1097,275,4,,1.000000,1.000000,1.000000,1.000000,0.0039,0.0016,18d224d
6cadc1629280,2026-07-06T16:30:29+00:00,e1_baselines,banknote,svm_rbf,8278b8d823,1,s1_f2,classical,1098,274,4,,1.000000,1.000000,1.000000,1.000000,0.0037,0.0016,18d224d
5ac870f48974,2026-07-06T16:30:29+00:00,e1_baselines,banknote,svm_rbf,8278b8d823,1,s1_f3,classical,1098,274,4,,1.000000,1.000000,1.000000,1.000000,0.0041,0.0015,18d224d
ad27c98cd160,2026-07-06T16:30:29+00:00,e1_baselines,banknote,svm_rbf,8278b8d823,1,s1_f4,classical,1098,274,4,,1.000000,1.000000,1.000000,1.000000,0.0043,0.0015,18d224d
690ee9cf4626,2026-07-06T16:30:29+00:00,e1_baselines,banknote,svm_rbf,8278b8d823,2,s2_f0,classical,1097,275,4,,1.000000,1.000000,1.000000,1.000000,0.0040,0.0016,18d224d
490859308792,2026-07-06T16:30:29+00:00,e1_baselines,banknote,svm_rbf,8278b8d823,2,s2_f1,classical,1097,275,4,,1.000000,1.000000,1.000000,1.000000,0.0034,0.0015,18d224d
ade24a84359a,2026-07-06T16:30:29+00:00,e1_baselines,banknote,svm_rbf,8278b8d823,2,s2_f2,classical,1098,274,4,,1.000000,1.000000,1.000000,1.000000,0.0035,0.0018,18d224d
7f4b5f4b6b08,2026-07-06T16:30:29+00:00,e1_baselines,banknote,svm_rbf,8278b8d823,2,s2_f3,classical,1098,274,4,,1.000000,1.000000,1.000000,1.000000,0.0042,0.0016,18d224d
9a3d2ebac955,2026-07-06T16:30:29+00:00,e1_baselines,banknote,svm_rbf,8278b8d823,2,s2_f4,classical,1098,274,4,,1.000000,1.000000,1.000000,1.000000,0.0044,0.0015,18d224d
c22fa3b62006,2026-07-06T16:30:29+00:00,e1_baselines,banknote,svm_rbf,8278b8d823,3,s3_f0,classical,1097,275,4,,1.000000,1.000000,1.000000,1.000000,0.0047,0.0017,18d224d
cdca189bfde3,2026-07-06T16:30:29+00:00,e1_baselines,banknote,svm_rbf,8278b8d823,3,s3_f1,classical,1097,275,4,,1.000000,1.000000,1.000000,1.000000,0.0037,0.0015,18d224d
6b6e8133cbd1,2026-07-06T16:30:29+00:00,e1_baselines,banknote,svm_rbf,8278b8d823,3,s3_f2,classical,1098,274,4,,1.000000,1.000000,1.000000,1.000000,0.0033,0.0016,18d224d
b7e202cf9653,2026-07-06T16:30:29+00:00,e1_baselines,banknote,svm_rbf,8278b8d823,3,s3_f3,classical,1098,274,4,,1.000000,1.000000,1.000000,1.000000,0.0036,0.0016,18d224d
1688d296a378,2026-07-06T16:30:29+00:00,e1_baselines,banknote,svm_rbf,8278b8d823,3,s3_f4,classical,1098,274,4,,1.000000,1.000000,1.000000,1.000000,0.0042,0.0017,18d224d
f1da46b31ee0,2026-07-06T16:30:29+00:00,e1_baselines,banknote,svm_rbf,8278b8d823,4,s4_f0,classical,1097,275,4,,1.000000,1.000000,1.000000,1.000000,0.0038,0.0015,18d224d
84733b43b247,2026-07-06T16:30:29+00:00,e1_baselines,banknote,svm_rbf,8278b8d823,4,s4_f1,classical,1097,275,4,,1.000000,1.000000,1.000000,1.000000,0.0038,0.0015,18d224d
0629a0452780,2026-07-06T16:30:29+00:00,e1_baselines,banknote,svm_rbf,8278b8d823,4,s4_f2,classical,1098,274,4,,1.000000,1.000000,1.000000,1.000000,0.0040,0.0016,18d224d
7829292fb74b,2026-07-06T16:30:29+00:00,e1_baselines,banknote,svm_rbf,8278b8d823,4,s4_f3,classical,1098,274,4,,1.000000,1.000000,1.000000,1.000000,0.0039,0.0016,18d224d
ff63a0d1cdfb,2026-07-06T16:30:29+00:00,e1_baselines,banknote,svm_rbf,8278b8d823,4,s4_f4,classical,1098,274,4,,1.000000,1.000000,1.000000,1.000000,0.0039,0.0015,18d224d
e58a56e671b3,2026-07-06T16:30:32+00:00,e1_baselines,banknote,xgboost,c1e5e5b259,0,s0_f0,classical,1097,275,4,,0.996364,0.996732,0.995918,1.000000,0.0397,0.0026,18d224d
fbbc9192a567,2026-07-06T16:30:32+00:00,e1_baselines,banknote,xgboost,c1e5e5b259,0,s0_f1,classical,1097,275,4,,0.996364,0.996732,0.995918,1.000000,0.0373,0.0022,18d224d
d09f507ef6b4,2026-07-06T16:30:32+00:00,e1_baselines,banknote,xgboost,c1e5e5b259,0,s0_f2,classical,1098,274,4,,0.996350,0.996711,0.995918,1.000000,0.0360,0.0022,18d224d
6d5c35d648c9,2026-07-06T16:30:32+00:00,e1_baselines,banknote,xgboost,c1e5e5b259,0,s0_f3,classical,1098,274,4,,0.996350,0.996711,0.995918,0.999892,0.0373,0.0023,18d224d
6c5ae21ec4fe,2026-07-06T16:30:32+00:00,e1_baselines,banknote,xgboost,c1e5e5b259,0,s0_f4,classical,1098,274,4,,0.996350,0.995902,0.995885,1.000000,0.0361,0.0021,18d224d
8ddb125f5667,2026-07-06T16:30:32+00:00,e1_baselines,banknote,xgboost,c1e5e5b259,1,s1_f0,classical,1097,275,4,,1.000000,1.000000,1.000000,1.000000,0.0366,0.0022,18d224d
da53d6cc97dc,2026-07-06T16:30:32+00:00,e1_baselines,banknote,xgboost,c1e5e5b259,1,s1_f1,classical,1097,275,4,,0.996364,0.996732,0.995918,0.999679,0.0363,0.0022,18d224d
89c25f5ecd70,2026-07-06T16:30:32+00:00,e1_baselines,banknote,xgboost,c1e5e5b259,1,s1_f2,classical,1098,274,4,,0.996350,0.996711,0.995918,1.000000,0.0361,0.0021,18d224d
9118351cfe26,2026-07-06T16:30:32+00:00,e1_baselines,banknote,xgboost,c1e5e5b259,1,s1_f3,classical,1098,274,4,,1.000000,1.000000,1.000000,1.000000,0.0398,0.0022,18d224d
fc25f58d6c74,2026-07-06T16:30:32+00:00,e1_baselines,banknote,xgboost,c1e5e5b259,1,s1_f4,classical,1098,274,4,,0.996350,0.996711,0.995918,1.000000,0.0370,0.0023,18d224d
ccfb6c7c8385,2026-07-06T16:30:32+00:00,e1_baselines,banknote,xgboost,c1e5e5b259,2,s2_f0,classical,1097,275,4,,0.996364,0.996732,0.995918,0.999839,0.0360,0.0021,18d224d
33bf03f6666a,2026-07-06T16:30:32+00:00,e1_baselines,banknote,xgboost,c1e5e5b259,2,s2_f1,classical,1097,275,4,,0.992727,0.991803,0.991736,1.000000,0.0362,0.0021,18d224d
be5148dbf8b7,2026-07-06T16:30:33+00:00,e1_baselines,banknote,xgboost,c1e5e5b259,2,s2_f2,classical,1098,274,4,,0.996350,0.996711,0.995918,1.000000,0.0385,0.0021,18d224d
cc905606b556,2026-07-06T16:30:33+00:00,e1_baselines,banknote,xgboost,c1e5e5b259,2,s2_f3,classical,1098,274,4,,0.996350,0.996711,0.995918,1.000000,0.0359,0.0020,18d224d
b4b7d4b5b93d,2026-07-06T16:30:33+00:00,e1_baselines,banknote,xgboost,c1e5e5b259,2,s2_f4,classical,1098,274,4,,1.000000,1.000000,1.000000,1.000000,0.0375,0.0025,18d224d
8148e3a0264a,2026-07-06T16:30:33+00:00,e1_baselines,banknote,xgboost,c1e5e5b259,3,s3_f0,classical,1097,275,4,,0.992727,0.993464,0.991870,1.000000,0.0396,0.0024,18d224d
1a31e40b4675,2026-07-06T16:30:33+00:00,e1_baselines,banknote,xgboost,c1e5e5b259,3,s3_f1,classical,1097,275,4,,0.996364,0.996732,0.995918,1.000000,0.0391,0.0021,18d224d
788c6fde0ac4,2026-07-06T16:30:33+00:00,e1_baselines,banknote,xgboost,c1e5e5b259,3,s3_f2,classical,1098,274,4,,1.000000,1.000000,1.000000,1.000000,0.0358,0.0021,18d224d
2272873ce957,2026-07-06T16:30:33+00:00,e1_baselines,banknote,xgboost,c1e5e5b259,3,s3_f3,classical,1098,274,4,,1.000000,1.000000,1.000000,1.000000,0.0376,0.0022,18d224d
f67f2ed5811e,2026-07-06T16:30:33+00:00,e1_baselines,banknote,xgboost,c1e5e5b259,3,s3_f4,classical,1098,274,4,,1.000000,1.000000,1.000000,1.000000,0.0361,0.0021,18d224d
0dd406106279,2026-07-06T16:30:33+00:00,e1_baselines,banknote,xgboost,c1e5e5b259,4,s4_f0,classical,1097,275,4,,0.996364,0.996732,0.995918,1.000000,0.0370,0.0024,18d224d
b347ab8dfb03,2026-07-06T16:30:33+00:00,e1_baselines,banknote,xgboost,c1e5e5b259,4,s4_f1,classical,1097,275,4,,1.000000,1.000000,1.000000,1.000000,0.0364,0.0023,18d224d
c5a9042a11bf,2026-07-06T16:30:33+00:00,e1_baselines,banknote,xgboost,c1e5e5b259,4,s4_f2,classical,1098,274,4,,1.000000,1.000000,1.000000,1.000000,0.0372,0.0024,18d224d
d604d3c439c8,2026-07-06T16:30:33+00:00,e1_baselines,banknote,xgboost,c1e5e5b259,4,s4_f3,classical,1098,274,4,,0.996350,0.996711,0.995918,1.000000,0.0389,0.0034,18d224d
7a18f2a92a9c,2026-07-06T16:30:33+00:00,e1_baselines,banknote,xgboost,c1e5e5b259,4,s4_f4,classical,1098,274,4,,0.996350,0.996711,0.995918,1.000000,0.0428,0.0033,18d224d
915a7af2ea58,2026-07-06T16:30:36+00:00,e1_baselines,breast_cancer,knn,35af39a386,0,s0_f0,classical,455,114,30,,0.947368,0.934818,0.958904,0.968883,0.0013,0.0202,18d224d
def5b47cbd42,2026-07-06T16:30:36+00:00,e1_baselines,breast_cancer,knn,35af39a386,0,s0_f1,classical,455,114,30,,0.991228,0.988372,0.993007,0.987062,0.0007,0.0027,18d224d
884a6468e67d,2026-07-06T16:30:36+00:00,e1_baselines,breast_cancer,knn,35af39a386,0,s0_f2,classical,455,114,30,,0.973684,0.964286,0.979592,0.985284,0.0005,0.0024,18d224d
abb90ac47702,2026-07-06T16:30:36+00:00,e1_baselines,breast_cancer,knn,35af39a386,0,s0_f3,classical,455,114,30,,0.973684,0.969246,0.979310,0.984292,0.0005,0.0026,18d224d
756e9eddd82b,2026-07-06T16:30:36+00:00,e1_baselines,breast_cancer,knn,35af39a386,0,s0_f4,classical,456,113,30,,0.982301,0.976190,0.986111,0.996647,0.0006,0.0023,18d224d
c08c3298b258,2026-07-06T16:30:36+00:00,e1_baselines,breast_cancer,knn,35af39a386,1,s1_f0,classical,455,114,30,,0.956140,0.951032,0.965035,0.994432,0.0006,0.0024,18d224d
aaef8468f2fc,2026-07-06T16:30:36+00:00,e1_baselines,breast_cancer,knn,35af39a386,1,s1_f1,classical,455,114,30,,0.991228,0.988372,0.993007,0.999672,0.0005,0.0023,18d224d
9b3be2f719b5,2026-07-06T16:30:36+00:00,e1_baselines,breast_cancer,knn,35af39a386,1,s1_f2,classical,455,114,30,,0.973684,0.969246,0.979310,0.986111,0.0006,0.0023,18d224d
6572f2a0fcbb,2026-07-06T16:30:36+00:00,e1_baselines,breast_cancer,knn,35af39a386,1,s1_f3,classical,455,114,30,,0.982456,0.976190,0.986301,0.985946,0.0005,0.0024,18d224d
7fb6a7ff5579,2026-07-06T16:30:36+00:00,e1_baselines,breast_cancer,knn,35af39a386,1,s1_f4,classical,456,113,30,,0.964602,0.957243,0.972222,0.961268,0.0005,0.0023,18d224d
1225afc2b2db,2026-07-06T16:30:36+00:00,e1_baselines,breast_cancer,knn,35af39a386,2,s2_f0,classical,455,114,30,,0.973684,0.969702,0.979021,0.985424,0.0007,0.0023,18d224d
0f10721d0c19,2026-07-06T16:30:36+00:00,e1_baselines,breast_cancer,knn,35af39a386,2,s2_f1,classical,455,114,30,,0.956140,0.946446,0.965517,0.985260,0.0005,0.0022,18d224d
61c0cb3c13e9,2026-07-06T16:30:36+00:00,e1_baselines,breast_cancer,knn,35af39a386,2,s2_f2,classical,455,114,30,,0.947368,0.928571,0.960000,0.966270,0.0005,0.0022,18d224d
fa6c0a79ac73,2026-07-06T16:30:36+00:00,e1_baselines,breast_cancer,knn,35af39a386,2,s2_f3,classical,455,114,30,,0.991228,0.993056,0.993007,1.000000,0.0005,0.0021,18d224d
a33f25e33314,2026-07-06T16:30:36+00:00,e1_baselines,breast_cancer,knn,35af39a386,2,s2_f4,classical,456,113,30,,0.973451,0.969148,0.979021,0.983400,0.0005,0.0024,18d224d
8474f0a66bfd,2026-07-06T16:30:36+00:00,e1_baselines,breast_cancer,knn,35af39a386,3,s3_f0,classical,455,114,30,,0.982456,0.976744,0.986111,0.987717,0.0005,0.0020,18d224d
66bc78b089b1,2026-07-06T16:30:36+00:00,e1_baselines,breast_cancer,knn,35af39a386,3,s3_f1,classical,455,114,30,,0.964912,0.953488,0.972603,0.969866,0.0006,0.0029,18d224d
2148d35b8a22,2026-07-06T16:30:36+00:00,e1_baselines,breast_cancer,knn,35af39a386,3,s3_f2,classical,455,114,30,,0.973684,0.974206,0.979021,0.987103,0.0005,0.0022,18d224d
f3289f466ddc,2026-07-06T16:30:36+00:00,e1_baselines,breast_cancer,knn,35af39a386,3,s3_f3,classical,455,114,30,,0.973684,0.964286,0.979592,0.994048,0.0006,0.0022,18d224d
07b68e0cde82,2026-07-06T16:30:36+00:00,e1_baselines,breast_cancer,knn,35af39a386,3,s3_f4,classical,456,113,30,,0.973451,0.969148,0.979021,0.997988,0.0005,0.0023,18d224d
18de4e2f126c,2026-07-06T16:30:36+00:00,e1_baselines,breast_cancer,knn,35af39a386,4,s4_f0,classical,455,114,30,,0.956140,0.946446,0.965517,0.972159,0.0005,0.0021,18d224d
f260c3b2e670,2026-07-06T16:30:36+00:00,e1_baselines,breast_cancer,knn,35af39a386,4,s4_f1,classical,455,114,30,,0.973684,0.965116,0.979310,0.984442,0.0005,0.0022,18d224d
3f5132011ba5,2026-07-06T16:30:36+00:00,e1_baselines,breast_cancer,knn,35af39a386,4,s4_f2,classical,455,114,30,,0.956140,0.950397,0.965517,0.996693,0.0005,0.0021,18d224d
3bc54c9ec4cd,2026-07-06T16:30:36+00:00,e1_baselines,breast_cancer,knn,35af39a386,4,s4_f3,classical,455,114,30,,0.982456,0.981151,0.986111,0.986442,0.0005,0.0021,18d224d
90670ddb4afc,2026-07-06T16:30:36+00:00,e1_baselines,breast_cancer,knn,35af39a386,4,s4_f4,classical,456,113,30,,0.964602,0.957243,0.972222,0.997988,0.0006,0.0022,18d224d
6e3f04aadf65,2026-07-06T16:30:39+00:00,e1_baselines,breast_cancer,logreg,05a583aef8,0,s0_f0,classical,455,114,30,31,0.956140,0.951032,0.965035,0.985260,0.0085,0.0006,18d224d
399a60408de7,2026-07-06T16:30:39+00:00,e1_baselines,breast_cancer,logreg,05a583aef8,0,s0_f1,classical,455,114,30,31,0.991228,0.988372,0.993007,1.000000,0.0056,0.0004,18d224d
af5711aff486,2026-07-06T16:30:39+00:00,e1_baselines,breast_cancer,logreg,05a583aef8,0,s0_f2,classical,455,114,30,31,0.982456,0.976190,0.986301,0.998016,0.0054,0.0004,18d224d
5bb1f2569a68,2026-07-06T16:30:39+00:00,e1_baselines,breast_cancer,logreg,05a583aef8,0,s0_f3,classical,455,114,30,31,0.991228,0.988095,0.993103,0.996362,0.0052,0.0004,18d224d
fd3f960bd0d4,2026-07-06T16:30:39+00:00,e1_baselines,breast_cancer,logreg,05a583aef8,0,s0_f4,classical,456,113,30,31,0.973451,0.969148,0.979021,0.996647,0.0057,0.0004,18d224d
3e68a233949f,2026-07-06T16:30:39+00:00,e1_baselines,breast_cancer,logreg,05a583aef8,1,s1_f0,classical,455,114,30,31,0.991228,0.988372,0.993007,0.996069,0.0053,0.0004,18d224d
b3119ba0f95f,2026-07-06T16:30:39+00:00,e1_baselines,breast_cancer,logreg,05a583aef8,1,s1_f1,classical,455,114,30,31,0.973684,0.974288,0.978723,0.999345,0.0052,0.0004,18d224d
1caedab5be13,2026-07-06T16:30:39+00:00,e1_baselines,breast_cancer,logreg,05a583aef8,1,s1_f2,classical,455,114,30,31,0.982456,0.976190,0.986301,0.986111,0.0055,0.0004,18d224d
195fd3e3cc6b,2026-07-06T16:30:39+00:00,e1_baselines,breast_cancer,logreg,05a583aef8,1,s1_f3,classical,455,114,30,31,0.973684,0.964286,0.979592,0.995701,0.0063,0.0004,18d224d
4e591674e52a,2026-07-06T16:30:40+00:00,e1_baselines,breast_cancer,logreg,05a583aef8,1,s1_f4,classical,456,113,30,31,0.991150,0.988095,0.993007,0.997988,0.0068,0.0004,18d224d
85d036ecdf9f,2026-07-06T16:30:40+00:00,e1_baselines,breast_cancer,logreg,05a583aef8,2,s2_f0,classical,455,114,30,31,0.973684,0.965116,0.979310,0.994759,0.0053,0.0004,18d224d
581fda9982d3,2026-07-06T16:30:40+00:00,e1_baselines,breast_cancer,logreg,05a583aef8,2,s2_f1,classical,455,114,30,31,0.982456,0.976744,0.986111,0.998362,0.0051,0.0003,18d224d
5912bdc82e40,2026-07-06T16:30:40+00:00,e1_baselines,breast_cancer,logreg,05a583aef8,2,s2_f2,classical,455,114,30,31,0.929825,0.914683,0.945946,0.985119,0.0054,0.0004,18d224d
87f83344c41e,2026-07-06T16:30:40+00:00,e1_baselines,breast_cancer,logreg,05a583aef8,2,s2_f3,classical,455,114,30,31,1.000000,1.000000,1.000000,1.000000,0.0057,0.0004,18d224d
c49b7072c49b,2026-07-06T16:30:40+00:00,e1_baselines,breast_cancer,logreg,05a583aef8,2,s2_f4,classical,456,113,30,31,0.991150,0.992958,0.992908,1.000000,0.0067,0.0004,18d224d
faeb4c8d502b,2026-07-06T16:30:40+00:00,e1_baselines,breast_cancer,logreg,05a583aef8,3,s3_f0,classical,455,114,30,31,0.973684,0.969702,0.979021,0.999017,0.0061,0.0004,18d224d
493471325f44,2026-07-06T16:30:40+00:00,e1_baselines,breast_cancer,logreg,05a583aef8,3,s3_f1,classical,455,114,30,31,0.973684,0.969702,0.979021,0.986243,0.0061,0.0004,18d224d
37e0631b052f,2026-07-06T16:30:40+00:00,e1_baselines,breast_cancer,logreg,05a583aef8,3,s3_f2,classical,455,114,30,31,0.991228,0.988095,0.993103,0.997685,0.0059,0.0004,18d224d
8081965019a9,2026-07-06T16:30:40+00:00,e1_baselines,breast_cancer,logreg,05a583aef8,3,s3_f3,classical,455,114,30,31,0.973684,0.964286,0.979592,0.993386,0.0059,0.0004,18d224d
d63d586664a2,2026-07-06T16:30:40+00:00,e1_baselines,breast_cancer,logreg,05a583aef8,3,s3_f4,classical,456,113,30,31,0.991150,0.988095,0.993007,0.998323,0.0062,0.0003,18d224d
f68bae130c5a,2026-07-06T16:30:40+00:00,e1_baselines,breast_cancer,logreg,05a583aef8,4,s4_f0,classical,455,114,30,31,0.973684,0.965116,0.979310,0.986571,0.0052,0.0004,18d224d
b5887bd34529,2026-07-06T16:30:40+00:00,e1_baselines,breast_cancer,logreg,05a583aef8,4,s4_f1,classical,455,114,30,31,0.982456,0.981330,0.985915,0.996725,0.0053,0.0004,18d224d
d8c7ef7a7e50,2026-07-06T16:30:40+00:00,e1_baselines,breast_cancer,logreg,05a583aef8,4,s4_f2,classical,455,114,30,31,0.991228,0.988095,0.993103,0.998016,0.0060,0.0004,18d224d
2e91860a8f2f,2026-07-06T16:30:40+00:00,e1_baselines,breast_cancer,logreg,05a583aef8,4,s4_f3,classical,455,114,30,31,0.982456,0.986111,0.985915,0.999339,0.0062,0.0003,18d224d
aca722620122,2026-07-06T16:30:40+00:00,e1_baselines,breast_cancer,logreg,05a583aef8,4,s4_f4,classical,456,113,30,31,0.991150,0.988095,0.993007,0.997317,0.0061,0.0003,18d224d
9c9d1494efa8,2026-07-06T16:30:43+00:00,e1_baselines,breast_cancer,mlp,5ea34409f0,0,s0_f0,classical,455,114,30,865,0.947368,0.930233,0.959459,0.972814,0.2117,0.0008,18d224d
67fad2e1517a,2026-07-06T16:30:43+00:00,e1_baselines,breast_cancer,mlp,5ea34409f0,0,s0_f1,classical,455,114,30,865,0.982456,0.981330,0.985915,0.989846,0.1558,0.0007,18d224d
432c660e8d5b,2026-07-06T16:30:43+00:00,e1_baselines,breast_cancer,mlp,5ea34409f0,0,s0_f2,classical,455,114,30,865,0.964912,0.957341,0.972603,0.996032,0.1085,0.0006,18d224d
579ccf075ce9,2026-07-06T16:30:43+00:00,e1_baselines,breast_cancer,mlp,5ea34409f0,0,s0_f3,classical,455,114,30,865,0.947368,0.928571,0.960000,0.997024,0.1169,0.0006,18d224d
d607636f2b40,2026-07-06T16:30:43+00:00,e1_baselines,breast_cancer,mlp,5ea34409f0,0,s0_f4,classical,456,113,30,865,0.982301,0.981053,0.985915,0.995976,0.0972,0.0006,18d224d
a3d67553a92f,2026-07-06T16:30:43+00:00,e1_baselines,breast_cancer,mlp,5ea34409f0,1,s1_f0,classical,455,114,30,865,0.956140,0.960203,0.964029,0.997380,0.1585,0.0007,18d224d
4eac2175457f,2026-07-06T16:30:44+00:00,e1_baselines,breast_cancer,mlp,5ea34409f0,1,s1_f1,classical,455,114,30,865,0.973684,0.978873,0.978417,1.000000,0.1052,0.0006,18d224d
595ea489b3ad,2026-07-06T16:30:44+00:00,e1_baselines,breast_cancer,mlp,5ea34409f0,1,s1_f2,classical,455,114,30,865,0.973684,0.964286,0.979592,0.985450,0.1223,0.0007,18d224d
332dce6febb0,2026-07-06T16:30:44+00:00,e1_baselines,breast_cancer,mlp,5ea34409f0,1,s1_f3,classical,455,114,30,865,0.938596,0.931548,0.951724,0.980820,0.2522,0.0005,18d224d
aae60e032f0c,2026-07-06T16:30:44+00:00,e1_baselines,breast_cancer,mlp,5ea34409f0,1,s1_f4,classical,456,113,30,865,0.982301,0.976190,0.986111,0.997317,0.1166,0.0005,18d224d
5286ee8f26c5,2026-07-06T16:30:44+00:00,e1_baselines,breast_cancer,mlp,5ea34409f0,2,s2_f0,classical,455,114,30,865,0.964912,0.962660,0.971831,0.976417,0.1289,0.0006,18d224d
602cca4a0f38,2026-07-06T16:30:44+00:00,e1_baselines,breast_cancer,mlp,5ea34409f0,2,s2_f1,classical,455,114,30,865,0.973684,0.969702,0.979021,0.995742,0.1379,0.0005,18d224d
b6ecb4fea603,2026-07-06T16:30:45+00:00,e1_baselines,breast_cancer,mlp,5ea34409f0,2,s2_f2,classical,455,114,30,865,0.947368,0.938492,0.958904,0.985119,0.1501,0.0005,18d224d
f998a6a86ad6,2026-07-06T16:30:45+00:00,e1_baselines,breast_cancer,mlp,5ea34409f0,2,s2_f3,classical,455,114,30,865,1.000000,1.000000,1.000000,1.000000,0.1211,0.0006,18d224d
9606850d8d38,2026-07-06T16:30:45+00:00,e1_baselines,breast_cancer,mlp,5ea34409f0,2,s2_f4,classical,456,113,30,865,0.982301,0.985915,0.985714,0.999329,0.1440,0.0005,18d224d
143133667365,2026-07-06T16:30:45+00:00,e1_baselines,breast_cancer,mlp,5ea34409f0,3,s3_f0,classical,455,114,30,865,0.973684,0.974288,0.978723,0.979037,0.1082,0.0005,18d224d
bf9a46611754,2026-07-06T16:30:45+00:00,e1_baselines,breast_cancer,mlp,5ea34409f0,3,s3_f1,classical,455,114,30,865,0.973684,0.974288,0.978723,0.989191,0.1476,0.0006,18d224d
5d056a24a1d1,2026-07-06T16:30:45+00:00,e1_baselines,breast_cancer,mlp,5ea34409f0,3,s3_f2,classical,455,114,30,865,0.964912,0.962302,0.972222,0.996693,0.1948,0.0006,18d224d
0eef5d9a3609,2026-07-06T16:30:45+00:00,e1_baselines,breast_cancer,mlp,5ea34409f0,3,s3_f3,classical,455,114,30,865,0.991228,0.988095,0.993103,0.999669,0.1090,0.0006,18d224d
91c0a721f722,2026-07-06T16:30:46+00:00,e1_baselines,breast_cancer,mlp,5ea34409f0,3,s3_f4,classical,456,113,30,865,0.973451,0.969148,0.979021,0.982227,0.1615,0.0006,18d224d
8b5b2f32eefd,2026-07-06T16:30:46+00:00,e1_baselines,breast_cancer,mlp,5ea34409f0,4,s4_f0,classical,455,114,30,865,0.938596,0.936947,0.950355,0.984278,0.1751,0.0005,18d224d
18b1097cf5a1,2026-07-06T16:30:46+00:00,e1_baselines,breast_cancer,mlp,5ea34409f0,4,s4_f1,classical,455,114,30,865,0.964912,0.962660,0.971831,0.996725,0.2268,0.0006,18d224d
7d24b7588744,2026-07-06T16:30:46+00:00,e1_baselines,breast_cancer,mlp,5ea34409f0,4,s4_f2,classical,455,114,30,865,0.991228,0.988095,0.993103,0.997685,0.1461,0.0006,18d224d
54949a209ec2,2026-07-06T16:30:46+00:00,e1_baselines,breast_cancer,mlp,5ea34409f0,4,s4_f3,classical,455,114,30,865,0.982456,0.981151,0.986111,0.999669,0.2060,0.0006,18d224d
efdd8b81b393,2026-07-06T16:30:46+00:00,e1_baselines,breast_cancer,mlp,5ea34409f0,4,s4_f4,classical,456,113,30,865,0.982301,0.981053,0.985915,0.989940,0.1218,0.0007,18d224d
54a04c006023,2026-07-06T16:30:50+00:00,e1_baselines,breast_cancer,rf,1d43ac85cd,0,s0_f0,classical,455,114,30,,0.929825,0.925319,0.943662,0.979692,0.7162,0.0640,18d224d
12158db26960,2026-07-06T16:30:51+00:00,e1_baselines,breast_cancer,rf,1d43ac85cd,0,s0_f1,classical,455,114,30,,0.964912,0.967245,0.971429,0.998362,0.7189,0.0612,18d224d
5a9c4a44fc4e,2026-07-06T16:30:52+00:00,e1_baselines,breast_cancer,rf,1d43ac85cd,0,s0_f2,classical,455,114,30,,0.956140,0.940476,0.966443,0.982804,0.6997,0.0617,18d224d
a968e009f12a,2026-07-06T16:30:52+00:00,e1_baselines,breast_cancer,rf,1d43ac85cd,0,s0_f3,classical,455,114,30,,0.947368,0.938492,0.958904,0.995370,0.6842,0.0610,18d224d
1f2a9a3fff7f,2026-07-06T16:30:53+00:00,e1_baselines,breast_cancer,rf,1d43ac85cd,0,s0_f4,classical,456,113,30,,0.982301,0.981053,0.985915,0.998994,0.7020,0.0642,18d224d
6c7b008e15c4,2026-07-06T16:30:54+00:00,e1_baselines,breast_cancer,rf,1d43ac85cd,1,s1_f0,classical,455,114,30,,0.938596,0.936947,0.950355,0.992794,0.7140,0.0660,18d224d
93c3cbd880ea,2026-07-06T16:30:55+00:00,e1_baselines,breast_cancer,rf,1d43ac85cd,1,s1_f1,classical,455,114,30,,0.973684,0.969702,0.979021,0.999017,0.7037,0.0627,18d224d
212faa053f13,2026-07-06T16:30:56+00:00,e1_baselines,breast_cancer,rf,1d43ac85cd,1,s1_f2,classical,455,114,30,,0.938596,0.931548,0.951724,0.985119,0.6940,0.0625,18d224d
c3a80f81442c,2026-07-06T16:30:56+00:00,e1_baselines,breast_cancer,rf,1d43ac85cd,1,s1_f3,classical,455,114,30,,0.973684,0.964286,0.979592,0.990079,0.7030,0.0607,18d224d
6dadc4bda036,2026-07-06T16:30:57+00:00,e1_baselines,breast_cancer,rf,1d43ac85cd,1,s1_f4,classical,456,113,30,,0.938053,0.926392,0.951724,0.983903,0.6808,0.0611,18d224d
991404ccbafa,2026-07-06T16:30:58+00:00,e1_baselines,breast_cancer,rf,1d43ac85cd,2,s2_f0,classical,455,114,30,,0.938596,0.932362,0.951049,0.980675,0.6722,0.0606,18d224d
023c3a4d7eba,2026-07-06T16:30:59+00:00,e1_baselines,breast_cancer,rf,1d43ac85cd,2,s2_f1,classical,455,114,30,,0.956140,0.951032,0.965035,0.992794,0.6983,0.0612,18d224d
425602229672,2026-07-06T16:30:59+00:00,e1_baselines,breast_cancer,rf,1d43ac85cd,2,s2_f2,classical,455,114,30,,0.921053,0.902778,0.939597,0.986772,0.6821,0.0611,18d224d
71fd8bebd77e,2026-07-06T16:31:00+00:00,e1_baselines,breast_cancer,rf,1d43ac85cd,2,s2_f3,classical,455,114,30,,0.982456,0.986111,0.985915,0.999339,0.6986,0.0618,18d224d
9c9785bcfb16,2026-07-06T16:31:01+00:00,e1_baselines,breast_cancer,rf,1d43ac85cd,2,s2_f4,classical,456,113,30,,0.982301,0.976190,0.986111,0.997988,0.7030,0.0634,18d224d
0386ad7cec68,2026-07-06T16:31:02+00:00,e1_baselines,breast_cancer,rf,1d43ac85cd,3,s3_f0,classical,455,114,30,,0.921053,0.904520,0.938776,0.990174,0.7052,0.0627,18d224d
b70aa410bcf7,2026-07-06T16:31:02+00:00,e1_baselines,breast_cancer,rf,1d43ac85cd,3,s3_f1,classical,455,114,30,,0.947368,0.943990,0.957746,0.989191,0.7238,0.0618,18d224d
f3bb2e1c8a4e,2026-07-06T16:31:03+00:00,e1_baselines,breast_cancer,rf,1d43ac85cd,3,s3_f2,classical,455,114,30,,0.964912,0.967262,0.971831,0.983135,0.7044,0.0620,18d224d
1703789a0083,2026-07-06T16:31:04+00:00,e1_baselines,breast_cancer,rf,1d43ac85cd,3,s3_f3,classical,455,114,30,,0.973684,0.969246,0.979310,0.991733,0.7075,0.0613,18d224d
33e3675f7b69,2026-07-06T16:31:05+00:00,e1_baselines,breast_cancer,rf,1d43ac85cd,3,s3_f4,classical,456,113,30,,0.982301,0.976190,0.986111,0.997653,0.7364,0.0776,18d224d
4ed4e8a82439,2026-07-06T16:31:06+00:00,e1_baselines,breast_cancer,rf,1d43ac85cd,4,s4_f0,classical,455,114,30,,0.938596,0.927776,0.951724,0.978054,0.6998,0.0618,18d224d
5fd3ec6686fe,2026-07-06T16:31:06+00:00,e1_baselines,breast_cancer,rf,1d43ac85cd,4,s4_f1,classical,455,114,30,,0.938596,0.936947,0.950355,0.981002,0.6906,0.0616,18d224d
8cdd0a045280,2026-07-06T16:31:07+00:00,e1_baselines,breast_cancer,rf,1d43ac85cd,4,s4_f2,classical,455,114,30,,0.973684,0.964286,0.979592,0.998347,0.6920,0.0609,18d224d
b84268295b32,2026-07-06T16:31:08+00:00,e1_baselines,breast_cancer,rf,1d43ac85cd,4,s4_f3,classical,455,114,30,,0.956140,0.960317,0.964539,0.996693,0.7002,0.0623,18d224d
5c7739c032da,2026-07-06T16:31:09+00:00,e1_baselines,breast_cancer,rf,1d43ac85cd,4,s4_f4,classical,456,113,30,,0.973451,0.969148,0.979021,0.997653,0.7066,0.0630,18d224d
5d9ef2edcfcd,2026-07-06T16:31:12+00:00,e1_baselines,breast_cancer,svm_linear,c1f5609c98,0,s0_f0,classical,455,114,30,31,0.964912,0.953488,0.972603,0.984605,0.0033,0.0009,18d224d
cff9b15013b1,2026-07-06T16:31:12+00:00,e1_baselines,breast_cancer,svm_linear,c1f5609c98,0,s0_f1,classical,455,114,30,31,0.991228,0.988372,0.993007,0.999345,0.0025,0.0006,18d224d
f29271f38fbd,2026-07-06T16:31:12+00:00,e1_baselines,breast_cancer,svm_linear,c1f5609c98,0,s0_f2,classical,455,114,30,31,0.973684,0.964286,0.979592,0.998347,0.0025,0.0007,18d224d
276e0fc86995,2026-07-06T16:31:12+00:00,e1_baselines,breast_cancer,svm_linear,c1f5609c98,0,s0_f3,classical,455,114,30,31,0.991228,0.988095,0.993103,0.995040,0.0025,0.0006,18d224d
e588905690ad,2026-07-06T16:31:12+00:00,e1_baselines,breast_cancer,svm_linear,c1f5609c98,0,s0_f4,classical,456,113,30,31,0.982301,0.981053,0.985915,0.994970,0.0025,0.0006,18d224d
c506363026e7,2026-07-06T16:31:12+00:00,e1_baselines,breast_cancer,svm_linear,c1f5609c98,1,s1_f0,classical,455,114,30,31,0.982456,0.976744,0.986111,0.992139,0.0023,0.0006,18d224d
e37ca7ce5836,2026-07-06T16:31:12+00:00,e1_baselines,breast_cancer,svm_linear,c1f5609c98,1,s1_f1,classical,455,114,30,31,0.982456,0.985915,0.985714,0.999345,0.0025,0.0006,18d224d
1194742af63c,2026-07-06T16:31:12+00:00,e1_baselines,breast_cancer,svm_linear,c1f5609c98,1,s1_f2,classical,455,114,30,31,0.973684,0.964286,0.979592,0.984458,0.0022,0.0006,18d224d
1f159ce6a5d7,2026-07-06T16:31:12+00:00,e1_baselines,breast_cancer,svm_linear,c1f5609c98,1,s1_f3,classical,455,114,30,31,0.982456,0.976190,0.986301,0.995701,0.0026,0.0006,18d224d
6469a850df95,2026-07-06T16:31:12+00:00,e1_baselines,breast_cancer,svm_linear,c1f5609c98,1,s1_f4,classical,456,113,30,31,0.982301,0.976190,0.986111,0.998994,0.0027,0.0006,18d224d
8faf6d7b48ed,2026-07-06T16:31:12+00:00,e1_baselines,breast_cancer,svm_linear,c1f5609c98,2,s2_f0,classical,455,114,30,31,0.982456,0.976744,0.986111,0.995414,0.0024,0.0005,18d224d
8c35a03a053f,2026-07-06T16:31:12+00:00,e1_baselines,breast_cancer,svm_linear,c1f5609c98,2,s2_f1,classical,455,114,30,31,0.973684,0.965116,0.979310,0.998690,0.0020,0.0006,18d224d
7b654cf38c19,2026-07-06T16:31:12+00:00,e1_baselines,breast_cancer,svm_linear,c1f5609c98,2,s2_f2,classical,455,114,30,31,0.929825,0.914683,0.945946,0.984788,0.0022,0.0006,18d224d
9551cd5a8b98,2026-07-06T16:31:12+00:00,e1_baselines,breast_cancer,svm_linear,c1f5609c98,2,s2_f3,classical,455,114,30,31,1.000000,1.000000,1.000000,1.000000,0.0024,0.0006,18d224d
9147198c45c8,2026-07-06T16:31:12+00:00,e1_baselines,breast_cancer,svm_linear,c1f5609c98,2,s2_f4,classical,456,113,30,31,0.991150,0.992958,0.992908,1.000000,0.0025,0.0006,18d224d
12905448b910,2026-07-06T16:31:12+00:00,e1_baselines,breast_cancer,svm_linear,c1f5609c98,3,s3_f0,classical,455,114,30,31,0.991228,0.988372,0.993007,0.999672,0.0023,0.0006,18d224d
f6a9011f01f6,2026-07-06T16:31:12+00:00,e1_baselines,breast_cancer,svm_linear,c1f5609c98,3,s3_f1,classical,455,114,30,31,0.973684,0.969702,0.979021,0.984605,0.0019,0.0006,18d224d
2bbed1982ef5,2026-07-06T16:31:12+00:00,e1_baselines,breast_cancer,svm_linear,c1f5609c98,3,s3_f2,classical,455,114,30,31,0.973684,0.969246,0.979310,0.998016,0.0025,0.0007,18d224d
865964346851,2026-07-06T16:31:12+00:00,e1_baselines,breast_cancer,svm_linear,c1f5609c98,3,s3_f3,classical,455,114,30,31,0.973684,0.964286,0.979592,0.992063,0.0023,0.0006,18d224d
74ae666bac55,2026-07-06T16:31:12+00:00,e1_baselines,breast_cancer,svm_linear,c1f5609c98,3,s3_f4,classical,456,113,30,31,0.991150,0.988095,0.993007,0.997988,0.0024,0.0006,18d224d
d05aa9703e11,2026-07-06T16:31:12+00:00,e1_baselines,breast_cancer,svm_linear,c1f5609c98,4,s4_f0,classical,455,114,30,31,0.973684,0.965116,0.979310,0.984933,0.0022,0.0006,18d224d
0613d7012f62,2026-07-06T16:31:12+00:00,e1_baselines,breast_cancer,svm_linear,c1f5609c98,4,s4_f1,classical,455,114,30,31,0.982456,0.981330,0.985915,0.997380,0.0026,0.0006,18d224d
60822052c3be,2026-07-06T16:31:12+00:00,e1_baselines,breast_cancer,svm_linear,c1f5609c98,4,s4_f2,classical,455,114,30,31,0.982456,0.976190,0.986301,0.998347,0.0024,0.0006,18d224d
5b7ec1bf4239,2026-07-06T16:31:12+00:00,e1_baselines,breast_cancer,svm_linear,c1f5609c98,4,s4_f3,classical,455,114,30,31,0.982456,0.981151,0.986111,0.999669,0.0026,0.0006,18d224d
5ea50d8873ec,2026-07-06T16:31:12+00:00,e1_baselines,breast_cancer,svm_linear,c1f5609c98,4,s4_f4,classical,456,113,30,31,0.973451,0.964286,0.979310,0.996647,0.0023,0.0006,18d224d
067110dbbba1,2026-07-06T16:31:15+00:00,e1_baselines,breast_cancer,svm_rbf,4a23e1c2d1,0,s0_f0,classical,455,114,30,,0.964912,0.958074,0.972222,0.983950,0.0036,0.0014,18d224d
c89a59d28087,2026-07-06T16:31:15+00:00,e1_baselines,breast_cancer,svm_rbf,4a23e1c2d1,0,s0_f1,classical,455,114,30,,0.982456,0.981330,0.985915,0.999672,0.0027,0.0013,18d224d
02200ab21793,2026-07-06T16:31:15+00:00,e1_baselines,breast_cancer,svm_rbf,4a23e1c2d1,0,s0_f2,classical,455,114,30,,0.982456,0.976190,0.986301,0.998347,0.0026,0.0015,18d224d
efa769fc8182,2026-07-06T16:31:15+00:00,e1_baselines,breast_cancer,svm_rbf,4a23e1c2d1,0,s0_f3,classical,455,114,30,,0.991228,0.988095,0.993103,0.997354,0.0025,0.0014,18d224d
74363a82303a,2026-07-06T16:31:15+00:00,e1_baselines,breast_cancer,svm_rbf,4a23e1c2d1,0,s0_f4,classical,456,113,30,,0.973451,0.969148,0.979021,0.994299,0.0026,0.0013,18d224d
fa2cb80b820d,2026-07-06T16:31:15+00:00,e1_baselines,breast_cancer,svm_rbf,4a23e1c2d1,1,s1_f0,classical,455,114,30,,0.973684,0.965116,0.979310,0.998035,0.0023,0.0016,18d224d
b5d9194ef2b2,2026-07-06T16:31:15+00:00,e1_baselines,breast_cancer,svm_rbf,4a23e1c2d1,1,s1_f1,classical,455,114,30,,0.982456,0.985915,0.985714,1.000000,0.0025,0.0013,18d224d
a175ac545648,2026-07-06T16:31:15+00:00,e1_baselines,breast_cancer,svm_rbf,4a23e1c2d1,1,s1_f2,classical,455,114,30,,0.982456,0.976190,0.986301,0.983796,0.0023,0.0012,18d224d
8f9e78665dab,2026-07-06T16:31:15+00:00,e1_baselines,breast_cancer,svm_rbf,4a23e1c2d1,1,s1_f3,classical,455,114,30,,0.982456,0.976190,0.986301,0.996362,0.0025,0.0015,18d224d
4c9fdd2ea7b1,2026-07-06T16:31:15+00:00,e1_baselines,breast_cancer,svm_rbf,4a23e1c2d1,1,s1_f4,classical,456,113,30,,0.982301,0.976190,0.986111,0.998659,0.0024,0.0012,18d224d
4c55e6330596,2026-07-06T16:31:15+00:00,e1_baselines,breast_cancer,svm_rbf,4a23e1c2d1,2,s2_f0,classical,455,114,30,,0.982456,0.976744,0.986111,0.997707,0.0026,0.0013,18d224d
a1e421011d0d,2026-07-06T16:31:15+00:00,e1_baselines,breast_cancer,svm_rbf,4a23e1c2d1,2,s2_f1,classical,455,114,30,,0.973684,0.965116,0.979310,0.998690,0.0024,0.0014,18d224d
7c7647dccc04,2026-07-06T16:31:15+00:00,e1_baselines,breast_cancer,svm_rbf,4a23e1c2d1,2,s2_f2,classical,455,114,30,,0.938596,0.926587,0.952381,0.985119,0.0024,0.0013,18d224d
25b4b9cc46b7,2026-07-06T16:31:15+00:00,e1_baselines,breast_cancer,svm_rbf,4a23e1c2d1,2,s2_f3,classical,455,114,30,,1.000000,1.000000,1.000000,1.000000,0.0024,0.0015,18d224d
d8213dea22a5,2026-07-06T16:31:15+00:00,e1_baselines,breast_cancer,svm_rbf,4a23e1c2d1,2,s2_f4,classical,456,113,30,,1.000000,1.000000,1.000000,1.000000,0.0025,0.0013,18d224d
fa1ae6392d0a,2026-07-06T16:31:15+00:00,e1_baselines,breast_cancer,svm_rbf,4a23e1c2d1,3,s3_f0,classical,455,114,30,,0.991228,0.988372,0.993007,0.999345,0.0025,0.0014,18d224d
7a9f2f8203ce,2026-07-06T16:31:15+00:00,e1_baselines,breast_cancer,svm_rbf,4a23e1c2d1,3,s3_f1,classical,455,114,30,,0.973684,0.969702,0.979021,0.985915,0.0024,0.0013,18d224d
1ee3aedf228a,2026-07-06T16:31:15+00:00,e1_baselines,breast_cancer,svm_rbf,4a23e1c2d1,3,s3_f2,classical,455,114,30,,0.991228,0.988095,0.993103,0.997685,0.0027,0.0013,18d224d
eb48242fbb34,2026-07-06T16:31:15+00:00,e1_baselines,breast_cancer,svm_rbf,4a23e1c2d1,3,s3_f3,classical,455,114,30,,0.973684,0.964286,0.979592,0.996693,0.0023,0.0013,18d224d
c5e34b048eaf,2026-07-06T16:31:15+00:00,e1_baselines,breast_cancer,svm_rbf,4a23e1c2d1,3,s3_f4,classical,456,113,30,,0.991150,0.988095,0.993007,0.998659,0.0024,0.0013,18d224d
9fefb89546f6,2026-07-06T16:31:15+00:00,e1_baselines,breast_cancer,svm_rbf,4a23e1c2d1,4,s4_f0,classical,455,114,30,,0.973684,0.965116,0.979310,0.985915,0.0025,0.0012,18d224d
bbb9de0e3af2,2026-07-06T16:31:15+00:00,e1_baselines,breast_cancer,svm_rbf,4a23e1c2d1,4,s4_f1,classical,455,114,30,,0.982456,0.981330,0.985915,0.999017,0.0024,0.0013,18d224d
77dbe8a1b630,2026-07-06T16:31:15+00:00,e1_baselines,breast_cancer,svm_rbf,4a23e1c2d1,4,s4_f2,classical,455,114,30,,0.982456,0.976190,0.986301,0.998016,0.0023,0.0014,18d224d
10849a721dd0,2026-07-06T16:31:15+00:00,e1_baselines,breast_cancer,svm_rbf,4a23e1c2d1,4,s4_f3,classical,455,114,30,,0.964912,0.967262,0.971831,0.999008,0.0024,0.0016,18d224d
988294126a8c,2026-07-06T16:31:15+00:00,e1_baselines,breast_cancer,svm_rbf,4a23e1c2d1,4,s4_f4,classical,456,113,30,,0.982301,0.976190,0.986111,0.998323,0.0022,0.0013,18d224d
284dfc37a95d,2026-07-06T16:31:18+00:00,e1_baselines,breast_cancer,xgboost,d5bc97606a,0,s0_f0,classical,455,114,30,,0.973684,0.969702,0.979021,0.983950,0.0508,0.0018,18d224d
8383e99fbd19,2026-07-06T16:31:18+00:00,e1_baselines,breast_cancer,xgboost,d5bc97606a,0,s0_f1,classical,455,114,30,,0.982456,0.985915,0.985714,0.998690,0.0498,0.0015,18d224d
1e56a1761f75,2026-07-06T16:31:18+00:00,e1_baselines,breast_cancer,xgboost,d5bc97606a,0,s0_f2,classical,455,114,30,,0.973684,0.969246,0.979310,0.995370,0.0491,0.0016,18d224d
d9c12a37ad6c,2026-07-06T16:31:18+00:00,e1_baselines,breast_cancer,xgboost,d5bc97606a,0,s0_f3,classical,455,114,30,,0.982456,0.981151,0.986111,0.997685,0.0728,0.0019,18d224d
f27cb1fd617b,2026-07-06T16:31:18+00:00,e1_baselines,breast_cancer,xgboost,d5bc97606a,0,s0_f4,classical,456,113,30,,0.973451,0.969148,0.979021,0.992287,0.0490,0.0016,18d224d
79a74ebb3154,2026-07-06T16:31:18+00:00,e1_baselines,breast_cancer,xgboost,d5bc97606a,1,s1_f0,classical,455,114,30,,0.956140,0.955617,0.964539,0.997052,0.0476,0.0014,18d224d
76be42fa3f27,2026-07-06T16:31:18+00:00,e1_baselines,breast_cancer,xgboost,d5bc97606a,1,s1_f1,classical,455,114,30,,0.991228,0.988372,0.993007,0.998362,0.0488,0.0015,18d224d
4e9c4d5b45f5,2026-07-06T16:31:18+00:00,e1_baselines,breast_cancer,xgboost,d5bc97606a,1,s1_f2,classical,455,114,30,,0.964912,0.957341,0.972603,0.987434,0.0461,0.0015,18d224d
14ccd1f323bd,2026-07-06T16:31:18+00:00,e1_baselines,breast_cancer,xgboost,d5bc97606a,1,s1_f3,classical,455,114,30,,0.964912,0.952381,0.972973,0.990741,0.0484,0.0014,18d224d
47ee75554f1b,2026-07-06T16:31:18+00:00,e1_baselines,breast_cancer,xgboost,d5bc97606a,1,s1_f4,classical,456,113,30,,0.973451,0.969148,0.979021,0.994634,0.0487,0.0014,18d224d
d9dfba24a624,2026-07-06T16:31:18+00:00,e1_baselines,breast_cancer,xgboost,d5bc97606a,2,s2_f0,classical,455,114,30,,0.956140,0.946446,0.965517,0.996069,0.0483,0.0014,18d224d
68933a4c8d0c,2026-07-06T16:31:18+00:00,e1_baselines,breast_cancer,xgboost,d5bc97606a,2,s2_f1,classical,455,114,30,,0.982456,0.981330,0.985915,0.990829,0.0488,0.0015,18d224d
0da0e981c047,2026-07-06T16:31:18+00:00,e1_baselines,breast_cancer,xgboost,d5bc97606a,2,s2_f2,classical,455,114,30,,0.947368,0.943452,0.958333,0.981151,0.0466,0.0015,18d224d
74cf497bb0e6,2026-07-06T16:31:18+00:00,e1_baselines,breast_cancer,xgboost,d5bc97606a,2,s2_f3,classical,455,114,30,,0.982456,0.981151,0.986111,0.999339,0.0503,0.0017,18d224d
8a3a88c4a37e,2026-07-06T16:31:18+00:00,e1_baselines,breast_cancer,xgboost,d5bc97606a,2,s2_f4,classical,456,113,30,,0.973451,0.978873,0.978417,0.998323,0.0494,0.0016,18d224d
80aaecab2c09,2026-07-06T16:31:19+00:00,e1_baselines,breast_cancer,xgboost,d5bc97606a,3,s3_f0,classical,455,114,30,,0.947368,0.934818,0.958904,0.995414,0.0469,0.0014,18d224d
c4f1733685fa,2026-07-06T16:31:19+00:00,e1_baselines,breast_cancer,xgboost,d5bc97606a,3,s3_f1,classical,455,114,30,,0.964912,0.967245,0.971429,0.987226,0.0474,0.0014,18d224d
6ff89e12ba61,2026-07-06T16:31:19+00:00,e1_baselines,breast_cancer,xgboost,d5bc97606a,3,s3_f2,classical,455,114,30,,0.964912,0.967262,0.971831,0.991733,0.0481,0.0013,18d224d
706239f5afef,2026-07-06T16:31:19+00:00,e1_baselines,breast_cancer,xgboost,d5bc97606a,3,s3_f3,classical,455,114,30,,0.973684,0.964286,0.979592,0.997024,0.0492,0.0014,18d224d
222a5623a348,2026-07-06T16:31:19+00:00,e1_baselines,breast_cancer,xgboost,d5bc97606a,3,s3_f4,classical,456,113,30,,0.982301,0.976190,0.986111,0.995976,0.0499,0.0014,18d224d
a67560caf842,2026-07-06T16:31:19+00:00,e1_baselines,breast_cancer,xgboost,d5bc97606a,4,s4_f0,classical,455,114,30,,0.956140,0.951032,0.965035,0.985915,0.0478,0.0020,18d224d
e229e6f775da,2026-07-06T16:31:19+00:00,e1_baselines,breast_cancer,xgboost,d5bc97606a,4,s4_f1,classical,455,114,30,,0.929825,0.925319,0.943662,0.988536,0.0516,0.0017,18d224d
524280f850f7,2026-07-06T16:31:19+00:00,e1_baselines,breast_cancer,xgboost,d5bc97606a,4,s4_f2,classical,455,114,30,,0.973684,0.964286,0.979592,0.997354,0.0500,0.0018,18d224d
04ad02687143,2026-07-06T16:31:19+00:00,e1_baselines,breast_cancer,xgboost,d5bc97606a,4,s4_f3,classical,455,114,30,,0.956140,0.965278,0.964029,0.999008,0.0497,0.0014,18d224d
584ed17e7179,2026-07-06T16:31:19+00:00,e1_baselines,breast_cancer,xgboost,d5bc97606a,4,s4_f4,classical,456,113,30,,0.982301,0.976190,0.986111,0.999665,0.0511,0.0013,18d224d
5421b6349b51,2026-07-06T16:31:22+00:00,e1_baselines,circles,knn,9169607952,0,s0_f0,classical,400,100,2,,0.980000,0.980000,0.980392,0.999600,0.0014,0.0029,18d224d
04833be51d4a,2026-07-06T16:31:22+00:00,e1_baselines,circles,knn,9169607952,0,s0_f1,classical,400,100,2,,0.990000,0.990000,0.990099,0.999800,0.0007,0.0020,18d224d
8e8bb3552199,2026-07-06T16:31:22+00:00,e1_baselines,circles,knn,9169607952,0,s0_f2,classical,400,100,2,,0.990000,0.990000,0.989899,0.999600,0.0007,0.0019,18d224d
d1edecd4ad02,2026-07-06T16:31:22+00:00,e1_baselines,circles,knn,9169607952,0,s0_f3,classical,400,100,2,,0.980000,0.980000,0.980392,1.000000,0.0006,0.0019,18d224d
19367dc0a017,2026-07-06T16:31:22+00:00,e1_baselines,circles,knn,9169607952,0,s0_f4,classical,400,100,2,,1.000000,1.000000,1.000000,1.000000,0.0007,0.0019,18d224d
975285a453f6,2026-07-06T16:31:22+00:00,e1_baselines,circles,knn,9169607952,1,s1_f0,classical,400,100,2,,1.000000,1.000000,1.000000,1.000000,0.0007,0.0019,18d224d
f71299a72b8c,2026-07-06T16:31:22+00:00,e1_baselines,circles,knn,9169607952,1,s1_f1,classical,400,100,2,,0.990000,0.990000,0.990099,0.999400,0.0006,0.0019,18d224d
3b6cf86bd578,2026-07-06T16:31:22+00:00,e1_baselines,circles,knn,9169607952,1,s1_f2,classical,400,100,2,,1.000000,1.000000,1.000000,1.000000,0.0006,0.0018,18d224d
f2a40515d307,2026-07-06T16:31:22+00:00,e1_baselines,circles,knn,9169607952,1,s1_f3,classical,400,100,2,,0.970000,0.970000,0.970874,0.988800,0.0006,0.0018,18d224d
1214323656ea,2026-07-06T16:31:22+00:00,e1_baselines,circles,knn,9169607952,1,s1_f4,classical,400,100,2,,0.990000,0.990000,0.990099,0.999600,0.0007,0.0017,18d224d
2a2216b05c25,2026-07-06T16:31:22+00:00,e1_baselines,circles,knn,9169607952,2,s2_f0,classical,400,100,2,,0.990000,0.990000,0.990099,0.989800,0.0006,0.0018,18d224d
32278098e42b,2026-07-06T16:31:22+00:00,e1_baselines,circles,knn,9169607952,2,s2_f1,classical,400,100,2,,0.990000,0.990000,0.989899,0.999800,0.0006,0.0018,18d224d
eaec14722ccf,2026-07-06T16:31:22+00:00,e1_baselines,circles,knn,9169607952,2,s2_f2,classical,400,100,2,,0.990000,0.990000,0.990099,0.999600,0.0006,0.0018,18d224d
238b2237a7c8,2026-07-06T16:31:22+00:00,e1_baselines,circles,knn,9169607952,2,s2_f3,classical,400,100,2,,1.000000,1.000000,1.000000,1.000000,0.0006,0.0018,18d224d
f19b7155914a,2026-07-06T16:31:22+00:00,e1_baselines,circles,knn,9169607952,2,s2_f4,classical,400,100,2,,0.990000,0.990000,0.990099,1.000000,0.0006,0.0018,18d224d
0f9a753fe984,2026-07-06T16:31:22+00:00,e1_baselines,circles,knn,9169607952,3,s3_f0,classical,400,100,2,,0.990000,0.990000,0.990099,0.999800,0.0006,0.0018,18d224d
7337eaeaca07,2026-07-06T16:31:22+00:00,e1_baselines,circles,knn,9169607952,3,s3_f1,classical,400,100,2,,0.990000,0.990000,0.990099,0.999400,0.0006,0.0017,18d224d
79e293167560,2026-07-06T16:31:22+00:00,e1_baselines,circles,knn,9169607952,3,s3_f2,classical,400,100,2,,0.990000,0.990000,0.989899,1.000000,0.0006,0.0017,18d224d
9710252e4248,2026-07-06T16:31:22+00:00,e1_baselines,circles,knn,9169607952,3,s3_f3,classical,400,100,2,,1.000000,1.000000,1.000000,1.000000,0.0006,0.0018,18d224d
a627285f44c8,2026-07-06T16:31:22+00:00,e1_baselines,circles,knn,9169607952,3,s3_f4,classical,400,100,2,,0.990000,0.990000,0.990099,0.989800,0.0006,0.0019,18d224d
7a64d5932a12,2026-07-06T16:31:22+00:00,e1_baselines,circles,knn,9169607952,4,s4_f0,classical,400,100,2,,0.980000,0.980000,0.980392,0.999600,0.0006,0.0018,18d224d
ac50b7850476,2026-07-06T16:31:22+00:00,e1_baselines,circles,knn,9169607952,4,s4_f1,classical,400,100,2,,1.000000,1.000000,1.000000,1.000000,0.0006,0.0018,18d224d
d222d966df0a,2026-07-06T16:31:22+00:00,e1_baselines,circles,knn,9169607952,4,s4_f2,classical,400,100,2,,0.990000,0.990000,0.990099,0.999800,0.0006,0.0018,18d224d
bc41a046c717,2026-07-06T16:31:22+00:00,e1_baselines,circles,knn,9169607952,4,s4_f3,classical,400,100,2,,1.000000,1.000000,1.000000,1.000000,0.0006,0.0018,18d224d
2514b1ea44bf,2026-07-06T16:31:22+00:00,e1_baselines,circles,knn,9169607952,4,s4_f4,classical,400,100,2,,0.990000,0.990000,0.990099,0.999200,0.0006,0.0017,18d224d
73f8cdd0d8d0,2026-07-06T16:31:25+00:00,e1_baselines,circles,logreg,1f44011a40,0,s0_f0,classical,400,100,2,3,0.470000,0.470000,0.475248,0.479200,0.0042,0.0005,18d224d
270a0b50f4f0,2026-07-06T16:31:25+00:00,e1_baselines,circles,logreg,1f44011a40,0,s0_f1,classical,400,100,2,3,0.440000,0.440000,0.440000,0.422800,0.0021,0.0003,18d224d
2b3590c04678,2026-07-06T16:31:25+00:00,e1_baselines,circles,logreg,1f44011a40,0,s0_f2,classical,400,100,2,3,0.480000,0.480000,0.458333,0.492000,0.0020,0.0003,18d224d
eaccba5d98ff,2026-07-06T16:31:25+00:00,e1_baselines,circles,logreg,1f44011a40,0,s0_f3,classical,400,100,2,3,0.470000,0.470000,0.513761,0.396000,0.0021,0.0004,18d224d
a165e5fdd728,2026-07-06T16:31:25+00:00,e1_baselines,circles,logreg,1f44011a40,0,s0_f4,classical,400,100,2,3,0.520000,0.520000,0.555556,0.467600,0.0021,0.0003,18d224d
297cf870fa55,2026-07-06T16:31:25+00:00,e1_baselines,circles,logreg,1f44011a40,1,s1_f0,classical,400,100,2,3,0.450000,0.450000,0.455446,0.394000,0.0020,0.0003,18d224d
205b0b473f83,2026-07-06T16:31:25+00:00,e1_baselines,circles,logreg,1f44011a40,1,s1_f1,classical,400,100,2,3,0.500000,0.500000,0.519231,0.468000,0.0020,0.0004,18d224d
676c6c2dfcb2,2026-07-06T16:31:25+00:00,e1_baselines,circles,logreg,1f44011a40,1,s1_f2,classical,400,100,2,3,0.450000,0.450000,0.466019,0.430000,0.0019,0.0004,18d224d
ccc9d9cd1ae8,2026-07-06T16:31:25+00:00,e1_baselines,circles,logreg,1f44011a40,1,s1_f3,classical,400,100,2,3,0.470000,0.470000,0.495238,0.416800,0.0020,0.0004,18d224d
1e4cf9b189a0,2026-07-06T16:31:25+00:00,e1_baselines,circles,logreg,1f44011a40,1,s1_f4,classical,400,100,2,3,0.440000,0.440000,0.450980,0.436000,0.0025,0.0003,18d224d
96ddc808858b,2026-07-06T16:31:25+00:00,e1_baselines,circles,logreg,1f44011a40,2,s2_f0,classical,400,100,2,3,0.470000,0.470000,0.464646,0.507600,0.0018,0.0003,18d224d
df02081338b6,2026-07-06T16:31:25+00:00,e1_baselines,circles,logreg,1f44011a40,2,s2_f1,classical,400,100,2,3,0.470000,0.470000,0.453608,0.488800,0.0016,0.0003,18d224d
afccd464ee7d,2026-07-06T16:31:25+00:00,e1_baselines,circles,logreg,1f44011a40,2,s2_f2,classical,400,100,2,3,0.440000,0.440000,0.416667,0.405600,0.0020,0.0004,18d224d
9ccb16b984fd,2026-07-06T16:31:25+00:00,e1_baselines,circles,logreg,1f44011a40,2,s2_f3,classical,400,100,2,3,0.410000,0.410000,0.378947,0.439200,0.0020,0.0003,18d224d
80523084ca90,2026-07-06T16:31:25+00:00,e1_baselines,circles,logreg,1f44011a40,2,s2_f4,classical,400,100,2,3,0.460000,0.460000,0.500000,0.387200,0.0019,0.0003,18d224d
20bd4be7ac1d,2026-07-06T16:31:25+00:00,e1_baselines,circles,logreg,1f44011a40,3,s3_f0,classical,400,100,2,3,0.460000,0.460000,0.480769,0.464800,0.0020,0.0003,18d224d
db40d7294376,2026-07-06T16:31:25+00:00,e1_baselines,circles,logreg,1f44011a40,3,s3_f1,classical,400,100,2,3,0.460000,0.460000,0.490566,0.427600,0.0019,0.0003,18d224d
6c439a6e62d2,2026-07-06T16:31:25+00:00,e1_baselines,circles,logreg,1f44011a40,3,s3_f2,classical,400,100,2,3,0.470000,0.470000,0.513761,0.428800,0.0020,0.0003,18d224d
46c953bc768f,2026-07-06T16:31:25+00:00,e1_baselines,circles,logreg,1f44011a40,3,s3_f3,classical,400,100,2,3,0.450000,0.450000,0.485981,0.406400,0.0018,0.0003,18d224d
b413740a1fc3,2026-07-06T16:31:25+00:00,e1_baselines,circles,logreg,1f44011a40,3,s3_f4,classical,400,100,2,3,0.470000,0.470000,0.495238,0.459200,0.0020,0.0004,18d224d
20b82595e3eb,2026-07-06T16:31:25+00:00,e1_baselines,circles,logreg,1f44011a40,4,s4_f0,classical,400,100,2,3,0.420000,0.420000,0.452830,0.365200,0.0021,0.0004,18d224d
b99e529ae241,2026-07-06T16:31:25+00:00,e1_baselines,circles,logreg,1f44011a40,4,s4_f1,classical,400,100,2,3,0.450000,0.450000,0.485981,0.419200,0.0019,0.0003,18d224d
8739003c404f,2026-07-06T16:31:25+00:00,e1_baselines,circles,logreg,1f44011a40,4,s4_f2,classical,400,100,2,3,0.450000,0.450000,0.455446,0.402000,0.0020,0.0004,18d224d
a37d1f9fb3ba,2026-07-06T16:31:25+00:00,e1_baselines,circles,logreg,1f44011a40,4,s4_f3,classical,400,100,2,3,0.410000,0.410000,0.391753,0.425200,0.0020,0.0003,18d224d
540c0210b339,2026-07-06T16:31:25+00:00,e1_baselines,circles,logreg,1f44011a40,4,s4_f4,classical,400,100,2,3,0.450000,0.450000,0.432990,0.439600,0.0018,0.0004,18d224d
b7880062f5e3,2026-07-06T16:31:29+00:00,e1_baselines,circles,mlp,ad80403b93,0,s0_f0,classical,400,100,2,73,0.990000,0.990000,0.990099,1.000000,0.6279,0.0006,18d224d
ca9f1426aa67,2026-07-06T16:31:29+00:00,e1_baselines,circles,mlp,ad80403b93,0,s0_f1,classical,400,100,2,73,1.000000,1.000000,1.000000,1.000000,0.6576,0.0006,18d224d
66b9f6ed5684,2026-07-06T16:31:30+00:00,e1_baselines,circles,mlp,ad80403b93,0,s0_f2,classical,400,100,2,73,0.990000,0.990000,0.990099,1.000000,0.5841,0.0005,18d224d
2ac6373605ff,2026-07-06T16:31:31+00:00,e1_baselines,circles,mlp,ad80403b93,0,s0_f3,classical,400,100,2,73,0.980000,0.980000,0.980392,1.000000,0.6076,0.0006,18d224d
b11b1547d8fd,2026-07-06T16:31:31+00:00,e1_baselines,circles,mlp,ad80403b93,0,s0_f4,classical,400,100,2,73,1.000000,1.000000,1.000000,1.000000,0.6511,0.0007,18d224d
f2fc4ebf8ef8,2026-07-06T16:31:32+00:00,e1_baselines,circles,mlp,ad80403b93,1,s1_f0,classical,400,100,2,73,1.000000,1.000000,1.000000,1.000000,0.5399,0.0006,18d224d
96b03811a91f,2026-07-06T16:31:32+00:00,e1_baselines,circles,mlp,ad80403b93,1,s1_f1,classical,400,100,2,73,0.990000,0.990000,0.990099,0.999600,0.5661,0.0007,18d224d
15124d178095,2026-07-06T16:31:33+00:00,e1_baselines,circles,mlp,ad80403b93,1,s1_f2,classical,400,100,2,73,0.990000,0.990000,0.990099,1.000000,0.5413,0.0007,18d224d
bedc782290f4,2026-07-06T16:31:33+00:00,e1_baselines,circles,mlp,ad80403b93,1,s1_f3,classical,400,100,2,73,0.980000,0.980000,0.980392,1.000000,0.5145,0.0006,18d224d
4e531058941a,2026-07-06T16:31:34+00:00,e1_baselines,circles,mlp,ad80403b93,1,s1_f4,classical,400,100,2,73,0.990000,0.990000,0.990099,1.000000,0.5050,0.0006,18d224d
9d55cd517304,2026-07-06T16:31:34+00:00,e1_baselines,circles,mlp,ad80403b93,2,s2_f0,classical,400,100,2,73,0.990000,0.990000,0.990099,1.000000,0.5055,0.0006,18d224d
b042bfaea0ae,2026-07-06T16:31:35+00:00,e1_baselines,circles,mlp,ad80403b93,2,s2_f1,classical,400,100,2,73,1.000000,1.000000,1.000000,1.000000,0.4421,0.0005,18d224d
bc1419261ccd,2026-07-06T16:31:35+00:00,e1_baselines,circles,mlp,ad80403b93,2,s2_f2,classical,400,100,2,73,0.980000,0.980000,0.980392,1.000000,0.5569,0.0006,18d224d
6bb190518583,2026-07-06T16:31:36+00:00,e1_baselines,circles,mlp,ad80403b93,2,s2_f3,classical,400,100,2,73,1.000000,1.000000,1.000000,1.000000,0.5211,0.0006,18d224d
aff1a16427f4,2026-07-06T16:31:37+00:00,e1_baselines,circles,mlp,ad80403b93,2,s2_f4,classical,400,100,2,73,0.990000,0.990000,0.990099,1.000000,0.5005,0.0005,18d224d
31a5a017c94a,2026-07-06T16:31:37+00:00,e1_baselines,circles,mlp,ad80403b93,3,s3_f0,classical,400,100,2,73,1.000000,1.000000,1.000000,1.000000,0.5329,0.0006,18d224d
a3e8ec3b3e35,2026-07-06T16:31:38+00:00,e1_baselines,circles,mlp,ad80403b93,3,s3_f1,classical,400,100,2,73,0.980000,0.980000,0.980392,1.000000,0.4592,0.0006,18d224d
1c85f8fc142c,2026-07-06T16:31:38+00:00,e1_baselines,circles,mlp,ad80403b93,3,s3_f2,classical,400,100,2,73,1.000000,1.000000,1.000000,1.000000,0.5391,0.0006,18d224d
9919fb9d0b31,2026-07-06T16:31:39+00:00,e1_baselines,circles,mlp,ad80403b93,3,s3_f3,classical,400,100,2,73,0.990000,0.990000,0.990099,1.000000,0.5537,0.0005,18d224d
649e739cc864,2026-07-06T16:31:39+00:00,e1_baselines,circles,mlp,ad80403b93,3,s3_f4,classical,400,100,2,73,0.990000,0.990000,0.990099,1.000000,0.5115,0.0006,18d224d
5f69caa870c0,2026-07-06T16:31:40+00:00,e1_baselines,circles,mlp,ad80403b93,4,s4_f0,classical,400,100,2,73,0.980000,0.980000,0.980392,0.999600,0.5333,0.0005,18d224d
e6a2a78609ae,2026-07-06T16:31:40+00:00,e1_baselines,circles,mlp,ad80403b93,4,s4_f1,classical,400,100,2,73,1.000000,1.000000,1.000000,1.000000,0.6032,0.0006,18d224d
768bcf0f24c2,2026-07-06T16:31:41+00:00,e1_baselines,circles,mlp,ad80403b93,4,s4_f2,classical,400,100,2,73,1.000000,1.000000,1.000000,1.000000,0.6067,0.0006,18d224d
f9edf949ce97,2026-07-06T16:31:42+00:00,e1_baselines,circles,mlp,ad80403b93,4,s4_f3,classical,400,100,2,73,1.000000,1.000000,1.000000,1.000000,0.6223,0.0005,18d224d
4ec619eb05be,2026-07-06T16:31:42+00:00,e1_baselines,circles,mlp,ad80403b93,4,s4_f4,classical,400,100,2,73,0.990000,0.990000,0.990099,1.000000,0.6263,0.0006,18d224d
3b24dd712964,2026-07-06T16:31:45+00:00,e1_baselines,circles,rf,483f60d7f2,0,s0_f0,classical,400,100,2,,0.960000,0.960000,0.960784,0.996800,0.3017,0.0355,18d224d
6f6b70a60a28,2026-07-06T16:31:46+00:00,e1_baselines,circles,rf,483f60d7f2,0,s0_f1,classical,400,100,2,,0.990000,0.990000,0.989899,0.994000,0.2974,0.0327,18d224d
36350cd73006,2026-07-06T16:31:46+00:00,e1_baselines,circles,rf,483f60d7f2,0,s0_f2,classical,400,100,2,,1.000000,1.000000,1.000000,1.000000,0.3069,0.0351,18d224d
322f3cc2b62e,2026-07-06T16:31:46+00:00,e1_baselines,circles,rf,483f60d7f2,0,s0_f3,classical,400,100,2,,0.980000,0.980000,0.980392,0.998800,0.2912,0.0326,18d224d
026a0b609961,2026-07-06T16:31:47+00:00,e1_baselines,circles,rf,483f60d7f2,0,s0_f4,classical,400,100,2,,0.990000,0.990000,0.989899,0.999600,0.3110,0.0356,18d224d
758ee31af3b0,2026-07-06T16:31:47+00:00,e1_baselines,circles,rf,483f60d7f2,1,s1_f0,classical,400,100,2,,0.980000,0.980000,0.979592,0.996800,0.2894,0.0329,18d224d
bddce9b9d292,2026-07-06T16:31:47+00:00,e1_baselines,circles,rf,483f60d7f2,1,s1_f1,classical,400,100,2,,0.970000,0.970000,0.969697,0.996400,0.2918,0.0356,18d224d
b278192e4d3e,2026-07-06T16:31:48+00:00,e1_baselines,circles,rf,483f60d7f2,1,s1_f2,classical,400,100,2,,0.970000,0.970000,0.970874,0.997200,0.2926,0.0321,18d224d
befb902af607,2026-07-06T16:31:48+00:00,e1_baselines,circles,rf,483f60d7f2,1,s1_f3,classical,400,100,2,,0.970000,0.970000,0.969697,0.998000,0.2803,0.0325,18d224d
e06ce232ccd1,2026-07-06T16:31:48+00:00,e1_baselines,circles,rf,483f60d7f2,1,s1_f4,classical,400,100,2,,0.990000,0.990000,0.989899,1.000000,0.2804,0.0317,18d224d
a33f57981f11,2026-07-06T16:31:49+00:00,e1_baselines,circles,rf,483f60d7f2,2,s2_f0,classical,400,100,2,,0.990000,0.990000,0.989899,1.000000,0.2804,0.0317,18d224d
5f2613905c29,2026-07-06T16:31:49+00:00,e1_baselines,circles,rf,483f60d7f2,2,s2_f1,classical,400,100,2,,1.000000,1.000000,1.000000,1.000000,0.2798,0.0321,18d224d
165ed4b21456,2026-07-06T16:31:49+00:00,e1_baselines,circles,rf,483f60d7f2,2,s2_f2,classical,400,100,2,,0.960000,0.960000,0.960000,0.987200,0.2826,0.0317,18d224d
c03f97904759,2026-07-06T16:31:50+00:00,e1_baselines,circles,rf,483f60d7f2,2,s2_f3,classical,400,100,2,,0.960000,0.960000,0.959184,0.997600,0.2782,0.0319,18d224d
72005650c08e,2026-07-06T16:31:50+00:00,e1_baselines,circles,rf,483f60d7f2,2,s2_f4,classical,400,100,2,,0.980000,0.980000,0.980392,0.999200,0.2815,0.0314,18d224d
eb83b9a43796,2026-07-06T16:31:50+00:00,e1_baselines,circles,rf,483f60d7f2,3,s3_f0,classical,400,100,2,,1.000000,1.000000,1.000000,1.000000,0.2816,0.0326,18d224d
e2d1817ebbb1,2026-07-06T16:31:51+00:00,e1_baselines,circles,rf,483f60d7f2,3,s3_f1,classical,400,100,2,,0.950000,0.950000,0.949495,0.982800,0.2846,0.0318,18d224d
5467876497d5,2026-07-06T16:31:51+00:00,e1_baselines,circles,rf,483f60d7f2,3,s3_f2,classical,400,100,2,,0.990000,0.990000,0.990099,0.992800,0.2869,0.0324,18d224d
5caa631694f3,2026-07-06T16:31:51+00:00,e1_baselines,circles,rf,483f60d7f2,3,s3_f3,classical,400,100,2,,0.990000,0.990000,0.990099,0.999200,0.3444,0.0401,18d224d
2fa5f0e4b721,2026-07-06T16:31:52+00:00,e1_baselines,circles,rf,483f60d7f2,3,s3_f4,classical,400,100,2,,0.980000,0.980000,0.979592,1.000000,0.3078,0.0328,18d224d
7769305f6d43,2026-07-06T16:31:52+00:00,e1_baselines,circles,rf,483f60d7f2,4,s4_f0,classical,400,100,2,,0.980000,0.980000,0.980000,0.984800,0.2808,0.0343,18d224d
149c85cf37fe,2026-07-06T16:31:52+00:00,e1_baselines,circles,rf,483f60d7f2,4,s4_f1,classical,400,100,2,,0.990000,0.990000,0.990099,1.000000,0.2957,0.0327,18d224d
4256ab6fcae6,2026-07-06T16:31:53+00:00,e1_baselines,circles,rf,483f60d7f2,4,s4_f2,classical,400,100,2,,0.980000,0.980000,0.980000,0.998800,0.2793,0.0320,18d224d
aa5f127c747c,2026-07-06T16:31:53+00:00,e1_baselines,circles,rf,483f60d7f2,4,s4_f3,classical,400,100,2,,0.980000,0.980000,0.980000,0.999600,0.2799,0.0312,18d224d
57844613ab08,2026-07-06T16:31:53+00:00,e1_baselines,circles,rf,483f60d7f2,4,s4_f4,classical,400,100,2,,0.970000,0.970000,0.969072,0.998000,0.2798,0.0314,18d224d
481480b20194,2026-07-06T16:31:56+00:00,e1_baselines,circles,svm_linear,69ca3412ba,0,s0_f0,classical,400,100,2,3,0.470000,0.470000,0.522523,0.478400,0.0043,0.0015,18d224d
3f63fbafd25e,2026-07-06T16:31:56+00:00,e1_baselines,circles,svm_linear,69ca3412ba,0,s0_f1,classical,400,100,2,3,0.520000,0.520000,0.578947,0.422400,0.0030,0.0015,18d224d
5b02338d007f,2026-07-06T16:31:56+00:00,e1_baselines,circles,svm_linear,69ca3412ba,0,s0_f2,classical,400,100,2,3,0.520000,0.520000,0.578947,0.492400,0.0029,0.0012,18d224d
7e7a22a8e51d,2026-07-06T16:31:56+00:00,e1_baselines,circles,svm_linear,69ca3412ba,0,s0_f3,classical,400,100,2,3,0.510000,0.510000,0.588235,0.396000,0.0032,0.0013,18d224d
2185e959d7eb,2026-07-06T16:31:56+00:00,e1_baselines,circles,svm_linear,69ca3412ba,0,s0_f4,classical,400,100,2,3,0.560000,0.560000,0.633333,0.466800,0.0029,0.0012,18d224d
08352252264e,2026-07-06T16:31:56+00:00,e1_baselines,circles,svm_linear,69ca3412ba,1,s1_f0,classical,400,100,2,3,0.460000,0.460000,0.517857,0.394400,0.0028,0.0012,18d224d
31e14aa9be5e,2026-07-06T16:31:56+00:00,e1_baselines,circles,svm_linear,69ca3412ba,1,s1_f1,classical,400,100,2,3,0.510000,0.510000,0.595041,0.467600,0.0028,0.0012,18d224d
e430a34186af,2026-07-06T16:31:56+00:00,e1_baselines,circles,svm_linear,69ca3412ba,1,s1_f2,classical,400,100,2,3,0.450000,0.450000,0.513274,0.429600,0.0028,0.0013,18d224d
fac5309920fd,2026-07-06T16:31:56+00:00,e1_baselines,circles,svm_linear,69ca3412ba,1,s1_f3,classical,400,100,2,3,0.530000,0.530000,0.598291,0.417600,0.0028,0.0012,18d224d
1340f0838e08,2026-07-06T16:31:56+00:00,e1_baselines,circles,svm_linear,69ca3412ba,1,s1_f4,classical,400,100,2,3,0.500000,0.500000,0.568966,0.435600,0.0028,0.0012,18d224d
8beb3fa3ede6,2026-07-06T16:31:56+00:00,e1_baselines,circles,svm_linear,69ca3412ba,2,s2_f0,classical,400,100,2,3,0.550000,0.550000,0.601770,0.508800,0.0028,0.0012,18d224d
f7573ad7ef92,2026-07-06T16:31:56+00:00,e1_baselines,circles,svm_linear,69ca3412ba,2,s2_f1,classical,400,100,2,3,0.510000,0.510000,0.533333,0.490800,0.0027,0.0012,18d224d
828f5ba1d9e0,2026-07-06T16:31:56+00:00,e1_baselines,circles,svm_linear,69ca3412ba,2,s2_f2,classical,400,100,2,3,0.430000,0.430000,0.486486,0.406000,0.0028,0.0013,18d224d
753f5694044e,2026-07-06T16:31:56+00:00,e1_baselines,circles,svm_linear,69ca3412ba,2,s2_f3,classical,400,100,2,3,0.510000,0.510000,0.573913,0.440000,0.0028,0.0012,18d224d
a88297a55395,2026-07-06T16:31:56+00:00,e1_baselines,circles,svm_linear,69ca3412ba,2,s2_f4,classical,400,100,2,3,0.470000,0.470000,0.539130,0.386000,0.0029,0.0014,18d224d
3c054c049516,2026-07-06T16:31:56+00:00,e1_baselines,circles,svm_linear,69ca3412ba,3,s3_f0,classical,400,100,2,3,0.550000,0.550000,0.615385,0.464400,0.0028,0.0013,18d224d
aa8a5f62bfbe,2026-07-06T16:31:56+00:00,e1_baselines,circles,svm_linear,69ca3412ba,3,s3_f1,classical,400,100,2,3,0.460000,0.460000,0.517857,0.428000,0.0027,0.0013,18d224d
8d73c1dbb57a,2026-07-06T16:31:56+00:00,e1_baselines,circles,svm_linear,69ca3412ba,3,s3_f2,classical,400,100,2,3,0.510000,0.510000,0.573913,0.428000,0.0028,0.0013,18d224d
aacc632326eb,2026-07-06T16:31:56+00:00,e1_baselines,circles,svm_linear,69ca3412ba,3,s3_f3,classical,400,100,2,3,0.490000,0.490000,0.564103,0.406800,0.0028,0.0013,18d224d
b89d1084e99d,2026-07-06T16:31:56+00:00,e1_baselines,circles,svm_linear,69ca3412ba,3,s3_f4,classical,400,100,2,3,0.530000,0.530000,0.591304,0.460000,0.0028,0.0012,18d224d
98f6d2b1da53,2026-07-06T16:31:56+00:00,e1_baselines,circles,svm_linear,69ca3412ba,4,s4_f0,classical,400,100,2,3,0.470000,0.470000,0.554622,0.365600,0.0028,0.0012,18d224d
026948bc4e3e,2026-07-06T16:31:56+00:00,e1_baselines,circles,svm_linear,69ca3412ba,4,s4_f1,classical,400,100,2,3,0.530000,0.530000,0.605042,0.420000,0.0028,0.0012,18d224d
b2c14b74ffe9,2026-07-06T16:31:56+00:00,e1_baselines,circles,svm_linear,69ca3412ba,4,s4_f2,classical,400,100,2,3,0.490000,0.490000,0.564103,0.402000,0.0027,0.0013,18d224d
9c6b631ab828,2026-07-06T16:31:56+00:00,e1_baselines,circles,svm_linear,69ca3412ba,4,s4_f3,classical,400,100,2,3,0.480000,0.480000,0.527273,0.426400,0.0028,0.0012,18d224d
d94ad8c0a3a5,2026-07-06T16:31:56+00:00,e1_baselines,circles,svm_linear,69ca3412ba,4,s4_f4,classical,400,100,2,3,0.410000,0.410000,0.438095,0.439600,0.0028,0.0013,18d224d
c65b5e661f21,2026-07-06T16:31:59+00:00,e1_baselines,circles,svm_rbf,3e6ba2a579,0,s0_f0,classical,400,100,2,,0.990000,0.990000,0.990099,0.999200,0.0030,0.0006,18d224d
add741502aa0,2026-07-06T16:31:59+00:00,e1_baselines,circles,svm_rbf,3e6ba2a579,0,s0_f1,classical,400,100,2,,0.990000,0.990000,0.990099,1.000000,0.0027,0.0005,18d224d
7cea66e905d3,2026-07-06T16:31:59+00:00,e1_baselines,circles,svm_rbf,3e6ba2a579,0,s0_f2,classical,400,100,2,,1.000000,1.000000,1.000000,1.000000,0.0016,0.0005,18d224d
84da6daaf41e,2026-07-06T16:31:59+00:00,e1_baselines,circles,svm_rbf,3e6ba2a579,0,s0_f3,classical,400,100,2,,0.970000,0.970000,0.970874,0.999600,0.0019,0.0005,18d224d
668efd95c58f,2026-07-06T16:31:59+00:00,e1_baselines,circles,svm_rbf,3e6ba2a579,0,s0_f4,classical,400,100,2,,1.000000,1.000000,1.000000,1.000000,0.0023,0.0009,18d224d
f21a0ade911b,2026-07-06T16:31:59+00:00,e1_baselines,circles,svm_rbf,3e6ba2a579,1,s1_f0,classical,400,100,2,,1.000000,1.000000,1.000000,1.000000,0.0015,0.0004,18d224d
3d454aafe2b1,2026-07-06T16:31:59+00:00,e1_baselines,circles,svm_rbf,3e6ba2a579,1,s1_f1,classical,400,100,2,,0.990000,0.990000,0.990099,0.998000,0.0015,0.0005,18d224d
122191c7a731,2026-07-06T16:31:59+00:00,e1_baselines,circles,svm_rbf,3e6ba2a579,1,s1_f2,classical,400,100,2,,1.000000,1.000000,1.000000,1.000000,0.0020,0.0005,18d224d
8d7876b26a8b,2026-07-06T16:31:59+00:00,e1_baselines,circles,svm_rbf,3e6ba2a579,1,s1_f3,classical,400,100,2,,0.970000,0.970000,0.970874,0.999600,0.0018,0.0005,18d224d
686f40475e80,2026-07-06T16:31:59+00:00,e1_baselines,circles,svm_rbf,3e6ba2a579,1,s1_f4,classical,400,100,2,,0.990000,0.990000,0.990099,1.000000,0.0018,0.0005,18d224d
2e42d01c971d,2026-07-06T16:31:59+00:00,e1_baselines,circles,svm_rbf,3e6ba2a579,2,s2_f0,classical,400,100,2,,0.990000,0.990000,0.990099,1.000000,0.0016,0.0004,18d224d
59d5372a6feb,2026-07-06T16:31:59+00:00,e1_baselines,circles,svm_rbf,3e6ba2a579,2,s2_f1,classical,400,100,2,,1.000000,1.000000,1.000000,1.000000,0.0016,0.0004,18d224d
d6bf5ec56d8a,2026-07-06T16:31:59+00:00,e1_baselines,circles,svm_rbf,3e6ba2a579,2,s2_f2,classical,400,100,2,,0.980000,0.980000,0.980000,0.997600,0.0017,0.0005,18d224d
e2a60873cecc,2026-07-06T16:31:59+00:00,e1_baselines,circles,svm_rbf,3e6ba2a579,2,s2_f3,classical,400,100,2,,0.990000,0.990000,0.989899,1.000000,0.0018,0.0004,18d224d
e11b9e7d436e,2026-07-06T16:31:59+00:00,e1_baselines,circles,svm_rbf,3e6ba2a579,2,s2_f4,classical,400,100,2,,0.990000,0.990000,0.990099,1.000000,0.0016,0.0004,18d224d
626bf357da5b,2026-07-06T16:31:59+00:00,e1_baselines,circles,svm_rbf,3e6ba2a579,3,s3_f0,classical,400,100,2,,0.990000,0.990000,0.990099,1.000000,0.0026,0.0009,18d224d
500cfc5d41cd,2026-07-06T16:31:59+00:00,e1_baselines,circles,svm_rbf,3e6ba2a579,3,s3_f1,classical,400,100,2,,0.980000,0.980000,0.980392,0.998400,0.0016,0.0005,18d224d
53341c5b61ed,2026-07-06T16:31:59+00:00,e1_baselines,circles,svm_rbf,3e6ba2a579,3,s3_f2,classical,400,100,2,,1.000000,1.000000,1.000000,1.000000,0.0015,0.0005,18d224d
69f7ceee3875,2026-07-06T16:31:59+00:00,e1_baselines,circles,svm_rbf,3e6ba2a579,3,s3_f3,classical,400,100,2,,1.000000,1.000000,1.000000,1.000000,0.0016,0.0004,18d224d
3e354e003dbb,2026-07-06T16:31:59+00:00,e1_baselines,circles,svm_rbf,3e6ba2a579,3,s3_f4,classical,400,100,2,,1.000000,1.000000,1.000000,1.000000,0.0019,0.0004,18d224d
80408e047164,2026-07-06T16:31:59+00:00,e1_baselines,circles,svm_rbf,3e6ba2a579,4,s4_f0,classical,400,100,2,,0.970000,0.970000,0.970874,0.996800,0.0018,0.0004,18d224d
aceb83581c39,2026-07-06T16:31:59+00:00,e1_baselines,circles,svm_rbf,3e6ba2a579,4,s4_f1,classical,400,100,2,,1.000000,1.000000,1.000000,1.000000,0.0016,0.0005,18d224d
a8e18ce4ea92,2026-07-06T16:31:59+00:00,e1_baselines,circles,svm_rbf,3e6ba2a579,4,s4_f2,classical,400,100,2,,1.000000,1.000000,1.000000,1.000000,0.0018,0.0004,18d224d
15ac43767eaa,2026-07-06T16:31:59+00:00,e1_baselines,circles,svm_rbf,3e6ba2a579,4,s4_f3,classical,400,100,2,,1.000000,1.000000,1.000000,1.000000,0.0016,0.0005,18d224d
93e871426825,2026-07-06T16:31:59+00:00,e1_baselines,circles,svm_rbf,3e6ba2a579,4,s4_f4,classical,400,100,2,,0.980000,0.980000,0.980392,0.997200,0.0017,0.0007,18d224d
e5fea3b97bff,2026-07-06T16:32:02+00:00,e1_baselines,circles,xgboost,72a0b03e05,0,s0_f0,classical,400,100,2,,0.970000,0.970000,0.970297,0.988000,0.0248,0.0018,18d224d
a234a23a794b,2026-07-06T16:32:02+00:00,e1_baselines,circles,xgboost,72a0b03e05,0,s0_f1,classical,400,100,2,,0.990000,0.990000,0.989899,0.989800,0.0219,0.0015,18d224d
41c79dc0d53e,2026-07-06T16:32:02+00:00,e1_baselines,circles,xgboost,72a0b03e05,0,s0_f2,classical,400,100,2,,1.000000,1.000000,1.000000,1.000000,0.0222,0.0015,18d224d
b6e818c275bc,2026-07-06T16:32:02+00:00,e1_baselines,circles,xgboost,72a0b03e05,0,s0_f3,classical,400,100,2,,0.980000,0.980000,0.980392,0.997600,0.0219,0.0015,18d224d
cb550f3575fd,2026-07-06T16:32:02+00:00,e1_baselines,circles,xgboost,72a0b03e05,0,s0_f4,classical,400,100,2,,0.990000,0.990000,0.989899,1.000000,0.0225,0.0014,18d224d
ffabecd893b8,2026-07-06T16:32:02+00:00,e1_baselines,circles,xgboost,72a0b03e05,1,s1_f0,classical,400,100,2,,0.970000,0.970000,0.969072,0.981600,0.0216,0.0014,18d224d
33db2b58bb79,2026-07-06T16:32:02+00:00,e1_baselines,circles,xgboost,72a0b03e05,1,s1_f1,classical,400,100,2,,0.980000,0.980000,0.980000,0.997600,0.0218,0.0014,18d224d
468da53e026c,2026-07-06T16:32:03+00:00,e1_baselines,circles,xgboost,72a0b03e05,1,s1_f2,classical,400,100,2,,0.980000,0.980000,0.980392,0.998400,0.0225,0.0015,18d224d
5b69a320fee8,2026-07-06T16:32:03+00:00,e1_baselines,circles,xgboost,72a0b03e05,1,s1_f3,classical,400,100,2,,0.970000,0.970000,0.969697,0.992000,0.0225,0.0014,18d224d
ecd787e9d596,2026-07-06T16:32:03+00:00,e1_baselines,circles,xgboost,72a0b03e05,1,s1_f4,classical,400,100,2,,1.000000,1.000000,1.000000,1.000000,0.0223,0.0015,18d224d
caddcde37e6d,2026-07-06T16:32:03+00:00,e1_baselines,circles,xgboost,72a0b03e05,2,s2_f0,classical,400,100,2,,1.000000,1.000000,1.000000,1.000000,0.0224,0.0014,18d224d
9d91e05de34e,2026-07-06T16:32:03+00:00,e1_baselines,circles,xgboost,72a0b03e05,2,s2_f1,classical,400,100,2,,1.000000,1.000000,1.000000,1.000000,0.0223,0.0015,18d224d
710cabf3c351,2026-07-06T16:32:03+00:00,e1_baselines,circles,xgboost,72a0b03e05,2,s2_f2,classical,400,100,2,,0.960000,0.960000,0.960000,0.977200,0.0223,0.0016,18d224d
571018c923ec,2026-07-06T16:32:03+00:00,e1_baselines,circles,xgboost,72a0b03e05,2,s2_f3,classical,400,100,2,,0.990000,0.990000,0.990099,0.997600,0.0234,0.0015,18d224d
e13a1feb51a3,2026-07-06T16:32:03+00:00,e1_baselines,circles,xgboost,72a0b03e05,2,s2_f4,classical,400,100,2,,0.990000,0.990000,0.990099,1.000000,0.0221,0.0014,18d224d
e46674ec6cda,2026-07-06T16:32:03+00:00,e1_baselines,circles,xgboost,72a0b03e05,3,s3_f0,classical,400,100,2,,1.000000,1.000000,1.000000,1.000000,0.0227,0.0016,18d224d
c110776064e0,2026-07-06T16:32:03+00:00,e1_baselines,circles,xgboost,72a0b03e05,3,s3_f1,classical,400,100,2,,0.960000,0.960000,0.959184,0.974000,0.0216,0.0016,18d224d
4e6a89aa3d5f,2026-07-06T16:32:03+00:00,e1_baselines,circles,xgboost,72a0b03e05,3,s3_f2,classical,400,100,2,,0.980000,0.980000,0.980000,0.994000,0.0220,0.0014,18d224d
350b6f68ea3b,2026-07-06T16:32:03+00:00,e1_baselines,circles,xgboost,72a0b03e05,3,s3_f3,classical,400,100,2,,0.980000,0.980000,0.980392,0.998000,0.0220,0.0014,18d224d
010c9412f511,2026-07-06T16:32:03+00:00,e1_baselines,circles,xgboost,72a0b03e05,3,s3_f4,classical,400,100,2,,1.000000,1.000000,1.000000,1.000000,0.0221,0.0015,18d224d
d6017b95571e,2026-07-06T16:32:03+00:00,e1_baselines,circles,xgboost,72a0b03e05,4,s4_f0,classical,400,100,2,,0.970000,0.970000,0.970297,0.982800,0.0213,0.0015,18d224d
612edb0ad26b,2026-07-06T16:32:03+00:00,e1_baselines,circles,xgboost,72a0b03e05,4,s4_f1,classical,400,100,2,,0.990000,0.990000,0.990099,0.999600,0.0222,0.0014,18d224d
94a2742003e4,2026-07-06T16:32:03+00:00,e1_baselines,circles,xgboost,72a0b03e05,4,s4_f2,classical,400,100,2,,0.970000,0.970000,0.969697,0.992000,0.0217,0.0015,18d224d
788378b4e4a4,2026-07-06T16:32:03+00:00,e1_baselines,circles,xgboost,72a0b03e05,4,s4_f3,classical,400,100,2,,1.000000,1.000000,1.000000,1.000000,0.0227,0.0015,18d224d
674e4f1d732a,2026-07-06T16:32:03+00:00,e1_baselines,circles,xgboost,72a0b03e05,4,s4_f4,classical,400,100,2,,1.000000,1.000000,1.000000,1.000000,0.0219,0.0015,18d224d
3d2b70032346,2026-07-06T16:32:06+00:00,e1_baselines,digits_3v5,knn,2d0f9478e0,0,s0_f0,classical,292,73,64,,0.986301,0.986111,0.985915,0.986111,0.0013,0.0213,18d224d
bcfb354b6758,2026-07-06T16:32:06+00:00,e1_baselines,digits_3v5,knn,2d0f9478e0,0,s0_f1,classical,292,73,64,,1.000000,1.000000,1.000000,1.000000,0.0007,0.0046,18d224d
3b80edb59fb8,2026-07-06T16:32:06+00:00,e1_baselines,digits_3v5,knn,2d0f9478e0,0,s0_f2,classical,292,73,64,,1.000000,1.000000,1.000000,1.000000,0.0005,0.0022,18d224d
f9a5df49c533,2026-07-06T16:32:06+00:00,e1_baselines,digits_3v5,knn,2d0f9478e0,0,s0_f3,classical,292,73,64,,1.000000,1.000000,1.000000,1.000000,0.0007,0.0028,18d224d
78a74c6ef09c,2026-07-06T16:32:06+00:00,e1_baselines,digits_3v5,knn,2d0f9478e0,0,s0_f4,classical,292,73,64,,1.000000,1.000000,1.000000,1.000000,0.0005,0.0021,18d224d
d58eb4d8e688,2026-07-06T16:32:06+00:00,e1_baselines,digits_3v5,knn,2d0f9478e0,1,s1_f0,classical,292,73,64,,1.000000,1.000000,1.000000,1.000000,0.0005,0.0022,18d224d
fc4d0a26dabc,2026-07-06T16:32:06+00:00,e1_baselines,digits_3v5,knn,2d0f9478e0,1,s1_f1,classical,292,73,64,,1.000000,1.000000,1.000000,1.000000,0.0005,0.0024,18d224d
c097a87f3487,2026-07-06T16:32:06+00:00,e1_baselines,digits_3v5,knn,2d0f9478e0,1,s1_f2,classical,292,73,64,,0.986301,0.986111,0.985915,0.986111,0.0005,0.0021,18d224d
18abfa451ca9,2026-07-06T16:32:06+00:00,e1_baselines,digits_3v5,knn,2d0f9478e0,1,s1_f3,classical,292,73,64,,1.000000,1.000000,1.000000,1.000000,0.0005,0.0020,18d224d
e54b115f4176,2026-07-06T16:32:06+00:00,e1_baselines,digits_3v5,knn,2d0f9478e0,1,s1_f4,classical,292,73,64,,1.000000,1.000000,1.000000,1.000000,0.0005,0.0021,18d224d
d9f303cd60d1,2026-07-06T16:32:06+00:00,e1_baselines,digits_3v5,knn,2d0f9478e0,2,s2_f0,classical,292,73,64,,1.000000,1.000000,1.000000,1.000000,0.0005,0.0021,18d224d
a3ad6cf499ed,2026-07-06T16:32:06+00:00,e1_baselines,digits_3v5,knn,2d0f9478e0,2,s2_f1,classical,292,73,64,,1.000000,1.000000,1.000000,1.000000,0.0005,0.0021,18d224d
500c9860d17d,2026-07-06T16:32:06+00:00,e1_baselines,digits_3v5,knn,2d0f9478e0,2,s2_f2,classical,292,73,64,,0.986301,0.986111,0.985915,0.986111,0.0005,0.0019,18d224d
8820a52c9499,2026-07-06T16:32:06+00:00,e1_baselines,digits_3v5,knn,2d0f9478e0,2,s2_f3,classical,292,73,64,,1.000000,1.000000,1.000000,1.000000,0.0006,0.0020,18d224d
319399d92973,2026-07-06T16:32:06+00:00,e1_baselines,digits_3v5,knn,2d0f9478e0,2,s2_f4,classical,292,73,64,,1.000000,1.000000,1.000000,1.000000,0.0005,0.0021,18d224d
a03dffd0ede9,2026-07-06T16:32:06+00:00,e1_baselines,digits_3v5,knn,2d0f9478e0,3,s3_f0,classical,292,73,64,,1.000000,1.000000,1.000000,1.000000,0.0005,0.0020,18d224d
0027c9b46e3a,2026-07-06T16:32:06+00:00,e1_baselines,digits_3v5,knn,2d0f9478e0,3,s3_f1,classical,292,73,64,,1.000000,1.000000,1.000000,1.000000,0.0005,0.0024,18d224d
7936768163c3,2026-07-06T16:32:06+00:00,e1_baselines,digits_3v5,knn,2d0f9478e0,3,s3_f2,classical,292,73,64,,1.000000,1.000000,1.000000,1.000000,0.0005,0.0021,18d224d
023d88544d99,2026-07-06T16:32:06+00:00,e1_baselines,digits_3v5,knn,2d0f9478e0,3,s3_f3,classical,292,73,64,,1.000000,1.000000,1.000000,1.000000,0.0005,0.0021,18d224d
5abd3e528b40,2026-07-06T16:32:06+00:00,e1_baselines,digits_3v5,knn,2d0f9478e0,3,s3_f4,classical,292,73,64,,0.972603,0.972598,0.972973,0.986111,0.0006,0.0021,18d224d
57c654bfaa8b,2026-07-06T16:32:06+00:00,e1_baselines,digits_3v5,knn,2d0f9478e0,4,s4_f0,classical,292,73,64,,1.000000,1.000000,1.000000,1.000000,0.0005,0.0020,18d224d
2d76ba354c64,2026-07-06T16:32:06+00:00,e1_baselines,digits_3v5,knn,2d0f9478e0,4,s4_f1,classical,292,73,64,,1.000000,1.000000,1.000000,1.000000,0.0005,0.0021,18d224d
34c524730693,2026-07-06T16:32:06+00:00,e1_baselines,digits_3v5,knn,2d0f9478e0,4,s4_f2,classical,292,73,64,,1.000000,1.000000,1.000000,1.000000,0.0005,0.0021,18d224d
473525bbe59b,2026-07-06T16:32:06+00:00,e1_baselines,digits_3v5,knn,2d0f9478e0,4,s4_f3,classical,292,73,64,,0.986301,0.986486,0.986301,0.986486,0.0005,0.0020,18d224d
04a7283a9d6b,2026-07-06T16:32:06+00:00,e1_baselines,digits_3v5,knn,2d0f9478e0,4,s4_f4,classical,292,73,64,,1.000000,1.000000,1.000000,1.000000,0.0005,0.0021,18d224d
4ee76500dd92,2026-07-06T16:32:09+00:00,e1_baselines,digits_3v5,logreg,6d4e0b8ef5,0,s0_f0,classical,292,73,64,65,0.986301,0.986111,0.985915,0.999249,0.0060,0.0005,18d224d
5da9c2e1ff7e,2026-07-06T16:32:09+00:00,e1_baselines,digits_3v5,logreg,6d4e0b8ef5,0,s0_f1,classical,292,73,64,65,1.000000,1.000000,1.000000,1.000000,0.0037,0.0004,18d224d
357d1506b0b9,2026-07-06T16:32:09+00:00,e1_baselines,digits_3v5,logreg,6d4e0b8ef5,0,s0_f2,classical,292,73,64,65,1.000000,1.000000,1.000000,1.000000,0.0037,0.0004,18d224d
2790ed4d4d87,2026-07-06T16:32:09+00:00,e1_baselines,digits_3v5,logreg,6d4e0b8ef5,0,s0_f3,classical,292,73,64,65,1.000000,1.000000,1.000000,1.000000,0.0045,0.0004,18d224d
361b727a3131,2026-07-06T16:32:09+00:00,e1_baselines,digits_3v5,logreg,6d4e0b8ef5,0,s0_f4,classical,292,73,64,65,1.000000,1.000000,1.000000,1.000000,0.0048,0.0004,18d224d
2334ec929f76,2026-07-06T16:32:09+00:00,e1_baselines,digits_3v5,logreg,6d4e0b8ef5,1,s1_f0,classical,292,73,64,65,1.000000,1.000000,1.000000,1.000000,0.0042,0.0005,18d224d
c70917cf156b,2026-07-06T16:32:09+00:00,e1_baselines,digits_3v5,logreg,6d4e0b8ef5,1,s1_f1,classical,292,73,64,65,1.000000,1.000000,1.000000,1.000000,0.0043,0.0005,18d224d
3f0c07af2fa6,2026-07-06T16:32:09+00:00,e1_baselines,digits_3v5,logreg,6d4e0b8ef5,1,s1_f2,classical,292,73,64,65,0.986301,0.986111,0.985915,1.000000,0.0037,0.0004,18d224d
c3feaeb38512,2026-07-06T16:32:09+00:00,e1_baselines,digits_3v5,logreg,6d4e0b8ef5,1,s1_f3,classical,292,73,64,65,0.986301,0.986111,0.986667,1.000000,0.0040,0.0004,18d224d
0904e9112746,2026-07-06T16:32:09+00:00,e1_baselines,digits_3v5,logreg,6d4e0b8ef5,1,s1_f4,classical,292,73,64,65,1.000000,1.000000,1.000000,1.000000,0.0042,0.0004,18d224d
d1d43720c3a0,2026-07-06T16:32:09+00:00,e1_baselines,digits_3v5,logreg,6d4e0b8ef5,2,s2_f0,classical,292,73,64,65,1.000000,1.000000,1.000000,1.000000,0.0047,0.0004,18d224d
3e4331d71506,2026-07-06T16:32:09+00:00,e1_baselines,digits_3v5,logreg,6d4e0b8ef5,2,s2_f1,classical,292,73,64,65,0.986301,0.986486,0.986301,1.000000,0.0034,0.0004,18d224d
f64432b8e2e1,2026-07-06T16:32:09+00:00,e1_baselines,digits_3v5,logreg,6d4e0b8ef5,2,s2_f2,classical,292,73,64,65,0.986301,0.986111,0.985915,0.999249,0.0044,0.0005,18d224d
3f48c425f6fc,2026-07-06T16:32:09+00:00,e1_baselines,digits_3v5,logreg,6d4e0b8ef5,2,s2_f3,classical,292,73,64,65,1.000000,1.000000,1.000000,1.000000,0.0052,0.0004,18d224d
d54fa9096a98,2026-07-06T16:32:09+00:00,e1_baselines,digits_3v5,logreg,6d4e0b8ef5,2,s2_f4,classical,292,73,64,65,1.000000,1.000000,1.000000,1.000000,0.0052,0.0005,18d224d
8e4681455666,2026-07-06T16:32:09+00:00,e1_baselines,digits_3v5,logreg,6d4e0b8ef5,3,s3_f0,classical,292,73,64,65,1.000000,1.000000,1.000000,1.000000,0.0043,0.0004,18d224d
687418e015b6,2026-07-06T16:32:09+00:00,e1_baselines,digits_3v5,logreg,6d4e0b8ef5,3,s3_f1,classical,292,73,64,65,0.972603,0.972598,0.972222,0.999249,0.0038,0.0004,18d224d
9111650474d3,2026-07-06T16:32:09+00:00,e1_baselines,digits_3v5,logreg,6d4e0b8ef5,3,s3_f2,classical,292,73,64,65,0.986301,0.986486,0.986301,1.000000,0.0035,0.0004,18d224d
30835d8783a7,2026-07-06T16:32:09+00:00,e1_baselines,digits_3v5,logreg,6d4e0b8ef5,3,s3_f3,classical,292,73,64,65,1.000000,1.000000,1.000000,1.000000,0.0039,0.0004,18d224d
733d5b867783,2026-07-06T16:32:09+00:00,e1_baselines,digits_3v5,logreg,6d4e0b8ef5,3,s3_f4,classical,292,73,64,65,0.986301,0.986486,0.986301,0.999249,0.0037,0.0003,18d224d
dc32f947fde7,2026-07-06T16:32:09+00:00,e1_baselines,digits_3v5,logreg,6d4e0b8ef5,4,s4_f0,classical,292,73,64,65,1.000000,1.000000,1.000000,1.000000,0.0039,0.0004,18d224d
bdba726c63a5,2026-07-06T16:32:09+00:00,e1_baselines,digits_3v5,logreg,6d4e0b8ef5,4,s4_f1,classical,292,73,64,65,1.000000,1.000000,1.000000,1.000000,0.0041,0.0004,18d224d
1a33fc5d71ba,2026-07-06T16:32:09+00:00,e1_baselines,digits_3v5,logreg,6d4e0b8ef5,4,s4_f2,classical,292,73,64,65,1.000000,1.000000,1.000000,1.000000,0.0035,0.0004,18d224d
ae38a77d0400,2026-07-06T16:32:09+00:00,e1_baselines,digits_3v5,logreg,6d4e0b8ef5,4,s4_f3,classical,292,73,64,65,0.972603,0.972973,0.972222,0.998498,0.0035,0.0004,18d224d
40e1ece12e7b,2026-07-06T16:32:09+00:00,e1_baselines,digits_3v5,logreg,6d4e0b8ef5,4,s4_f4,classical,292,73,64,65,1.000000,1.000000,1.000000,1.000000,0.0035,0.0004,18d224d
afc80894692d,2026-07-06T16:32:13+00:00,e1_baselines,digits_3v5,mlp,36f13d275a,0,s0_f0,classical,292,73,64,1519,0.986301,0.986111,0.985915,0.998498,0.0953,0.0007,18d224d
46956dce5981,2026-07-06T16:32:13+00:00,e1_baselines,digits_3v5,mlp,36f13d275a,0,s0_f1,classical,292,73,64,1519,1.000000,1.000000,1.000000,1.000000,0.1199,0.0006,18d224d
6c65b4e36d73,2026-07-06T16:32:13+00:00,e1_baselines,digits_3v5,mlp,36f13d275a,0,s0_f2,classical,292,73,64,1519,1.000000,1.000000,1.000000,1.000000,0.1199,0.0006,18d224d
5fede381db9a,2026-07-06T16:32:13+00:00,e1_baselines,digits_3v5,mlp,36f13d275a,0,s0_f3,classical,292,73,64,1519,1.000000,1.000000,1.000000,1.000000,0.1114,0.0006,18d224d
1e903caf1bf3,2026-07-06T16:32:13+00:00,e1_baselines,digits_3v5,mlp,36f13d275a,0,s0_f4,classical,292,73,64,1519,1.000000,1.000000,1.000000,1.000000,0.1068,0.0006,18d224d
c2b4af51776d,2026-07-06T16:32:13+00:00,e1_baselines,digits_3v5,mlp,36f13d275a,1,s1_f0,classical,292,73,64,1519,1.000000,1.000000,1.000000,1.000000,0.1494,0.0006,18d224d
fda42a05d8c2,2026-07-06T16:32:13+00:00,e1_baselines,digits_3v5,mlp,36f13d275a,1,s1_f1,classical,292,73,64,1519,0.986301,0.986111,0.985915,1.000000,0.1452,0.0005,18d224d
a3a190399fe3,2026-07-06T16:32:14+00:00,e1_baselines,digits_3v5,mlp,36f13d275a,1,s1_f2,classical,292,73,64,1519,0.986301,0.986111,0.985915,0.996997,0.1410,0.0005,18d224d
1d24092f6fd3,2026-07-06T16:32:14+00:00,e1_baselines,digits_3v5,mlp,36f13d275a,1,s1_f3,classical,292,73,64,1519,0.972603,0.972222,0.973684,1.000000,0.1408,0.0007,18d224d
d5c5a4fc7ff9,2026-07-06T16:32:14+00:00,e1_baselines,digits_3v5,mlp,36f13d275a,1,s1_f4,classical,292,73,64,1519,1.000000,1.000000,1.000000,1.000000,0.1508,0.0006,18d224d
611a101e4c2b,2026-07-06T16:32:14+00:00,e1_baselines,digits_3v5,mlp,36f13d275a,2,s2_f0,classical,292,73,64,1519,1.000000,1.000000,1.000000,1.000000,0.1503,0.0006,18d224d
e53141593551,2026-07-06T16:32:14+00:00,e1_baselines,digits_3v5,mlp,36f13d275a,2,s2_f1,classical,292,73,64,1519,0.986301,0.986111,0.985915,1.000000,0.1499,0.0007,18d224d
f9ada93642ef,2026-07-06T16:32:14+00:00,e1_baselines,digits_3v5,mlp,36f13d275a,2,s2_f2,classical,292,73,64,1519,0.986301,0.986111,0.985915,0.997748,0.1400,0.0005,18d224d
e87becb1d4f3,2026-07-06T16:32:15+00:00,e1_baselines,digits_3v5,mlp,36f13d275a,2,s2_f3,classical,292,73,64,1519,1.000000,1.000000,1.000000,1.000000,0.1583,0.0005,18d224d
40f649422df9,2026-07-06T16:32:15+00:00,e1_baselines,digits_3v5,mlp,36f13d275a,2,s2_f4,classical,292,73,64,1519,1.000000,1.000000,1.000000,1.000000,0.1487,0.0006,18d224d
d1737ef0b710,2026-07-06T16:32:15+00:00,e1_baselines,digits_3v5,mlp,36f13d275a,3,s3_f0,classical,292,73,64,1519,1.000000,1.000000,1.000000,1.000000,0.1285,0.0005,18d224d
2a4edadb7d21,2026-07-06T16:32:15+00:00,e1_baselines,digits_3v5,mlp,36f13d275a,3,s3_f1,classical,292,73,64,1519,1.000000,1.000000,1.000000,1.000000,0.1230,0.0006,18d224d
faac30416e5b,2026-07-06T16:32:15+00:00,e1_baselines,digits_3v5,mlp,36f13d275a,3,s3_f2,classical,292,73,64,1519,0.986301,0.986486,0.986301,1.000000,0.1332,0.0007,18d224d
865755ab76f0,2026-07-06T16:32:15+00:00,e1_baselines,digits_3v5,mlp,36f13d275a,3,s3_f3,classical,292,73,64,1519,1.000000,1.000000,1.000000,1.000000,0.1358,0.0006,18d224d
38e83d66b0ef,2026-07-06T16:32:15+00:00,e1_baselines,digits_3v5,mlp,36f13d275a,3,s3_f4,classical,292,73,64,1519,0.986301,0.986486,0.986301,0.997748,0.1014,0.0007,18d224d
71f7c7574014,2026-07-06T16:32:16+00:00,e1_baselines,digits_3v5,mlp,36f13d275a,4,s4_f0,classical,292,73,64,1519,1.000000,1.000000,1.000000,1.000000,0.1674,0.0006,18d224d
ce07b21b7824,2026-07-06T16:32:16+00:00,e1_baselines,digits_3v5,mlp,36f13d275a,4,s4_f1,classical,292,73,64,1519,1.000000,1.000000,1.000000,1.000000,0.1643,0.0006,18d224d
7113f37fcb0d,2026-07-06T16:32:16+00:00,e1_baselines,digits_3v5,mlp,36f13d275a,4,s4_f2,classical,292,73,64,1519,1.000000,1.000000,1.000000,1.000000,0.1785,0.0006,18d224d
fb08f2423477,2026-07-06T16:32:16+00:00,e1_baselines,digits_3v5,mlp,36f13d275a,4,s4_f3,classical,292,73,64,1519,0.958904,0.959084,0.958904,0.996997,0.1278,0.0006,18d224d
93db33f646bc,2026-07-06T16:32:16+00:00,e1_baselines,digits_3v5,mlp,36f13d275a,4,s4_f4,classical,292,73,64,1519,1.000000,1.000000,1.000000,1.000000,0.1795,0.0006,18d224d
e55c25c3cc13,2026-07-06T16:32:20+00:00,e1_baselines,digits_3v5,rf,afafcf2967,0,s0_f0,classical,292,73,64,,0.986301,0.986111,0.985915,0.999249,0.2680,0.0314,18d224d
bdbd3abac36c,2026-07-06T16:32:20+00:00,e1_baselines,digits_3v5,rf,afafcf2967,0,s0_f1,classical,292,73,64,,0.972603,0.972598,0.972222,0.998498,0.2703,0.0311,18d224d
a8ac0789e843,2026-07-06T16:32:20+00:00,e1_baselines,digits_3v5,rf,afafcf2967,0,s0_f2,classical,292,73,64,,1.000000,1.000000,1.000000,1.000000,0.2714,0.0312,18d224d
cfef04195b61,2026-07-06T16:32:20+00:00,e1_baselines,digits_3v5,rf,afafcf2967,0,s0_f3,classical,292,73,64,,1.000000,1.000000,1.000000,1.000000,0.2675,0.0317,18d224d
1415ae21a04c,2026-07-06T16:32:21+00:00,e1_baselines,digits_3v5,rf,afafcf2967,0,s0_f4,classical,292,73,64,,1.000000,1.000000,1.000000,1.000000,0.2724,0.0296,18d224d
f28a1adf63ef,2026-07-06T16:32:21+00:00,e1_baselines,digits_3v5,rf,afafcf2967,1,s1_f0,classical,292,73,64,,1.000000,1.000000,1.000000,1.000000,0.2646,0.0291,18d224d
1c18aafb56be,2026-07-06T16:32:21+00:00,e1_baselines,digits_3v5,rf,afafcf2967,1,s1_f1,classical,292,73,64,,0.986301,0.986111,0.985915,1.000000,0.2653,0.0303,18d224d
949e41dd09f2,2026-07-06T16:32:22+00:00,e1_baselines,digits_3v5,rf,afafcf2967,1,s1_f2,classical,292,73,64,,0.986301,0.986111,0.985915,0.997748,0.3271,0.0315,18d224d
6b89ad3ad828,2026-07-06T16:32:22+00:00,e1_baselines,digits_3v5,rf,afafcf2967,1,s1_f3,classical,292,73,64,,0.972603,0.972222,0.973684,1.000000,0.2725,0.0314,18d224d
f5383dd080a1,2026-07-06T16:32:22+00:00,e1_baselines,digits_3v5,rf,afafcf2967,1,s1_f4,classical,292,73,64,,1.000000,1.000000,1.000000,1.000000,0.2697,0.0303,18d224d
9844cf942543,2026-07-06T16:32:23+00:00,e1_baselines,digits_3v5,rf,afafcf2967,2,s2_f0,classical,292,73,64,,1.000000,1.000000,1.000000,1.000000,0.2685,0.0345,18d224d
96c5c4d9314a,2026-07-06T16:32:23+00:00,e1_baselines,digits_3v5,rf,afafcf2967,2,s2_f1,classical,292,73,64,,0.986301,0.986111,0.985915,0.999249,0.2751,0.0315,18d224d
3ef6f226c33f,2026-07-06T16:32:23+00:00,e1_baselines,digits_3v5,rf,afafcf2967,2,s2_f2,classical,292,73,64,,0.986301,0.986111,0.985915,0.996246,0.2679,0.0315,18d224d
7eebdab695f1,2026-07-06T16:32:24+00:00,e1_baselines,digits_3v5,rf,afafcf2967,2,s2_f3,classical,292,73,64,,1.000000,1.000000,1.000000,1.000000,0.2812,0.0340,18d224d
01764ba05440,2026-07-06T16:32:24+00:00,e1_baselines,digits_3v5,rf,afafcf2967,2,s2_f4,classical,292,73,64,,1.000000,1.000000,1.000000,1.000000,0.2720,0.0298,18d224d
c9683994e3ec,2026-07-06T16:32:24+00:00,e1_baselines,digits_3v5,rf,afafcf2967,3,s3_f0,classical,292,73,64,,1.000000,1.000000,1.000000,1.000000,0.2668,0.0306,18d224d
b7f920d11dc1,2026-07-06T16:32:25+00:00,e1_baselines,digits_3v5,rf,afafcf2967,3,s3_f1,classical,292,73,64,,0.986301,0.986111,0.985915,0.999249,0.2993,0.0295,18d224d
406ff685f008,2026-07-06T16:32:25+00:00,e1_baselines,digits_3v5,rf,afafcf2967,3,s3_f2,classical,292,73,64,,0.986301,0.986486,0.986301,1.000000,0.2599,0.0289,18d224d
3e6813f4fea9,2026-07-06T16:32:25+00:00,e1_baselines,digits_3v5,rf,afafcf2967,3,s3_f3,classical,292,73,64,,1.000000,1.000000,1.000000,1.000000,0.2726,0.0317,18d224d
8106905a656d,2026-07-06T16:32:25+00:00,e1_baselines,digits_3v5,rf,afafcf2967,3,s3_f4,classical,292,73,64,,0.972603,0.972598,0.972973,0.998498,0.2673,0.0324,18d224d
72cfa5266de4,2026-07-06T16:32:26+00:00,e1_baselines,digits_3v5,rf,afafcf2967,4,s4_f0,classical,292,73,64,,1.000000,1.000000,1.000000,1.000000,0.2673,0.0288,18d224d
edbdf90ddd05,2026-07-06T16:32:26+00:00,e1_baselines,digits_3v5,rf,afafcf2967,4,s4_f1,classical,292,73,64,,1.000000,1.000000,1.000000,1.000000,0.2527,0.0287,18d224d
003efc8875fd,2026-07-06T16:32:26+00:00,e1_baselines,digits_3v5,rf,afafcf2967,4,s4_f2,classical,292,73,64,,1.000000,1.000000,1.000000,1.000000,0.2520,0.0287,18d224d
782b2dae5158,2026-07-06T16:32:27+00:00,e1_baselines,digits_3v5,rf,afafcf2967,4,s4_f3,classical,292,73,64,,0.958904,0.959084,0.958904,0.998498,0.2536,0.0284,18d224d
cb669c56fe4e,2026-07-06T16:32:27+00:00,e1_baselines,digits_3v5,rf,afafcf2967,4,s4_f4,classical,292,73,64,,1.000000,1.000000,1.000000,1.000000,0.2526,0.0284,18d224d
f8141318e3c5,2026-07-06T16:32:30+00:00,e1_baselines,digits_3v5,svm_linear,f0f7559ba2,0,s0_f0,classical,292,73,64,65,0.986301,0.986111,0.985915,1.000000,0.0029,0.0006,18d224d
49ba967e30dc,2026-07-06T16:32:30+00:00,e1_baselines,digits_3v5,svm_linear,f0f7559ba2,0,s0_f1,classical,292,73,64,65,1.000000,1.000000,1.000000,1.000000,0.0018,0.0005,18d224d
257640d2b5ac,2026-07-06T16:32:30+00:00,e1_baselines,digits_3v5,svm_linear,f0f7559ba2,0,s0_f2,classical,292,73,64,65,0.986301,0.986486,0.986301,1.000000,0.0016,0.0005,18d224d
d2798bcb0889,2026-07-06T16:32:30+00:00,e1_baselines,digits_3v5,svm_linear,f0f7559ba2,0,s0_f3,classical,292,73,64,65,1.000000,1.000000,1.000000,1.000000,0.0016,0.0005,18d224d
fe6635bde124,2026-07-06T16:32:30+00:00,e1_baselines,digits_3v5,svm_linear,f0f7559ba2,0,s0_f4,classical,292,73,64,65,1.000000,1.000000,1.000000,1.000000,0.0018,0.0004,18d224d
cfb1a878ad53,2026-07-06T16:32:30+00:00,e1_baselines,digits_3v5,svm_linear,f0f7559ba2,1,s1_f0,classical,292,73,64,65,0.986301,0.986486,0.986301,1.000000,0.0016,0.0004,18d224d
2adf499bf844,2026-07-06T16:32:30+00:00,e1_baselines,digits_3v5,svm_linear,f0f7559ba2,1,s1_f1,classical,292,73,64,65,1.000000,1.000000,1.000000,1.000000,0.0017,0.0006,18d224d
e427245a57a5,2026-07-06T16:32:30+00:00,e1_baselines,digits_3v5,svm_linear,f0f7559ba2,1,s1_f2,classical,292,73,64,65,0.986301,0.986111,0.985915,0.999249,0.0018,0.0005,18d224d
e53ac10b3dc1,2026-07-06T16:32:30+00:00,e1_baselines,digits_3v5,svm_linear,f0f7559ba2,1,s1_f3,classical,292,73,64,65,0.986301,0.986111,0.986667,1.000000,0.0014,0.0005,18d224d
036d395a8dc4,2026-07-06T16:32:30+00:00,e1_baselines,digits_3v5,svm_linear,f0f7559ba2,1,s1_f4,classical,292,73,64,65,1.000000,1.000000,1.000000,1.000000,0.0016,0.0005,18d224d
6be9c457462a,2026-07-06T16:32:30+00:00,e1_baselines,digits_3v5,svm_linear,f0f7559ba2,2,s2_f0,classical,292,73,64,65,0.986301,0.986111,0.985915,1.000000,0.0015,0.0005,18d224d
36cb69eabe74,2026-07-06T16:32:30+00:00,e1_baselines,digits_3v5,svm_linear,f0f7559ba2,2,s2_f1,classical,292,73,64,65,0.986301,0.986486,0.986301,1.000000,0.0016,0.0005,18d224d
82a79e377525,2026-07-06T16:32:30+00:00,e1_baselines,digits_3v5,svm_linear,f0f7559ba2,2,s2_f2,classical,292,73,64,65,0.986301,0.986111,0.985915,0.999249,0.0016,0.0005,18d224d
c1ced791448a,2026-07-06T16:32:30+00:00,e1_baselines,digits_3v5,svm_linear,f0f7559ba2,2,s2_f3,classical,292,73,64,65,1.000000,1.000000,1.000000,1.000000,0.0016,0.0005,18d224d
502d53eceb01,2026-07-06T16:32:30+00:00,e1_baselines,digits_3v5,svm_linear,f0f7559ba2,2,s2_f4,classical,292,73,64,65,1.000000,1.000000,1.000000,1.000000,0.0017,0.0005,18d224d
a37fa793dd99,2026-07-06T16:32:30+00:00,e1_baselines,digits_3v5,svm_linear,f0f7559ba2,3,s3_f0,classical,292,73,64,65,1.000000,1.000000,1.000000,1.000000,0.0016,0.0005,18d224d
2d1b4e8df5fd,2026-07-06T16:32:30+00:00,e1_baselines,digits_3v5,svm_linear,f0f7559ba2,3,s3_f1,classical,292,73,64,65,0.986301,0.986486,0.986301,0.999249,0.0015,0.0004,18d224d
98167655c7fb,2026-07-06T16:32:30+00:00,e1_baselines,digits_3v5,svm_linear,f0f7559ba2,3,s3_f2,classical,292,73,64,65,0.986301,0.986486,0.986301,1.000000,0.0017,0.0005,18d224d
b38c34e77495,2026-07-06T16:32:30+00:00,e1_baselines,digits_3v5,svm_linear,f0f7559ba2,3,s3_f3,classical,292,73,64,65,1.000000,1.000000,1.000000,1.000000,0.0017,0.0004,18d224d
0ce09a27a893,2026-07-06T16:32:30+00:00,e1_baselines,digits_3v5,svm_linear,f0f7559ba2,3,s3_f4,classical,292,73,64,65,0.986301,0.986486,0.986301,0.999249,0.0016,0.0004,18d224d
7892c37a0499,2026-07-06T16:32:30+00:00,e1_baselines,digits_3v5,svm_linear,f0f7559ba2,4,s4_f0,classical,292,73,64,65,0.986301,0.986486,0.986301,1.000000,0.0017,0.0004,18d224d
10511ea482d6,2026-07-06T16:32:30+00:00,e1_baselines,digits_3v5,svm_linear,f0f7559ba2,4,s4_f1,classical,292,73,64,65,1.000000,1.000000,1.000000,1.000000,0.0016,0.0005,18d224d
c7cd66b09732,2026-07-06T16:32:30+00:00,e1_baselines,digits_3v5,svm_linear,f0f7559ba2,4,s4_f2,classical,292,73,64,65,1.000000,1.000000,1.000000,1.000000,0.0016,0.0005,18d224d
1bc2a59a7812,2026-07-06T16:32:30+00:00,e1_baselines,digits_3v5,svm_linear,f0f7559ba2,4,s4_f3,classical,292,73,64,65,0.972603,0.972973,0.972222,1.000000,0.0014,0.0005,18d224d
df4a168e6151,2026-07-06T16:32:30+00:00,e1_baselines,digits_3v5,svm_linear,f0f7559ba2,4,s4_f4,classical,292,73,64,65,1.000000,1.000000,1.000000,1.000000,0.0015,0.0005,18d224d
1ecf8f8f57e2,2026-07-06T16:32:33+00:00,e1_baselines,digits_3v5,svm_rbf,addb402fc7,0,s0_f0,classical,292,73,64,,0.986301,0.986111,0.985915,1.000000,0.0028,0.0009,18d224d
d742dd11da79,2026-07-06T16:32:33+00:00,e1_baselines,digits_3v5,svm_rbf,addb402fc7,0,s0_f1,classical,292,73,64,,1.000000,1.000000,1.000000,1.000000,0.0016,0.0007,18d224d
0790495c74d4,2026-07-06T16:32:33+00:00,e1_baselines,digits_3v5,svm_rbf,addb402fc7,0,s0_f2,classical,292,73,64,,1.000000,1.000000,1.000000,1.000000,0.0021,0.0009,18d224d
85c07e9bdaee,2026-07-06T16:32:33+00:00,e1_baselines,digits_3v5,svm_rbf,addb402fc7,0,s0_f3,classical,292,73,64,,1.000000,1.000000,1.000000,1.000000,0.0018,0.0007,18d224d
9d699c5d4e11,2026-07-06T16:32:33+00:00,e1_baselines,digits_3v5,svm_rbf,addb402fc7,0,s0_f4,classical,292,73,64,,1.000000,1.000000,1.000000,1.000000,0.0020,0.0008,18d224d
8b5b9515790a,2026-07-06T16:32:33+00:00,e1_baselines,digits_3v5,svm_rbf,addb402fc7,1,s1_f0,classical,292,73,64,,1.000000,1.000000,1.000000,1.000000,0.0018,0.0008,18d224d
dfabe034e143,2026-07-06T16:32:33+00:00,e1_baselines,digits_3v5,svm_rbf,addb402fc7,1,s1_f1,classical,292,73,64,,1.000000,1.000000,1.000000,1.000000,0.0019,0.0007,18d224d
d8703774132d,2026-07-06T16:32:33+00:00,e1_baselines,digits_3v5,svm_rbf,addb402fc7,1,s1_f2,classical,292,73,64,,0.986301,0.986111,0.985915,0.999249,0.0017,0.0007,18d224d
709c701620f1,2026-07-06T16:32:33+00:00,e1_baselines,digits_3v5,svm_rbf,addb402fc7,1,s1_f3,classical,292,73,64,,0.986301,0.986111,0.986667,1.000000,0.0017,0.0007,18d224d
b251742761ed,2026-07-06T16:32:33+00:00,e1_baselines,digits_3v5,svm_rbf,addb402fc7,1,s1_f4,classical,292,73,64,,1.000000,1.000000,1.000000,1.000000,0.0018,0.0007,18d224d
60743beb431b,2026-07-06T16:32:33+00:00,e1_baselines,digits_3v5,svm_rbf,addb402fc7,2,s2_f0,classical,292,73,64,,1.000000,1.000000,1.000000,1.000000,0.0018,0.0007,18d224d
b6327eaae014,2026-07-06T16:32:33+00:00,e1_baselines,digits_3v5,svm_rbf,addb402fc7,2,s2_f1,classical,292,73,64,,1.000000,1.000000,1.000000,1.000000,0.0017,0.0008,18d224d
30279e3e6859,2026-07-06T16:32:33+00:00,e1_baselines,digits_3v5,svm_rbf,addb402fc7,2,s2_f2,classical,292,73,64,,0.986301,0.986111,0.985915,1.000000,0.0017,0.0007,18d224d
80c60b806bf2,2026-07-06T16:32:33+00:00,e1_baselines,digits_3v5,svm_rbf,addb402fc7,2,s2_f3,classical,292,73,64,,1.000000,1.000000,1.000000,1.000000,0.0018,0.0007,18d224d
828704e24a5a,2026-07-06T16:32:33+00:00,e1_baselines,digits_3v5,svm_rbf,addb402fc7,2,s2_f4,classical,292,73,64,,1.000000,1.000000,1.000000,1.000000,0.0020,0.0007,18d224d
38243b6fd8bb,2026-07-06T16:32:33+00:00,e1_baselines,digits_3v5,svm_rbf,addb402fc7,3,s3_f0,classical,292,73,64,,1.000000,1.000000,1.000000,1.000000,0.0018,0.0008,18d224d
410cc4ef916c,2026-07-06T16:32:33+00:00,e1_baselines,digits_3v5,svm_rbf,addb402fc7,3,s3_f1,classical,292,73,64,,0.986301,0.986486,0.986301,1.000000,0.0017,0.0008,18d224d
426456bc76ff,2026-07-06T16:32:33+00:00,e1_baselines,digits_3v5,svm_rbf,addb402fc7,3,s3_f2,classical,292,73,64,,0.986301,0.986486,0.986301,1.000000,0.0019,0.0007,18d224d
e41e6c8fb8c5,2026-07-06T16:32:33+00:00,e1_baselines,digits_3v5,svm_rbf,addb402fc7,3,s3_f3,classical,292,73,64,,1.000000,1.000000,1.000000,1.000000,0.0018,0.0007,18d224d
70af5aa621f2,2026-07-06T16:32:33+00:00,e1_baselines,digits_3v5,svm_rbf,addb402fc7,3,s3_f4,classical,292,73,64,,0.986301,0.986486,0.986301,0.999249,0.0018,0.0007,18d224d
b7a3a2a0dd4b,2026-07-06T16:32:33+00:00,e1_baselines,digits_3v5,svm_rbf,addb402fc7,4,s4_f0,classical,292,73,64,,1.000000,1.000000,1.000000,1.000000,0.0018,0.0007,18d224d
bf47d18a2077,2026-07-06T16:32:33+00:00,e1_baselines,digits_3v5,svm_rbf,addb402fc7,4,s4_f1,classical,292,73,64,,1.000000,1.000000,1.000000,1.000000,0.0018,0.0008,18d224d
b090d1c22d31,2026-07-06T16:32:33+00:00,e1_baselines,digits_3v5,svm_rbf,addb402fc7,4,s4_f2,classical,292,73,64,,1.000000,1.000000,1.000000,1.000000,0.0017,0.0007,18d224d
4826b02be22b,2026-07-06T16:32:33+00:00,e1_baselines,digits_3v5,svm_rbf,addb402fc7,4,s4_f3,classical,292,73,64,,0.986301,0.986486,0.986301,1.000000,0.0017,0.0008,18d224d
76ea4357e94b,2026-07-06T16:32:33+00:00,e1_baselines,digits_3v5,svm_rbf,addb402fc7,4,s4_f4,classical,292,73,64,,1.000000,1.000000,1.000000,1.000000,0.0018,0.0007,18d224d
4efe9bf3eb3e,2026-07-06T16:32:36+00:00,e1_baselines,digits_3v5,xgboost,b7ec3d2d31,0,s0_f0,classical,292,73,64,,0.986301,0.986111,0.985915,0.999249,0.0414,0.0026,18d224d
9924a4b077af,2026-07-06T16:32:36+00:00,e1_baselines,digits_3v5,xgboost,b7ec3d2d31,0,s0_f1,classical,292,73,64,,0.972603,0.972598,0.972222,0.996997,0.0453,0.0023,18d224d
579419dbecd0,2026-07-06T16:32:36+00:00,e1_baselines,digits_3v5,xgboost,b7ec3d2d31,0,s0_f2,classical,292,73,64,,0.986301,0.986111,0.985915,0.999249,0.0292,0.0014,18d224d
57bdcf5867b4,2026-07-06T16:32:36+00:00,e1_baselines,digits_3v5,xgboost,b7ec3d2d31,0,s0_f3,classical,292,73,64,,1.000000,1.000000,1.000000,1.000000,0.0307,0.0019,18d224d
e0a21327b979,2026-07-06T16:32:36+00:00,e1_baselines,digits_3v5,xgboost,b7ec3d2d31,0,s0_f4,classical,292,73,64,,1.000000,1.000000,1.000000,1.000000,0.0278,0.0014,18d224d
696a7411afae,2026-07-06T16:32:36+00:00,e1_baselines,digits_3v5,xgboost,b7ec3d2d31,1,s1_f0,classical,292,73,64,,0.986301,0.986111,0.985915,1.000000,0.0298,0.0014,18d224d
a7206737057d,2026-07-06T16:32:36+00:00,e1_baselines,digits_3v5,xgboost,b7ec3d2d31,1,s1_f1,classical,292,73,64,,0.986301,0.986111,0.985915,1.000000,0.0299,0.0013,18d224d
672cd9f51872,2026-07-06T16:32:36+00:00,e1_baselines,digits_3v5,xgboost,b7ec3d2d31,1,s1_f2,classical,292,73,64,,0.972603,0.972598,0.972222,0.998498,0.0273,0.0019,18d224d
575ff8eab3c2,2026-07-06T16:32:36+00:00,e1_baselines,digits_3v5,xgboost,b7ec3d2d31,1,s1_f3,classical,292,73,64,,1.000000,1.000000,1.000000,1.000000,0.0355,0.0016,18d224d
a6424ac6a008,2026-07-06T16:32:36+00:00,e1_baselines,digits_3v5,xgboost,b7ec3d2d31,1,s1_f4,classical,292,73,64,,1.000000,1.000000,1.000000,1.000000,0.0266,0.0014,18d224d
4858db205510,2026-07-06T16:32:36+00:00,e1_baselines,digits_3v5,xgboost,b7ec3d2d31,2,s2_f0,classical,292,73,64,,0.986301,0.986111,0.985915,1.000000,0.0260,0.0013,18d224d
91c394604481,2026-07-06T16:32:36+00:00,e1_baselines,digits_3v5,xgboost,b7ec3d2d31,2,s2_f1,classical,292,73,64,,0.986301,0.986111,0.985915,0.999249,0.0253,0.0013,18d224d
1f28860dcc59,2026-07-06T16:32:36+00:00,e1_baselines,digits_3v5,xgboost,b7ec3d2d31,2,s2_f2,classical,292,73,64,,0.986301,0.986111,0.985915,0.998498,0.0255,0.0013,18d224d
ce42953351cc,2026-07-06T16:32:36+00:00,e1_baselines,digits_3v5,xgboost,b7ec3d2d31,2,s2_f3,classical,292,73,64,,0.986301,0.986111,0.986667,1.000000,0.0257,0.0013,18d224d
b155a3e7036c,2026-07-06T16:32:36+00:00,e1_baselines,digits_3v5,xgboost,b7ec3d2d31,2,s2_f4,classical,292,73,64,,1.000000,1.000000,1.000000,1.000000,0.0255,0.0013,18d224d
3aef687d04bb,2026-07-06T16:32:36+00:00,e1_baselines,digits_3v5,xgboost,b7ec3d2d31,3,s3_f0,classical,292,73,64,,0.986301,0.986111,0.985915,1.000000,0.0253,0.0014,18d224d
7f6e4c6665e5,2026-07-06T16:32:37+00:00,e1_baselines,digits_3v5,xgboost,b7ec3d2d31,3,s3_f1,classical,292,73,64,,1.000000,1.000000,1.000000,1.000000,0.0252,0.0014,18d224d
76c63a96137a,2026-07-06T16:32:37+00:00,e1_baselines,digits_3v5,xgboost,b7ec3d2d31,3,s3_f2,classical,292,73,64,,0.986301,0.986486,0.986301,1.000000,0.0315,0.0012,18d224d
99eff997ccfc,2026-07-06T16:32:37+00:00,e1_baselines,digits_3v5,xgboost,b7ec3d2d31,3,s3_f3,classical,292,73,64,,1.000000,1.000000,1.000000,1.000000,0.0261,0.0012,18d224d
6307eec42196,2026-07-06T16:32:37+00:00,e1_baselines,digits_3v5,xgboost,b7ec3d2d31,3,s3_f4,classical,292,73,64,,0.986301,0.986486,0.986301,0.998498,0.0253,0.0013,18d224d
f1ffed39f2f2,2026-07-06T16:32:37+00:00,e1_baselines,digits_3v5,xgboost,b7ec3d2d31,4,s4_f0,classical,292,73,64,,0.945205,0.945571,0.945946,0.996997,0.0252,0.0013,18d224d
0e08f1b4c029,2026-07-06T16:32:37+00:00,e1_baselines,digits_3v5,xgboost,b7ec3d2d31,4,s4_f1,classical,292,73,64,,1.000000,1.000000,1.000000,1.000000,0.0257,0.0012,18d224d
0410398da2c7,2026-07-06T16:32:37+00:00,e1_baselines,digits_3v5,xgboost,b7ec3d2d31,4,s4_f2,classical,292,73,64,,1.000000,1.000000,1.000000,1.000000,0.0260,0.0012,18d224d
e95a8d8b694b,2026-07-06T16:32:37+00:00,e1_baselines,digits_3v5,xgboost,b7ec3d2d31,4,s4_f3,classical,292,73,64,,0.972603,0.972973,0.972222,0.999249,0.0253,0.0013,18d224d
e7ab88fd8846,2026-07-06T16:32:37+00:00,e1_baselines,digits_3v5,xgboost,b7ec3d2d31,4,s4_f4,classical,292,73,64,,1.000000,1.000000,1.000000,1.000000,0.0267,0.0013,18d224d
e3291351a45e,2026-07-06T16:32:40+00:00,e1_baselines,iris_binary,knn,ee78efc3da,0,s0_f0,classical,80,20,4,,0.900000,0.900000,0.900000,0.990000,0.0015,0.0020,18d224d
8da5b49b8bbb,2026-07-06T16:32:40+00:00,e1_baselines,iris_binary,knn,ee78efc3da,0,s0_f1,classical,80,20,4,,0.950000,0.950000,0.952381,1.000000,0.0007,0.0014,18d224d
f52fbb53a49a,2026-07-06T16:32:40+00:00,e1_baselines,iris_binary,knn,ee78efc3da,0,s0_f2,classical,80,20,4,,0.950000,0.950000,0.947368,1.000000,0.0006,0.0014,18d224d
a1187bd2fda1,2026-07-06T16:32:40+00:00,e1_baselines,iris_binary,knn,ee78efc3da,0,s0_f3,classical,80,20,4,,0.950000,0.950000,0.952381,1.000000,0.0006,0.0013,18d224d
41dd490394e9,2026-07-06T16:32:40+00:00,e1_baselines,iris_binary,knn,ee78efc3da,0,s0_f4,classical,80,20,4,,0.900000,0.900000,0.900000,0.980000,0.0006,0.0012,18d224d
0fde34b18392,2026-07-06T16:32:40+00:00,e1_baselines,iris_binary,knn,ee78efc3da,1,s1_f0,classical,80,20,4,,0.950000,0.950000,0.947368,1.000000,0.0006,0.0012,18d224d
b59148069fb9,2026-07-06T16:32:40+00:00,e1_baselines,iris_binary,knn,ee78efc3da,1,s1_f1,classical,80,20,4,,0.950000,0.950000,0.952381,1.000000,0.0006,0.0011,18d224d
782636390706,2026-07-06T16:32:40+00:00,e1_baselines,iris_binary,knn,ee78efc3da,1,s1_f2,classical,80,20,4,,0.900000,0.900000,0.888889,0.950000,0.0008,0.0013,18d224d
cffb164f1cb4,2026-07-06T16:32:40+00:00,e1_baselines,iris_binary,knn,ee78efc3da,1,s1_f3,classical,80,20,4,,0.950000,0.950000,0.947368,1.000000,0.0006,0.0012,18d224d
532ef7d468f1,2026-07-06T16:32:40+00:00,e1_baselines,iris_binary,knn,ee78efc3da,1,s1_f4,classical,80,20,4,,0.950000,0.950000,0.952381,1.000000,0.0006,0.0012,18d224d
68535c851e5b,2026-07-06T16:32:40+00:00,e1_baselines,iris_binary,knn,ee78efc3da,2,s2_f0,classical,80,20,4,,1.000000,1.000000,1.000000,1.000000,0.0007,0.0012,18d224d
b528e95103d6,2026-07-06T16:32:40+00:00,e1_baselines,iris_binary,knn,ee78efc3da,2,s2_f1,classical,80,20,4,,0.950000,0.950000,0.952381,1.000000,0.0006,0.0014,18d224d
2a278df33c0b,2026-07-06T16:32:40+00:00,e1_baselines,iris_binary,knn,ee78efc3da,2,s2_f2,classical,80,20,4,,0.900000,0.900000,0.900000,0.990000,0.0006,0.0011,18d224d
be5e5197ba94,2026-07-06T16:32:40+00:00,e1_baselines,iris_binary,knn,ee78efc3da,2,s2_f3,classical,80,20,4,,0.850000,0.850000,0.842105,0.970000,0.0006,0.0012,18d224d
2802c3c54d32,2026-07-06T16:32:40+00:00,e1_baselines,iris_binary,knn,ee78efc3da,2,s2_f4,classical,80,20,4,,0.950000,0.950000,0.947368,0.940000,0.0006,0.0011,18d224d
53ca4d84a9cb,2026-07-06T16:32:40+00:00,e1_baselines,iris_binary,knn,ee78efc3da,3,s3_f0,classical,80,20,4,,0.850000,0.850000,0.857143,0.980000,0.0007,0.0012,18d224d
84c2f9b5eada,2026-07-06T16:32:40+00:00,e1_baselines,iris_binary,knn,ee78efc3da,3,s3_f1,classical,80,20,4,,0.950000,0.950000,0.947368,1.000000,0.0005,0.0011,18d224d
c45924cdbf5a,2026-07-06T16:32:40+00:00,e1_baselines,iris_binary,knn,ee78efc3da,3,s3_f2,classical,80,20,4,,0.950000,0.950000,0.952381,1.000000,0.0006,0.0011,18d224d
6baa23e2355a,2026-07-06T16:32:40+00:00,e1_baselines,iris_binary,knn,ee78efc3da,3,s3_f3,classical,80,20,4,,1.000000,1.000000,1.000000,1.000000,0.0006,0.0013,18d224d
21f1a513c990,2026-07-06T16:32:40+00:00,e1_baselines,iris_binary,knn,ee78efc3da,3,s3_f4,classical,80,20,4,,0.900000,0.900000,0.888889,0.950000,0.0006,0.0012,18d224d
d48e0529fe37,2026-07-06T16:32:40+00:00,e1_baselines,iris_binary,knn,ee78efc3da,4,s4_f0,classical,80,20,4,,0.950000,0.950000,0.947368,1.000000,0.0007,0.0011,18d224d
99dce657fd2e,2026-07-06T16:32:40+00:00,e1_baselines,iris_binary,knn,ee78efc3da,4,s4_f1,classical,80,20,4,,0.850000,0.850000,0.857143,0.980000,0.0006,0.0012,18d224d
1641ded366ed,2026-07-06T16:32:40+00:00,e1_baselines,iris_binary,knn,ee78efc3da,4,s4_f2,classical,80,20,4,,1.000000,1.000000,1.000000,1.000000,0.0006,0.0011,18d224d
b89c4087b6cf,2026-07-06T16:32:40+00:00,e1_baselines,iris_binary,knn,ee78efc3da,4,s4_f3,classical,80,20,4,,0.950000,0.950000,0.947368,0.945000,0.0006,0.0011,18d224d
75754d152df4,2026-07-06T16:32:40+00:00,e1_baselines,iris_binary,knn,ee78efc3da,4,s4_f4,classical,80,20,4,,0.900000,0.900000,0.900000,0.980000,0.0006,0.0012,18d224d
76972f2d93ad,2026-07-06T16:32:44+00:00,e1_baselines,iris_binary,logreg,6e47326c45,0,s0_f0,classical,80,20,4,5,0.900000,0.900000,0.900000,0.990000,0.0052,0.0004,18d224d
d949f528d908,2026-07-06T16:32:44+00:00,e1_baselines,iris_binary,logreg,6e47326c45,0,s0_f1,classical,80,20,4,5,0.950000,0.950000,0.952381,1.000000,0.0031,0.0004,18d224d
391beccde43c,2026-07-06T16:32:44+00:00,e1_baselines,iris_binary,logreg,6e47326c45,0,s0_f2,classical,80,20,4,5,1.000000,1.000000,1.000000,1.000000,0.0035,0.0004,18d224d
b69a7d773eb5,2026-07-06T16:32:44+00:00,e1_baselines,iris_binary,logreg,6e47326c45,0,s0_f3,classical,80,20,4,5,1.000000,1.000000,1.000000,1.000000,0.0034,0.0003,18d224d
cd07cd90e664,2026-07-06T16:32:44+00:00,e1_baselines,iris_binary,logreg,6e47326c45,0,s0_f4,classical,80,20,4,5,0.900000,0.900000,0.900000,0.990000,0.0032,0.0004,18d224d
46f37c2be669,2026-07-06T16:32:44+00:00,e1_baselines,iris_binary,logreg,6e47326c45,1,s1_f0,classical,80,20,4,5,1.000000,1.000000,1.000000,1.000000,0.0030,0.0003,18d224d
5b1dae26bd84,2026-07-06T16:32:44+00:00,e1_baselines,iris_binary,logreg,6e47326c45,1,s1_f1,classical,80,20,4,5,0.900000,0.900000,0.909091,0.990000,0.0031,0.0004,18d224d
a15a87bae035,2026-07-06T16:32:44+00:00,e1_baselines,iris_binary,logreg,6e47326c45,1,s1_f2,classical,80,20,4,5,0.950000,0.950000,0.947368,1.000000,0.0033,0.0004,18d224d
ba3ab542cbea,2026-07-06T16:32:44+00:00,e1_baselines,iris_binary,logreg,6e47326c45,1,s1_f3,classical,80,20,4,5,1.000000,1.000000,1.000000,1.000000,0.0031,0.0003,18d224d
b182e68a0370,2026-07-06T16:32:44+00:00,e1_baselines,iris_binary,logreg,6e47326c45,1,s1_f4,classical,80,20,4,5,0.950000,0.950000,0.952381,1.000000,0.0029,0.0003,18d224d
e64d5fc03459,2026-07-06T16:32:44+00:00,e1_baselines,iris_binary,logreg,6e47326c45,2,s2_f0,classical,80,20,4,5,1.000000,1.000000,1.000000,1.000000,0.0032,0.0003,18d224d
a2086e4fa3d0,2026-07-06T16:32:44+00:00,e1_baselines,iris_binary,logreg,6e47326c45,2,s2_f1,classical,80,20,4,5,0.950000,0.950000,0.952381,1.000000,0.0029,0.0003,18d224d
e087d0352250,2026-07-06T16:32:44+00:00,e1_baselines,iris_binary,logreg,6e47326c45,2,s2_f2,classical,80,20,4,5,0.950000,0.950000,0.952381,1.000000,0.0031,0.0004,18d224d
2b4c75e4f47a,2026-07-06T16:32:44+00:00,e1_baselines,iris_binary,logreg,6e47326c45,2,s2_f3,classical,80,20,4,5,0.950000,0.950000,0.952381,1.000000,0.0031,0.0004,18d224d
8e8a906c5a30,2026-07-06T16:32:44+00:00,e1_baselines,iris_binary,logreg,6e47326c45,2,s2_f4,classical,80,20,4,5,0.950000,0.950000,0.947368,1.000000,0.0031,0.0004,18d224d
d67b01ad1b59,2026-07-06T16:32:44+00:00,e1_baselines,iris_binary,logreg,6e47326c45,3,s3_f0,classical,80,20,4,5,0.850000,0.850000,0.857143,0.980000,0.0034,0.0003,18d224d
322cf751a6d4,2026-07-06T16:32:44+00:00,e1_baselines,iris_binary,logreg,6e47326c45,3,s3_f1,classical,80,20,4,5,1.000000,1.000000,1.000000,1.000000,0.0029,0.0003,18d224d
5bedc19c2f3c,2026-07-06T16:32:44+00:00,e1_baselines,iris_binary,logreg,6e47326c45,3,s3_f2,classical,80,20,4,5,0.900000,0.900000,0.909091,0.990000,0.0031,0.0003,18d224d
c666c1a99f09,2026-07-06T16:32:44+00:00,e1_baselines,iris_binary,logreg,6e47326c45,3,s3_f3,classical,80,20,4,5,1.000000,1.000000,1.000000,1.000000,0.0032,0.0003,18d224d
669807a1831a,2026-07-06T16:32:44+00:00,e1_baselines,iris_binary,logreg,6e47326c45,3,s3_f4,classical,80,20,4,5,0.950000,0.950000,0.947368,1.000000,0.0030,0.0003,18d224d
44246f76101a,2026-07-06T16:32:44+00:00,e1_baselines,iris_binary,logreg,6e47326c45,4,s4_f0,classical,80,20,4,5,1.000000,1.000000,1.000000,1.000000,0.0032,0.0004,18d224d
19fd8df15618,2026-07-06T16:32:44+00:00,e1_baselines,iris_binary,logreg,6e47326c45,4,s4_f1,classical,80,20,4,5,0.950000,0.950000,0.952381,1.000000,0.0031,0.0004,18d224d
c294f6db649f,2026-07-06T16:32:44+00:00,e1_baselines,iris_binary,logreg,6e47326c45,4,s4_f2,classical,80,20,4,5,1.000000,1.000000,1.000000,1.000000,0.0031,0.0004,18d224d
f61a7f876b70,2026-07-06T16:32:44+00:00,e1_baselines,iris_binary,logreg,6e47326c45,4,s4_f3,classical,80,20,4,5,0.950000,0.950000,0.947368,0.990000,0.0030,0.0004,18d224d
ac663052c254,2026-07-06T16:32:44+00:00,e1_baselines,iris_binary,logreg,6e47326c45,4,s4_f4,classical,80,20,4,5,0.950000,0.950000,0.952381,1.000000,0.0030,0.0003,18d224d
21ef07871d41,2026-07-06T16:32:47+00:00,e1_baselines,iris_binary,mlp,52b9bcc150,0,s0_f0,classical,80,20,4,151,0.900000,0.900000,0.900000,0.970000,0.3085,0.0006,18d224d
16a0aa1f08a7,2026-07-06T16:32:47+00:00,e1_baselines,iris_binary,mlp,52b9bcc150,0,s0_f1,classical,80,20,4,151,1.000000,1.000000,1.000000,1.000000,0.3028,0.0006,18d224d
ed0c574d712c,2026-07-06T16:32:48+00:00,e1_baselines,iris_binary,mlp,52b9bcc150,0,s0_f2,classical,80,20,4,151,0.950000,0.950000,0.952381,1.000000,0.3043,0.0006,18d224d
f7111908d595,2026-07-06T16:32:48+00:00,e1_baselines,iris_binary,mlp,52b9bcc150,0,s0_f3,classical,80,20,4,151,0.950000,0.950000,0.952381,0.980000,0.3279,0.0006,18d224d
9171c056545b,2026-07-06T16:32:48+00:00,e1_baselines,iris_binary,mlp,52b9bcc150,0,s0_f4,classical,80,20,4,151,0.900000,0.900000,0.909091,0.960000,0.3307,0.0005,18d224d
d8b35dc06628,2026-07-06T16:32:49+00:00,e1_baselines,iris_binary,mlp,52b9bcc150,1,s1_f0,classical,80,20,4,151,0.850000,0.850000,0.857143,0.960000,0.3172,0.0005,18d224d
ab0cae7e0ebf,2026-07-06T16:32:49+00:00,e1_baselines,iris_binary,mlp,52b9bcc150,1,s1_f1,classical,80,20,4,151,0.900000,0.900000,0.909091,0.970000,0.3283,0.0007,18d224d
79d4f0b9ebd6,2026-07-06T16:32:49+00:00,e1_baselines,iris_binary,mlp,52b9bcc150,1,s1_f2,classical,80,20,4,151,0.950000,0.950000,0.952381,1.000000,0.3146,0.0005,18d224d
6db61ebe6409,2026-07-06T16:32:50+00:00,e1_baselines,iris_binary,mlp,52b9bcc150,1,s1_f3,classical,80,20,4,151,0.950000,0.950000,0.947368,0.990000,0.3181,0.0006,18d224d
6e66433ef0ac,2026-07-06T16:32:50+00:00,e1_baselines,iris_binary,mlp,52b9bcc150,1,s1_f4,classical,80,20,4,151,0.900000,0.900000,0.909091,1.000000,0.3009,0.0005,18d224d
7129c84d2488,2026-07-06T16:32:50+00:00,e1_baselines,iris_binary,mlp,52b9bcc150,2,s2_f0,classical,80,20,4,151,1.000000,1.000000,1.000000,1.000000,0.3038,0.0005,18d224d
f75e8e9dd5f8,2026-07-06T16:32:51+00:00,e1_baselines,iris_binary,mlp,52b9bcc150,2,s2_f1,classical,80,20,4,151,0.950000,0.950000,0.952381,1.000000,0.3099,0.0005,18d224d
99f7c6f87c36,2026-07-06T16:32:51+00:00,e1_baselines,iris_binary,mlp,52b9bcc150,2,s2_f2,classical,80,20,4,151,0.950000,0.950000,0.952381,0.990000,0.2979,0.0005,18d224d
15f3baac4ccc,2026-07-06T16:32:51+00:00,e1_baselines,iris_binary,mlp,52b9bcc150,2,s2_f3,classical,80,20,4,151,0.950000,0.950000,0.952381,0.980000,0.3060,0.0005,18d224d
36f0fd31fa0c,2026-07-06T16:32:52+00:00,e1_baselines,iris_binary,mlp,52b9bcc150,2,s2_f4,classical,80,20,4,151,0.950000,0.950000,0.947368,1.000000,0.3005,0.0005,18d224d
674a9a591d1b,2026-07-06T16:32:52+00:00,e1_baselines,iris_binary,mlp,52b9bcc150,3,s3_f0,classical,80,20,4,151,0.900000,0.900000,0.909091,1.000000,0.2968,0.0005,18d224d
585102f2ee76,2026-07-06T16:32:52+00:00,e1_baselines,iris_binary,mlp,52b9bcc150,3,s3_f1,classical,80,20,4,151,1.000000,1.000000,1.000000,1.000000,0.2970,0.0005,18d224d
7661c07fd607,2026-07-06T16:32:53+00:00,e1_baselines,iris_binary,mlp,52b9bcc150,3,s3_f2,classical,80,20,4,151,0.900000,0.900000,0.909091,1.000000,0.3105,0.0006,18d224d
b8b727506afc,2026-07-06T16:32:53+00:00,e1_baselines,iris_binary,mlp,52b9bcc150,3,s3_f3,classical,80,20,4,151,0.950000,0.950000,0.952381,1.000000,0.3357,0.0005,18d224d
e85510bb8509,2026-07-06T16:32:53+00:00,e1_baselines,iris_binary,mlp,52b9bcc150,3,s3_f4,classical,80,20,4,151,0.900000,0.900000,0.888889,1.000000,0.3529,0.0005,18d224d
c3301bdc11fe,2026-07-06T16:32:54+00:00,e1_baselines,iris_binary,mlp,52b9bcc150,4,s4_f0,classical,80,20,4,151,1.000000,1.000000,1.000000,1.000000,0.3385,0.0005,18d224d
916485981804,2026-07-06T16:32:54+00:00,e1_baselines,iris_binary,mlp,52b9bcc150,4,s4_f1,classical,80,20,4,151,0.900000,0.900000,0.909091,1.000000,0.3163,0.0006,18d224d
33ebfc2711ff,2026-07-06T16:32:54+00:00,e1_baselines,iris_binary,mlp,52b9bcc150,4,s4_f2,classical,80,20,4,151,0.950000,0.950000,0.952381,1.000000,0.3170,0.0006,18d224d
574e54550c82,2026-07-06T16:32:55+00:00,e1_baselines,iris_binary,mlp,52b9bcc150,4,s4_f3,classical,80,20,4,151,0.950000,0.950000,0.952381,0.990000,0.3408,0.0005,18d224d
791a5f63fb50,2026-07-06T16:32:55+00:00,e1_baselines,iris_binary,mlp,52b9bcc150,4,s4_f4,classical,80,20,4,151,0.950000,0.950000,0.952381,1.000000,0.3240,0.0005,18d224d
d70a6ea522df,2026-07-06T16:32:58+00:00,e1_baselines,iris_binary,rf,4429427c16,0,s0_f0,classical,80,20,4,,0.900000,0.900000,0.900000,0.990000,0.0702,0.0082,18d224d
a085639e9c96,2026-07-06T16:32:58+00:00,e1_baselines,iris_binary,rf,4429427c16,0,s0_f1,classical,80,20,4,,0.950000,0.950000,0.952381,0.990000,0.0658,0.0079,18d224d
c2028e4c86af,2026-07-06T16:32:58+00:00,e1_baselines,iris_binary,rf,4429427c16,0,s0_f2,classical,80,20,4,,0.950000,0.950000,0.947368,1.000000,0.0615,0.0081,18d224d
4b4bc47dd6e8,2026-07-06T16:32:58+00:00,e1_baselines,iris_binary,rf,4429427c16,0,s0_f3,classical,80,20,4,,1.000000,1.000000,1.000000,1.000000,0.0649,0.0078,18d224d
3e2e133ebd53,2026-07-06T16:32:58+00:00,e1_baselines,iris_binary,rf,4429427c16,0,s0_f4,classical,80,20,4,,0.900000,0.900000,0.888889,0.980000,0.0612,0.0078,18d224d
3ea056b1584c,2026-07-06T16:32:58+00:00,e1_baselines,iris_binary,rf,4429427c16,1,s1_f0,classical,80,20,4,,0.950000,0.950000,0.947368,0.990000,0.0670,0.0110,18d224d
ac0d94b6fe67,2026-07-06T16:32:58+00:00,e1_baselines,iris_binary,rf,4429427c16,1,s1_f1,classical,80,20,4,,0.900000,0.900000,0.909091,0.970000,0.0660,0.0079,18d224d
0c8392ae6e74,2026-07-06T16:32:58+00:00,e1_baselines,iris_binary,rf,4429427c16,1,s1_f2,classical,80,20,4,,0.900000,0.900000,0.888889,1.000000,0.0671,0.0085,18d224d
90e5ba3cccc7,2026-07-06T16:32:59+00:00,e1_baselines,iris_binary,rf,4429427c16,1,s1_f3,classical,80,20,4,,1.000000,1.000000,1.000000,1.000000,0.0654,0.0084,18d224d
9a4c350279cf,2026-07-06T16:32:59+00:00,e1_baselines,iris_binary,rf,4429427c16,1,s1_f4,classical,80,20,4,,0.950000,0.950000,0.952381,0.995000,0.0651,0.0109,18d224d
d9f43de97c78,2026-07-06T16:32:59+00:00,e1_baselines,iris_binary,rf,4429427c16,2,s2_f0,classical,80,20,4,,1.000000,1.000000,1.000000,1.000000,0.0623,0.0078,18d224d
9bd98fdd6e11,2026-07-06T16:32:59+00:00,e1_baselines,iris_binary,rf,4429427c16,2,s2_f1,classical,80,20,4,,0.950000,0.950000,0.952381,1.000000,0.0627,0.0078,18d224d
431204d8a5c5,2026-07-06T16:32:59+00:00,e1_baselines,iris_binary,rf,4429427c16,2,s2_f2,classical,80,20,4,,0.900000,0.900000,0.900000,0.990000,0.0683,0.0083,18d224d
c27eb0f92209,2026-07-06T16:32:59+00:00,e1_baselines,iris_binary,rf,4429427c16,2,s2_f3,classical,80,20,4,,0.850000,0.850000,0.842105,0.970000,0.0649,0.0088,18d224d
8d68ad760a21,2026-07-06T16:32:59+00:00,e1_baselines,iris_binary,rf,4429427c16,2,s2_f4,classical,80,20,4,,0.950000,0.950000,0.947368,1.000000,0.0669,0.0080,18d224d
f0abbcecf9d9,2026-07-06T16:32:59+00:00,e1_baselines,iris_binary,rf,4429427c16,3,s3_f0,classical,80,20,4,,0.850000,0.850000,0.857143,0.970000,0.0647,0.0105,18d224d
408476ac3f63,2026-07-06T16:32:59+00:00,e1_baselines,iris_binary,rf,4429427c16,3,s3_f1,classical,80,20,4,,0.950000,0.950000,0.947368,1.000000,0.0636,0.0076,18d224d
2c94e6234ead,2026-07-06T16:32:59+00:00,e1_baselines,iris_binary,rf,4429427c16,3,s3_f2,classical,80,20,4,,0.950000,0.950000,0.952381,1.000000,0.0677,0.0079,18d224d
b87b67df0864,2026-07-06T16:32:59+00:00,e1_baselines,iris_binary,rf,4429427c16,3,s3_f3,classical,80,20,4,,1.000000,1.000000,1.000000,1.000000,0.0658,0.0086,18d224d
8d563772bbcf,2026-07-06T16:32:59+00:00,e1_baselines,iris_binary,rf,4429427c16,3,s3_f4,classical,80,20,4,,0.850000,0.850000,0.823529,0.990000,0.0656,0.0079,18d224d
18a50a7d3956,2026-07-06T16:33:00+00:00,e1_baselines,iris_binary,rf,4429427c16,4,s4_f0,classical,80,20,4,,0.950000,0.950000,0.947368,1.000000,0.0629,0.0080,18d224d
3b5d5b9f641d,2026-07-06T16:33:00+00:00,e1_baselines,iris_binary,rf,4429427c16,4,s4_f1,classical,80,20,4,,0.900000,0.900000,0.900000,0.970000,0.0636,0.0083,18d224d
b0f03a51f9cc,2026-07-06T16:33:00+00:00,e1_baselines,iris_binary,rf,4429427c16,4,s4_f2,classical,80,20,4,,1.000000,1.000000,1.000000,1.000000,0.0678,0.0081,18d224d
a2d7b0698e1b,2026-07-06T16:33:00+00:00,e1_baselines,iris_binary,rf,4429427c16,4,s4_f3,classical,80,20,4,,0.850000,0.850000,0.842105,0.960000,0.0675,0.0080,18d224d
1c089016b202,2026-07-06T16:33:00+00:00,e1_baselines,iris_binary,rf,4429427c16,4,s4_f4,classical,80,20,4,,0.900000,0.900000,0.900000,0.990000,0.0648,0.0079,18d224d
191c68449718,2026-07-06T16:33:03+00:00,e1_baselines,iris_binary,svm_linear,2a1835c631,0,s0_f0,classical,80,20,4,5,0.900000,0.900000,0.900000,0.950000,0.0022,0.0006,18d224d
e9b34e46b083,2026-07-06T16:33:03+00:00,e1_baselines,iris_binary,svm_linear,2a1835c631,0,s0_f1,classical,80,20,4,5,0.950000,0.950000,0.952381,1.000000,0.0014,0.0005,18d224d
852082ea0af7,2026-07-06T16:33:03+00:00,e1_baselines,iris_binary,svm_linear,2a1835c631,0,s0_f2,classical,80,20,4,5,0.950000,0.950000,0.947368,1.000000,0.0011,0.0005,18d224d
98a1a1d62495,2026-07-06T16:33:03+00:00,e1_baselines,iris_binary,svm_linear,2a1835c631,0,s0_f3,classical,80,20,4,5,1.000000,1.000000,1.000000,1.000000,0.0011,0.0004,18d224d
f6a059d10f21,2026-07-06T16:33:03+00:00,e1_baselines,iris_binary,svm_linear,2a1835c631,0,s0_f4,classical,80,20,4,5,0.900000,0.900000,0.888889,0.970000,0.0011,0.0005,18d224d
92739f4f0394,2026-07-06T16:33:03+00:00,e1_baselines,iris_binary,svm_linear,2a1835c631,1,s1_f0,classical,80,20,4,5,0.950000,0.950000,0.947368,0.960000,0.0013,0.0005,18d224d
c504e0dc9520,2026-07-06T16:33:03+00:00,e1_baselines,iris_binary,svm_linear,2a1835c631,1,s1_f1,classical,80,20,4,5,0.950000,0.950000,0.952381,0.990000,0.0012,0.0004,18d224d
a06f9f62f9ca,2026-07-06T16:33:03+00:00,e1_baselines,iris_binary,svm_linear,2a1835c631,1,s1_f2,classical,80,20,4,5,0.900000,0.900000,0.888889,0.980000,0.0012,0.0004,18d224d
cc5b68358bf1,2026-07-06T16:33:03+00:00,e1_baselines,iris_binary,svm_linear,2a1835c631,1,s1_f3,classical,80,20,4,5,0.950000,0.950000,0.947368,1.000000,0.0012,0.0005,18d224d
ce18992ce89b,2026-07-06T16:33:03+00:00,e1_baselines,iris_binary,svm_linear,2a1835c631,1,s1_f4,classical,80,20,4,5,0.950000,0.950000,0.952381,1.000000,0.0011,0.0004,18d224d
fccf354f28dc,2026-07-06T16:33:03+00:00,e1_baselines,iris_binary,svm_linear,2a1835c631,2,s2_f0,classical,80,20,4,5,1.000000,1.000000,1.000000,1.000000,0.0015,0.0004,18d224d
09368f522c02,2026-07-06T16:33:03+00:00,e1_baselines,iris_binary,svm_linear,2a1835c631,2,s2_f1,classical,80,20,4,5,0.950000,0.950000,0.952381,0.990000,0.0011,0.0005,18d224d
fa7c9f397b77,2026-07-06T16:33:03+00:00,e1_baselines,iris_binary,svm_linear,2a1835c631,2,s2_f2,classical,80,20,4,5,0.900000,0.900000,0.900000,0.970000,0.0010,0.0004,18d224d
e03ec9885984,2026-07-06T16:33:03+00:00,e1_baselines,iris_binary,svm_linear,2a1835c631,2,s2_f3,classical,80,20,4,5,0.850000,0.850000,0.842105,0.890000,0.0010,0.0004,18d224d
c3dcdd62073e,2026-07-06T16:33:03+00:00,e1_baselines,iris_binary,svm_linear,2a1835c631,2,s2_f4,classical,80,20,4,5,0.950000,0.950000,0.947368,0.990000,0.0015,0.0006,18d224d
0c401c78591f,2026-07-06T16:33:03+00:00,e1_baselines,iris_binary,svm_linear,2a1835c631,3,s3_f0,classical,80,20,4,5,0.850000,0.850000,0.857143,0.940000,0.0013,0.0004,18d224d
fa0cf52c9642,2026-07-06T16:33:03+00:00,e1_baselines,iris_binary,svm_linear,2a1835c631,3,s3_f1,classical,80,20,4,5,0.950000,0.950000,0.947368,0.980000,0.0011,0.0004,18d224d
e5c3ba1fe70f,2026-07-06T16:33:03+00:00,e1_baselines,iris_binary,svm_linear,2a1835c631,3,s3_f2,classical,80,20,4,5,1.000000,1.000000,1.000000,1.000000,0.0010,0.0004,18d224d
931c7dba9908,2026-07-06T16:33:03+00:00,e1_baselines,iris_binary,svm_linear,2a1835c631,3,s3_f3,classical,80,20,4,5,1.000000,1.000000,1.000000,1.000000,0.0011,0.0005,18d224d
09975cb5231d,2026-07-06T16:33:03+00:00,e1_baselines,iris_binary,svm_linear,2a1835c631,3,s3_f4,classical,80,20,4,5,0.900000,0.900000,0.888889,0.990000,0.0011,0.0004,18d224d
76833e758906,2026-07-06T16:33:03+00:00,e1_baselines,iris_binary,svm_linear,2a1835c631,4,s4_f0,classical,80,20,4,5,0.950000,0.950000,0.947368,0.980000,0.0012,0.0004,18d224d
594370d7e42b,2026-07-06T16:33:03+00:00,e1_baselines,iris_binary,svm_linear,2a1835c631,4,s4_f1,classical,80,20,4,5,0.900000,0.900000,0.900000,0.940000,0.0011,0.0004,18d224d
06891a1a3b14,2026-07-06T16:33:03+00:00,e1_baselines,iris_binary,svm_linear,2a1835c631,4,s4_f2,classical,80,20,4,5,1.000000,1.000000,1.000000,1.000000,0.0011,0.0004,18d224d
9a21077db367,2026-07-06T16:33:03+00:00,e1_baselines,iris_binary,svm_linear,2a1835c631,4,s4_f3,classical,80,20,4,5,0.900000,0.900000,0.900000,0.960000,0.0011,0.0004,18d224d
cee01cc4a5b5,2026-07-06T16:33:03+00:00,e1_baselines,iris_binary,svm_linear,2a1835c631,4,s4_f4,classical,80,20,4,5,0.950000,0.950000,0.947368,0.980000,0.0010,0.0004,18d224d
e358296bba7a,2026-07-06T16:33:06+00:00,e1_baselines,iris_binary,svm_rbf,581da5be84,0,s0_f0,classical,80,20,4,,0.950000,0.950000,0.952381,0.990000,0.0024,0.0006,18d224d
c5c954825122,2026-07-06T16:33:06+00:00,e1_baselines,iris_binary,svm_rbf,581da5be84,0,s0_f1,classical,80,20,4,,0.950000,0.950000,0.952381,1.000000,0.0011,0.0005,18d224d
f66fe2212572,2026-07-06T16:33:06+00:00,e1_baselines,iris_binary,svm_rbf,581da5be84,0,s0_f2,classical,80,20,4,,1.000000,1.000000,1.000000,1.000000,0.0011,0.0005,18d224d
4b8d31e2fcea,2026-07-06T16:33:06+00:00,e1_baselines,iris_binary,svm_rbf,581da5be84,0,s0_f3,classical,80,20,4,,1.000000,1.000000,1.000000,1.000000,0.0011,0.0005,18d224d
c93e309e5e7a,2026-07-06T16:33:06+00:00,e1_baselines,iris_binary,svm_rbf,581da5be84,0,s0_f4,classical,80,20,4,,0.900000,0.900000,0.900000,0.970000,0.0011,0.0005,18d224d
d8672d6276c6,2026-07-06T16:33:06+00:00,e1_baselines,iris_binary,svm_rbf,581da5be84,1,s1_f0,classical,80,20,4,,1.000000,1.000000,1.000000,1.000000,0.0011,0.0005,18d224d
6db8faabb3d0,2026-07-06T16:33:06+00:00,e1_baselines,iris_binary,svm_rbf,581da5be84,1,s1_f1,classical,80,20,4,,0.900000,0.900000,0.909091,1.000000,0.0011,0.0004,18d224d
6117e01192aa,2026-07-06T16:33:06+00:00,e1_baselines,iris_binary,svm_rbf,581da5be84,1,s1_f2,classical,80,20,4,,0.900000,0.900000,0.888889,0.960000,0.0011,0.0005,18d224d
789aec94dfd5,2026-07-06T16:33:06+00:00,e1_baselines,iris_binary,svm_rbf,581da5be84,1,s1_f3,classical,80,20,4,,1.000000,1.000000,1.000000,1.000000,0.0011,0.0004,18d224d
b66da6035db0,2026-07-06T16:33:06+00:00,e1_baselines,iris_binary,svm_rbf,581da5be84,1,s1_f4,classical,80,20,4,,0.950000,0.950000,0.952381,0.990000,0.0011,0.0004,18d224d
a7efd3a7d777,2026-07-06T16:33:06+00:00,e1_baselines,iris_binary,svm_rbf,581da5be84,2,s2_f0,classical,80,20,4,,1.000000,1.000000,1.000000,1.000000,0.0011,0.0005,18d224d
223c0ee7d2b0,2026-07-06T16:33:06+00:00,e1_baselines,iris_binary,svm_rbf,581da5be84,2,s2_f1,classical,80,20,4,,0.950000,0.950000,0.952381,1.000000,0.0010,0.0005,18d224d
c156f8075d44,2026-07-06T16:33:06+00:00,e1_baselines,iris_binary,svm_rbf,581da5be84,2,s2_f2,classical,80,20,4,,0.950000,0.950000,0.952381,0.990000,0.0011,0.0004,18d224d
217ef96a4143,2026-07-06T16:33:06+00:00,e1_baselines,iris_binary,svm_rbf,581da5be84,2,s2_f3,classical,80,20,4,,0.950000,0.950000,0.952381,0.980000,0.0010,0.0004,18d224d
ecb99389c004,2026-07-06T16:33:06+00:00,e1_baselines,iris_binary,svm_rbf,581da5be84,2,s2_f4,classical,80,20,4,,0.950000,0.950000,0.947368,0.990000,0.0011,0.0004,18d224d
e9ce4a64cb01,2026-07-06T16:33:06+00:00,e1_baselines,iris_binary,svm_rbf,581da5be84,3,s3_f0,classical,80,20,4,,0.900000,0.900000,0.909091,0.980000,0.0011,0.0005,18d224d
ebd10baf3680,2026-07-06T16:33:06+00:00,e1_baselines,iris_binary,svm_rbf,581da5be84,3,s3_f1,classical,80,20,4,,0.950000,0.950000,0.947368,1.000000,0.0010,0.0004,18d224d
6b62033e3bd9,2026-07-06T16:33:06+00:00,e1_baselines,iris_binary,svm_rbf,581da5be84,3,s3_f2,classical,80,20,4,,0.950000,0.950000,0.952381,1.000000,0.0011,0.0004,18d224d
b1f25b608692,2026-07-06T16:33:06+00:00,e1_baselines,iris_binary,svm_rbf,581da5be84,3,s3_f3,classical,80,20,4,,0.950000,0.950000,0.952381,1.000000,0.0010,0.0005,18d224d
ec5f7b8fb909,2026-07-06T16:33:06+00:00,e1_baselines,iris_binary,svm_rbf,581da5be84,3,s3_f4,classical,80,20,4,,0.900000,0.900000,0.888889,1.000000,0.0012,0.0004,18d224d
0c623de2b3ab,2026-07-06T16:33:06+00:00,e1_baselines,iris_binary,svm_rbf,581da5be84,4,s4_f0,classical,80,20,4,,1.000000,1.000000,1.000000,1.000000,0.0011,0.0005,18d224d
7fcd9c73aa4f,2026-07-06T16:33:06+00:00,e1_baselines,iris_binary,svm_rbf,581da5be84,4,s4_f1,classical,80,20,4,,0.950000,0.950000,0.952381,0.990000,0.0011,0.0005,18d224d
3d59919d0e4e,2026-07-06T16:33:06+00:00,e1_baselines,iris_binary,svm_rbf,581da5be84,4,s4_f2,classical,80,20,4,,1.000000,1.000000,1.000000,1.000000,0.0011,0.0004,18d224d
e44386ef82e7,2026-07-06T16:33:06+00:00,e1_baselines,iris_binary,svm_rbf,581da5be84,4,s4_f3,classical,80,20,4,,0.900000,0.900000,0.900000,0.980000,0.0011,0.0005,18d224d
4c8e80d6c426,2026-07-06T16:33:06+00:00,e1_baselines,iris_binary,svm_rbf,581da5be84,4,s4_f4,classical,80,20,4,,0.900000,0.900000,0.900000,0.990000,0.0011,0.0005,18d224d
8c4bb6903bb2,2026-07-06T16:33:09+00:00,e1_baselines,iris_binary,xgboost,e2acc43ec1,0,s0_f0,classical,80,20,4,,0.900000,0.900000,0.900000,0.990000,0.0343,0.0016,18d224d
f0a0b6ff2207,2026-07-06T16:33:09+00:00,e1_baselines,iris_binary,xgboost,e2acc43ec1,0,s0_f1,classical,80,20,4,,0.950000,0.950000,0.952381,0.990000,0.0303,0.0014,18d224d
e22edb7b15ce,2026-07-06T16:33:09+00:00,e1_baselines,iris_binary,xgboost,e2acc43ec1,0,s0_f2,classical,80,20,4,,0.950000,0.950000,0.947368,1.000000,0.0299,0.0015,18d224d
6076bc87477a,2026-07-06T16:33:09+00:00,e1_baselines,iris_binary,xgboost,e2acc43ec1,0,s0_f3,classical,80,20,4,,1.000000,1.000000,1.000000,1.000000,0.0297,0.0017,18d224d
2cc19b8d24d9,2026-07-06T16:33:09+00:00,e1_baselines,iris_binary,xgboost,e2acc43ec1,0,s0_f4,classical,80,20,4,,0.850000,0.850000,0.842105,0.980000,0.0295,0.0014,18d224d
89b72f69ab31,2026-07-06T16:33:09+00:00,e1_baselines,iris_binary,xgboost,e2acc43ec1,1,s1_f0,classical,80,20,4,,0.950000,0.950000,0.947368,1.000000,0.0290,0.0014,18d224d
df2efc12b1ab,2026-07-06T16:33:09+00:00,e1_baselines,iris_binary,xgboost,e2acc43ec1,1,s1_f1,classical,80,20,4,,0.900000,0.900000,0.909091,0.940000,0.0294,0.0016,18d224d
e76d7557f9ac,2026-07-06T16:33:09+00:00,e1_baselines,iris_binary,xgboost,e2acc43ec1,1,s1_f2,classical,80,20,4,,0.900000,0.900000,0.888889,1.000000,0.0290,0.0016,18d224d
401691492f7e,2026-07-06T16:33:09+00:00,e1_baselines,iris_binary,xgboost,e2acc43ec1,1,s1_f3,classical,80,20,4,,0.950000,0.950000,0.947368,1.000000,0.0302,0.0016,18d224d
1dbad3c1cdfa,2026-07-06T16:33:09+00:00,e1_baselines,iris_binary,xgboost,e2acc43ec1,1,s1_f4,classical,80,20,4,,0.850000,0.850000,0.869565,0.995000,0.0299,0.0016,18d224d
e1aa57bb7559,2026-07-06T16:33:09+00:00,e1_baselines,iris_binary,xgboost,e2acc43ec1,2,s2_f0,classical,80,20,4,,1.000000,1.000000,1.000000,1.000000,0.0290,0.0015,18d224d
997ac310299f,2026-07-06T16:33:09+00:00,e1_baselines,iris_binary,xgboost,e2acc43ec1,2,s2_f1,classical,80,20,4,,0.950000,0.950000,0.952381,0.965000,0.0290,0.0015,18d224d
261ec7a01140,2026-07-06T16:33:09+00:00,e1_baselines,iris_binary,xgboost,e2acc43ec1,2,s2_f2,classical,80,20,4,,0.900000,0.900000,0.900000,0.990000,0.0288,0.0014,18d224d
b516bc520fd0,2026-07-06T16:33:09+00:00,e1_baselines,iris_binary,xgboost,e2acc43ec1,2,s2_f3,classical,80,20,4,,0.850000,0.850000,0.842105,0.970000,0.0288,0.0014,18d224d
31b9dcb69733,2026-07-06T16:33:09+00:00,e1_baselines,iris_binary,xgboost,e2acc43ec1,2,s2_f4,classical,80,20,4,,0.900000,0.900000,0.888889,1.000000,0.0286,0.0013,18d224d
77783d9ff935,2026-07-06T16:33:09+00:00,e1_baselines,iris_binary,xgboost,e2acc43ec1,3,s3_f0,classical,80,20,4,,0.850000,0.850000,0.857143,0.970000,0.0288,0.0012,18d224d
a81d55d0b256,2026-07-06T16:33:10+00:00,e1_baselines,iris_binary,xgboost,e2acc43ec1,3,s3_f1,classical,80,20,4,,0.950000,0.950000,0.947368,1.000000,0.0291,0.0013,18d224d
46e1f23b48f5,2026-07-06T16:33:10+00:00,e1_baselines,iris_binary,xgboost,e2acc43ec1,3,s3_f2,classical,80,20,4,,0.950000,0.950000,0.952381,1.000000,0.0293,0.0016,18d224d
4b878de1379a,2026-07-06T16:33:10+00:00,e1_baselines,iris_binary,xgboost,e2acc43ec1,3,s3_f3,classical,80,20,4,,1.000000,1.000000,1.000000,1.000000,0.0303,0.0015,18d224d
6c51ace2b34b,2026-07-06T16:33:10+00:00,e1_baselines,iris_binary,xgboost,e2acc43ec1,3,s3_f4,classical,80,20,4,,0.850000,0.850000,0.823529,1.000000,0.0290,0.0012,18d224d
9149cea4fc69,2026-07-06T16:33:10+00:00,e1_baselines,iris_binary,xgboost,e2acc43ec1,4,s4_f0,classical,80,20,4,,0.950000,0.950000,0.947368,1.000000,0.0298,0.0014,18d224d
ff93ce08c6c6,2026-07-06T16:33:10+00:00,e1_baselines,iris_binary,xgboost,e2acc43ec1,4,s4_f1,classical,80,20,4,,0.800000,0.800000,0.818182,0.970000,0.0283,0.0012,18d224d
cf454b7bce6c,2026-07-06T16:33:10+00:00,e1_baselines,iris_binary,xgboost,e2acc43ec1,4,s4_f2,classical,80,20,4,,1.000000,1.000000,1.000000,1.000000,0.0301,0.0012,18d224d
0e2c45a4e619,2026-07-06T16:33:10+00:00,e1_baselines,iris_binary,xgboost,e2acc43ec1,4,s4_f3,classical,80,20,4,,0.950000,0.950000,0.952381,0.960000,0.0299,0.0013,18d224d
801ff36e3cdf,2026-07-06T16:33:10+00:00,e1_baselines,iris_binary,xgboost,e2acc43ec1,4,s4_f4,classical,80,20,4,,0.900000,0.900000,0.900000,0.980000,0.0284,0.0012,18d224d
16ceb5c76432,2026-07-06T16:33:13+00:00,e1_baselines,moons,knn,46f0e549bf,0,s0_f0,classical,400,100,2,,0.970000,0.970000,0.970297,0.999200,0.0015,0.0032,18d224d
101d17eb3366,2026-07-06T16:33:13+00:00,e1_baselines,moons,knn,46f0e549bf,0,s0_f1,classical,400,100,2,,0.980000,0.980000,0.980392,0.998200,0.0007,0.0025,18d224d
8f2a6d4369f2,2026-07-06T16:33:13+00:00,e1_baselines,moons,knn,46f0e549bf,0,s0_f2,classical,400,100,2,,0.990000,0.990000,0.989899,1.000000,0.0008,0.0023,18d224d
d86a8646414f,2026-07-06T16:33:13+00:00,e1_baselines,moons,knn,46f0e549bf,0,s0_f3,classical,400,100,2,,0.950000,0.950000,0.949495,0.993200,0.0007,0.0022,18d224d
126330ab8639,2026-07-06T16:33:13+00:00,e1_baselines,moons,knn,46f0e549bf,0,s0_f4,classical,400,100,2,,0.980000,0.980000,0.980000,0.998400,0.0007,0.0023,18d224d
b67f2872510a,2026-07-06T16:33:13+00:00,e1_baselines,moons,knn,46f0e549bf,1,s1_f0,classical,400,100,2,,0.970000,0.970000,0.969697,0.998600,0.0007,0.0021,18d224d
1d9a386acb85,2026-07-06T16:33:13+00:00,e1_baselines,moons,knn,46f0e549bf,1,s1_f1,classical,400,100,2,,0.980000,0.980000,0.980000,0.998400,0.0007,0.0021,18d224d
603b623a1e81,2026-07-06T16:33:13+00:00,e1_baselines,moons,knn,46f0e549bf,1,s1_f2,classical,400,100,2,,0.970000,0.970000,0.969072,0.997800,0.0006,0.0022,18d224d
0acc500c12c9,2026-07-06T16:33:13+00:00,e1_baselines,moons,knn,46f0e549bf,1,s1_f3,classical,400,100,2,,0.960000,0.960000,0.961538,0.996800,0.0007,0.0020,18d224d
b50e7531a18a,2026-07-06T16:33:13+00:00,e1_baselines,moons,knn,46f0e549bf,1,s1_f4,classical,400,100,2,,0.980000,0.980000,0.980392,0.999200,0.0006,0.0020,18d224d
013ce141303b,2026-07-06T16:33:13+00:00,e1_baselines,moons,knn,46f0e549bf,2,s2_f0,classical,400,100,2,,0.980000,0.980000,0.980392,0.999400,0.0007,0.0020,18d224d
4e775ba67b8d,2026-07-06T16:33:13+00:00,e1_baselines,moons,knn,46f0e549bf,2,s2_f1,classical,400,100,2,,0.960000,0.960000,0.961538,0.997600,0.0006,0.0021,18d224d
1979b88d96aa,2026-07-06T16:33:13+00:00,e1_baselines,moons,knn,46f0e549bf,2,s2_f2,classical,400,100,2,,0.970000,0.970000,0.970297,0.996600,0.0006,0.0021,18d224d
64adacaf5b01,2026-07-06T16:33:13+00:00,e1_baselines,moons,knn,46f0e549bf,2,s2_f3,classical,400,100,2,,0.970000,0.970000,0.969072,0.998600,0.0007,0.0021,18d224d
644ebd46240c,2026-07-06T16:33:13+00:00,e1_baselines,moons,knn,46f0e549bf,2,s2_f4,classical,400,100,2,,0.980000,0.980000,0.980000,0.998800,0.0006,0.0020,18d224d
79a0a426d899,2026-07-06T16:33:13+00:00,e1_baselines,moons,knn,46f0e549bf,3,s3_f0,classical,400,100,2,,0.970000,0.970000,0.970874,0.999000,0.0006,0.0020,18d224d
a4a46734ef06,2026-07-06T16:33:13+00:00,e1_baselines,moons,knn,46f0e549bf,3,s3_f1,classical,400,100,2,,0.980000,0.980000,0.980392,0.998800,0.0006,0.0020,18d224d
378ec7dc20fd,2026-07-06T16:33:13+00:00,e1_baselines,moons,knn,46f0e549bf,3,s3_f2,classical,400,100,2,,0.980000,0.980000,0.979592,0.998800,0.0007,0.0020,18d224d
e8e457031d4d,2026-07-06T16:33:13+00:00,e1_baselines,moons,knn,46f0e549bf,3,s3_f3,classical,400,100,2,,0.960000,0.960000,0.959184,0.998000,0.0007,0.0020,18d224d
e27a5216a78c,2026-07-06T16:33:13+00:00,e1_baselines,moons,knn,46f0e549bf,3,s3_f4,classical,400,100,2,,0.960000,0.960000,0.960000,0.996800,0.0007,0.0021,18d224d
64a9298e0e09,2026-07-06T16:33:13+00:00,e1_baselines,moons,knn,46f0e549bf,4,s4_f0,classical,400,100,2,,0.960000,0.960000,0.961538,0.996200,0.0006,0.0021,18d224d
78e83b299616,2026-07-06T16:33:13+00:00,e1_baselines,moons,knn,46f0e549bf,4,s4_f1,classical,400,100,2,,0.950000,0.950000,0.947368,1.000000,0.0006,0.0020,18d224d
536446db1a6f,2026-07-06T16:33:13+00:00,e1_baselines,moons,knn,46f0e549bf,4,s4_f2,classical,400,100,2,,0.950000,0.950000,0.951456,0.996400,0.0006,0.0021,18d224d
59ab985d7249,2026-07-06T16:33:13+00:00,e1_baselines,moons,knn,46f0e549bf,4,s4_f3,classical,400,100,2,,0.980000,0.980000,0.980000,0.999400,0.0006,0.0019,18d224d
33e3fc2074ee,2026-07-06T16:33:13+00:00,e1_baselines,moons,knn,46f0e549bf,4,s4_f4,classical,400,100,2,,0.990000,0.990000,0.990099,1.000000,0.0006,0.0020,18d224d
7ba84932abf5,2026-07-06T16:33:16+00:00,e1_baselines,moons,logreg,6dc48c85e5,0,s0_f0,classical,400,100,2,3,0.900000,0.900000,0.900000,0.974800,0.0060,0.0005,18d224d
bae6bc41a7aa,2026-07-06T16:33:16+00:00,e1_baselines,moons,logreg,6dc48c85e5,0,s0_f1,classical,400,100,2,3,0.850000,0.850000,0.851485,0.946400,0.0030,0.0005,18d224d
863dacce4d6b,2026-07-06T16:33:16+00:00,e1_baselines,moons,logreg,6dc48c85e5,0,s0_f2,classical,400,100,2,3,0.830000,0.830000,0.834951,0.959200,0.0029,0.0004,18d224d
6329d627bfcc,2026-07-06T16:33:16+00:00,e1_baselines,moons,logreg,6dc48c85e5,0,s0_f3,classical,400,100,2,3,0.810000,0.810000,0.808081,0.940400,0.0031,0.0004,18d224d
ac76ca8c1549,2026-07-06T16:33:16+00:00,e1_baselines,moons,logreg,6dc48c85e5,0,s0_f4,classical,400,100,2,3,0.880000,0.880000,0.877551,0.952400,0.0029,0.0003,18d224d
47a7c932e87c,2026-07-06T16:33:16+00:00,e1_baselines,moons,logreg,6dc48c85e5,1,s1_f0,classical,400,100,2,3,0.870000,0.870000,0.865979,0.947600,0.0028,0.0003,18d224d
793cc79c5a26,2026-07-06T16:33:16+00:00,e1_baselines,moons,logreg,6dc48c85e5,1,s1_f1,classical,400,100,2,3,0.840000,0.840000,0.836735,0.944000,0.0023,0.0003,18d224d
a62b4ca7425e,2026-07-06T16:33:16+00:00,e1_baselines,moons,logreg,6dc48c85e5,1,s1_f2,classical,400,100,2,3,0.840000,0.840000,0.843137,0.943200,0.0028,0.0003,18d224d
024cfe12a498,2026-07-06T16:33:16+00:00,e1_baselines,moons,logreg,6dc48c85e5,1,s1_f3,classical,400,100,2,3,0.820000,0.820000,0.826923,0.955600,0.0026,0.0003,18d224d
8388a2e8db5e,2026-07-06T16:33:16+00:00,e1_baselines,moons,logreg,6dc48c85e5,1,s1_f4,classical,400,100,2,3,0.910000,0.910000,0.910891,0.982400,0.0027,0.0004,18d224d
e28bfba8f7b2,2026-07-06T16:33:16+00:00,e1_baselines,moons,logreg,6dc48c85e5,2,s2_f0,classical,400,100,2,3,0.850000,0.850000,0.848485,0.947200,0.0026,0.0004,18d224d
91aebf3c3ca9,2026-07-06T16:33:16+00:00,e1_baselines,moons,logreg,6dc48c85e5,2,s2_f1,classical,400,100,2,3,0.810000,0.810000,0.811881,0.916800,0.0026,0.0004,18d224d
902bd01491f2,2026-07-06T16:33:16+00:00,e1_baselines,moons,logreg,6dc48c85e5,2,s2_f2,classical,400,100,2,3,0.850000,0.850000,0.851485,0.950000,0.0027,0.0003,18d224d
4541733474c5,2026-07-06T16:33:16+00:00,e1_baselines,moons,logreg,6dc48c85e5,2,s2_f3,classical,400,100,2,3,0.880000,0.880000,0.884615,0.962800,0.0028,0.0003,18d224d
229dba066575,2026-07-06T16:33:16+00:00,e1_baselines,moons,logreg,6dc48c85e5,2,s2_f4,classical,400,100,2,3,0.900000,0.900000,0.895833,0.974400,0.0027,0.0004,18d224d
d315cf40c081,2026-07-06T16:33:16+00:00,e1_baselines,moons,logreg,6dc48c85e5,3,s3_f0,classical,400,100,2,3,0.870000,0.870000,0.865979,0.961200,0.0036,0.0003,18d224d
c1dafb7b5c8e,2026-07-06T16:33:16+00:00,e1_baselines,moons,logreg,6dc48c85e5,3,s3_f1,classical,400,100,2,3,0.830000,0.830000,0.841121,0.939200,0.0031,0.0004,18d224d
73bf439901bc,2026-07-06T16:33:16+00:00,e1_baselines,moons,logreg,6dc48c85e5,3,s3_f2,classical,400,100,2,3,0.880000,0.880000,0.877551,0.961600,0.0024,0.0004,18d224d
e6c04bb08704,2026-07-06T16:33:16+00:00,e1_baselines,moons,logreg,6dc48c85e5,3,s3_f3,classical,400,100,2,3,0.870000,0.870000,0.865979,0.955600,0.0028,0.0003,18d224d
9cf8b1a27f2a,2026-07-06T16:33:16+00:00,e1_baselines,moons,logreg,6dc48c85e5,3,s3_f4,classical,400,100,2,3,0.840000,0.840000,0.843137,0.947600,0.0027,0.0003,18d224d
abe78ade4680,2026-07-06T16:33:16+00:00,e1_baselines,moons,logreg,6dc48c85e5,4,s4_f0,classical,400,100,2,3,0.880000,0.880000,0.884615,0.958000,0.0028,0.0003,18d224d
72d82ba483ee,2026-07-06T16:33:16+00:00,e1_baselines,moons,logreg,6dc48c85e5,4,s4_f1,classical,400,100,2,3,0.790000,0.790000,0.792079,0.913600,0.0027,0.0003,18d224d
4dfb9afd02a8,2026-07-06T16:33:16+00:00,e1_baselines,moons,logreg,6dc48c85e5,4,s4_f2,classical,400,100,2,3,0.850000,0.850000,0.851485,0.940400,0.0027,0.0003,18d224d
1b3682159108,2026-07-06T16:33:16+00:00,e1_baselines,moons,logreg,6dc48c85e5,4,s4_f3,classical,400,100,2,3,0.920000,0.920000,0.920000,0.981200,0.0026,0.0004,18d224d
9fc8a265770c,2026-07-06T16:33:16+00:00,e1_baselines,moons,logreg,6dc48c85e5,4,s4_f4,classical,400,100,2,3,0.840000,0.840000,0.833333,0.959200,0.0026,0.0004,18d224d
b15f2e4490aa,2026-07-06T16:33:19+00:00,e1_baselines,moons,mlp,db49470639,0,s0_f0,classical,400,100,2,117,0.980000,0.980000,0.980392,0.997200,0.2166,0.0006,18d224d
35d3fb3d6e73,2026-07-06T16:33:20+00:00,e1_baselines,moons,mlp,db49470639,0,s0_f1,classical,400,100,2,117,0.970000,0.970000,0.970874,0.994800,0.2289,0.0006,18d224d
485cafb7c4c0,2026-07-06T16:33:20+00:00,e1_baselines,moons,mlp,db49470639,0,s0_f2,classical,400,100,2,117,0.990000,0.990000,0.989899,1.000000,0.1995,0.0006,18d224d
bd512d876322,2026-07-06T16:33:20+00:00,e1_baselines,moons,mlp,db49470639,0,s0_f3,classical,400,100,2,117,0.970000,0.970000,0.970297,0.994000,0.2580,0.0005,18d224d
b33b71db26a8,2026-07-06T16:33:20+00:00,e1_baselines,moons,mlp,db49470639,0,s0_f4,classical,400,100,2,117,0.980000,0.980000,0.979592,1.000000,0.2707,0.0007,18d224d
ffefb2838533,2026-07-06T16:33:20+00:00,e1_baselines,moons,mlp,db49470639,1,s1_f0,classical,400,100,2,117,0.860000,0.860000,0.854167,0.951600,0.1431,0.0007,18d224d
8f7fc49eb5c4,2026-07-06T16:33:21+00:00,e1_baselines,moons,mlp,db49470639,1,s1_f1,classical,400,100,2,117,0.880000,0.880000,0.882353,0.951200,0.1222,0.0006,18d224d
5fd04c1af0e2,2026-07-06T16:33:21+00:00,e1_baselines,moons,mlp,db49470639,1,s1_f2,classical,400,100,2,117,0.860000,0.860000,0.865385,0.958000,0.1123,0.0006,18d224d
9f0e0f3681c0,2026-07-06T16:33:21+00:00,e1_baselines,moons,mlp,db49470639,1,s1_f3,classical,400,100,2,117,0.900000,0.900000,0.907407,0.964000,0.1120,0.0005,18d224d
6e7c5eab374f,2026-07-06T16:33:21+00:00,e1_baselines,moons,mlp,db49470639,1,s1_f4,classical,400,100,2,117,0.940000,0.940000,0.941176,0.987600,0.0934,0.0005,18d224d
3438907a2eb1,2026-07-06T16:33:21+00:00,e1_baselines,moons,mlp,db49470639,2,s2_f0,classical,400,100,2,117,0.910000,0.910000,0.912621,0.958000,0.1208,0.0005,18d224d
ae80d5023d83,2026-07-06T16:33:21+00:00,e1_baselines,moons,mlp,db49470639,2,s2_f1,classical,400,100,2,117,0.830000,0.830000,0.831683,0.913200,0.0870,0.0007,18d224d
18252d1756fa,2026-07-06T16:33:21+00:00,e1_baselines,moons,mlp,db49470639,2,s2_f2,classical,400,100,2,117,0.880000,0.880000,0.880000,0.958800,0.1145,0.0006,18d224d
652a5d7b5d38,2026-07-06T16:33:21+00:00,e1_baselines,moons,mlp,db49470639,2,s2_f3,classical,400,100,2,117,0.880000,0.880000,0.884615,0.974800,0.1286,0.0006,18d224d
a785a2b79b6c,2026-07-06T16:33:21+00:00,e1_baselines,moons,mlp,db49470639,2,s2_f4,classical,400,100,2,117,0.930000,0.930000,0.929293,0.980800,0.1298,0.0006,18d224d
aa6445b1d5ae,2026-07-06T16:33:22+00:00,e1_baselines,moons,mlp,db49470639,3,s3_f0,classical,400,100,2,117,0.900000,0.900000,0.900000,0.972400,0.0860,0.0006,18d224d
1eca4417b5af,2026-07-06T16:33:22+00:00,e1_baselines,moons,mlp,db49470639,3,s3_f1,classical,400,100,2,117,0.860000,0.860000,0.872727,0.946000,0.0808,0.0006,18d224d
f82c0a3a0223,2026-07-06T16:33:22+00:00,e1_baselines,moons,mlp,db49470639,3,s3_f2,classical,400,100,2,117,0.910000,0.910000,0.910891,0.972400,0.0637,0.0005,18d224d
e1f13677e6ea,2026-07-06T16:33:22+00:00,e1_baselines,moons,mlp,db49470639,3,s3_f3,classical,400,100,2,117,0.900000,0.900000,0.900000,0.959200,0.0875,0.0006,18d224d
3f2d1fc3bf64,2026-07-06T16:33:22+00:00,e1_baselines,moons,mlp,db49470639,3,s3_f4,classical,400,100,2,117,0.880000,0.880000,0.884615,0.958000,0.0843,0.0006,18d224d
a9e1c446ce86,2026-07-06T16:33:22+00:00,e1_baselines,moons,mlp,db49470639,4,s4_f0,classical,400,100,2,117,0.870000,0.870000,0.871287,0.962000,0.1566,0.0006,18d224d
f82570918784,2026-07-06T16:33:22+00:00,e1_baselines,moons,mlp,db49470639,4,s4_f1,classical,400,100,2,117,0.820000,0.820000,0.823529,0.947200,0.0724,0.0005,18d224d
fea8e8a0b127,2026-07-06T16:33:22+00:00,e1_baselines,moons,mlp,db49470639,4,s4_f2,classical,400,100,2,117,0.880000,0.880000,0.884615,0.946800,0.0826,0.0004,18d224d
c3df05f2cb73,2026-07-06T16:33:22+00:00,e1_baselines,moons,mlp,db49470639,4,s4_f3,classical,400,100,2,117,0.940000,0.940000,0.940000,0.986400,0.1469,0.0005,18d224d
c9db4a6726a2,2026-07-06T16:33:23+00:00,e1_baselines,moons,mlp,db49470639,4,s4_f4,classical,400,100,2,117,0.850000,0.850000,0.845361,0.953600,0.0866,0.0005,18d224d
22722e6cb81e,2026-07-06T16:33:26+00:00,e1_baselines,moons,rf,887ba6af2c,0,s0_f0,classical,400,100,2,,0.970000,0.970000,0.970297,0.997600,0.0785,0.0086,18d224d
090a9f6846e5,2026-07-06T16:33:26+00:00,e1_baselines,moons,rf,887ba6af2c,0,s0_f1,classical,400,100,2,,0.960000,0.960000,0.960000,0.971200,0.0750,0.0085,18d224d
4fab0a9b163c,2026-07-06T16:33:26+00:00,e1_baselines,moons,rf,887ba6af2c,0,s0_f2,classical,400,100,2,,0.980000,0.980000,0.980000,0.987400,0.0746,0.0084,18d224d
271838b063b1,2026-07-06T16:33:26+00:00,e1_baselines,moons,rf,887ba6af2c,0,s0_f3,classical,400,100,2,,0.940000,0.940000,0.938776,0.982200,0.0717,0.0085,18d224d
87045a7762fe,2026-07-06T16:33:26+00:00,e1_baselines,moons,rf,887ba6af2c,0,s0_f4,classical,400,100,2,,0.970000,0.970000,0.970297,0.998000,0.0729,0.0085,18d224d
d2f89dbd9d0e,2026-07-06T16:33:26+00:00,e1_baselines,moons,rf,887ba6af2c,1,s1_f0,classical,400,100,2,,0.950000,0.950000,0.948454,0.975600,0.0737,0.0084,18d224d
7db278a8c329,2026-07-06T16:33:26+00:00,e1_baselines,moons,rf,887ba6af2c,1,s1_f1,classical,400,100,2,,0.960000,0.960000,0.960000,0.995200,0.0728,0.0082,18d224d
d6e1e035bc2b,2026-07-06T16:33:26+00:00,e1_baselines,moons,rf,887ba6af2c,1,s1_f2,classical,400,100,2,,0.950000,0.950000,0.947368,0.985000,0.0735,0.0084,18d224d
5d37b6d13565,2026-07-06T16:33:26+00:00,e1_baselines,moons,rf,887ba6af2c,1,s1_f3,classical,400,100,2,,0.940000,0.940000,0.943396,0.995200,0.0711,0.0081,18d224d
205cda25bcb4,2026-07-06T16:33:26+00:00,e1_baselines,moons,rf,887ba6af2c,1,s1_f4,classical,400,100,2,,0.980000,0.980000,0.980392,0.999200,0.0707,0.0081,18d224d
0d0beb7d5d4b,2026-07-06T16:33:26+00:00,e1_baselines,moons,rf,887ba6af2c,2,s2_f0,classical,400,100,2,,0.980000,0.980000,0.980392,0.999600,0.0722,0.0084,18d224d
fef9d539490c,2026-07-06T16:33:26+00:00,e1_baselines,moons,rf,887ba6af2c,2,s2_f1,classical,400,100,2,,0.960000,0.960000,0.960784,0.992000,0.0730,0.0084,18d224d
35adf322b0bb,2026-07-06T16:33:27+00:00,e1_baselines,moons,rf,887ba6af2c,2,s2_f2,classical,400,100,2,,0.960000,0.960000,0.960000,0.997400,0.0728,0.0084,18d224d
84b637f64f4b,2026-07-06T16:33:27+00:00,e1_baselines,moons,rf,887ba6af2c,2,s2_f3,classical,400,100,2,,0.960000,0.960000,0.958333,0.969600,0.1011,0.0134,18d224d
2688a38b4a71,2026-07-06T16:33:27+00:00,e1_baselines,moons,rf,887ba6af2c,2,s2_f4,classical,400,100,2,,0.980000,0.980000,0.980000,0.987600,0.0730,0.0082,18d224d
5d401db77ea4,2026-07-06T16:33:27+00:00,e1_baselines,moons,rf,887ba6af2c,3,s3_f0,classical,400,100,2,,0.980000,0.980000,0.980392,0.998400,0.0729,0.0084,18d224d
6fce85f6920c,2026-07-06T16:33:27+00:00,e1_baselines,moons,rf,887ba6af2c,3,s3_f1,classical,400,100,2,,0.980000,0.980000,0.980392,1.000000,0.0727,0.0082,18d224d
cd52efb5a43f,2026-07-06T16:33:27+00:00,e1_baselines,moons,rf,887ba6af2c,3,s3_f2,classical,400,100,2,,0.960000,0.960000,0.958333,0.984800,0.0708,0.0082,18d224d
3ce4febb5cd1,2026-07-06T16:33:27+00:00,e1_baselines,moons,rf,887ba6af2c,3,s3_f3,classical,400,100,2,,0.960000,0.960000,0.960000,0.996400,0.0716,0.0084,18d224d
fd5c1e11fa10,2026-07-06T16:33:27+00:00,e1_baselines,moons,rf,887ba6af2c,3,s3_f4,classical,400,100,2,,0.960000,0.960000,0.960000,0.987200,0.0704,0.0085,18d224d
24567a2037af,2026-07-06T16:33:27+00:00,e1_baselines,moons,rf,887ba6af2c,4,s4_f0,classical,400,100,2,,0.950000,0.950000,0.951456,0.992000,0.0742,0.0083,18d224d
81123352a258,2026-07-06T16:33:27+00:00,e1_baselines,moons,rf,887ba6af2c,4,s4_f1,classical,400,100,2,,0.920000,0.920000,0.914894,0.972400,0.0717,0.0084,18d224d
b2feaa08efb1,2026-07-06T16:33:27+00:00,e1_baselines,moons,rf,887ba6af2c,4,s4_f2,classical,400,100,2,,0.950000,0.950000,0.950495,0.985000,0.0715,0.0084,18d224d
07eb38171d39,2026-07-06T16:33:28+00:00,e1_baselines,moons,rf,887ba6af2c,4,s4_f3,classical,400,100,2,,0.990000,0.990000,0.990099,0.999600,0.0732,0.0083,18d224d
ed7ab7849f1f,2026-07-06T16:33:28+00:00,e1_baselines,moons,rf,887ba6af2c,4,s4_f4,classical,400,100,2,,0.970000,0.970000,0.970874,1.000000,0.0707,0.0084,18d224d
efbb59679f01,2026-07-06T16:33:31+00:00,e1_baselines,moons,svm_linear,8298f0c3e5,0,s0_f0,classical,400,100,2,3,0.900000,0.900000,0.900000,0.973200,0.0047,0.0008,18d224d
3b8894845b83,2026-07-06T16:33:31+00:00,e1_baselines,moons,svm_linear,8298f0c3e5,0,s0_f1,classical,400,100,2,3,0.850000,0.850000,0.851485,0.946000,0.0041,0.0007,18d224d
645327d16c28,2026-07-06T16:33:31+00:00,e1_baselines,moons,svm_linear,8298f0c3e5,0,s0_f2,classical,400,100,2,3,0.830000,0.830000,0.834951,0.959600,0.0031,0.0007,18d224d
f41e119e90dd,2026-07-06T16:33:31+00:00,e1_baselines,moons,svm_linear,8298f0c3e5,0,s0_f3,classical,400,100,2,3,0.810000,0.810000,0.808081,0.940400,0.0030,0.0007,18d224d
25852556d9b8,2026-07-06T16:33:31+00:00,e1_baselines,moons,svm_linear,8298f0c3e5,0,s0_f4,classical,400,100,2,3,0.900000,0.900000,0.900000,0.952400,0.0033,0.0007,18d224d
62401b9b4db4,2026-07-06T16:33:31+00:00,e1_baselines,moons,svm_linear,8298f0c3e5,1,s1_f0,classical,400,100,2,3,0.870000,0.870000,0.865979,0.949600,0.0030,0.0007,18d224d
638735895220,2026-07-06T16:33:31+00:00,e1_baselines,moons,svm_linear,8298f0c3e5,1,s1_f1,classical,400,100,2,3,0.850000,0.850000,0.848485,0.943600,0.0031,0.0007,18d224d
92eef6a2dcf0,2026-07-06T16:33:31+00:00,e1_baselines,moons,svm_linear,8298f0c3e5,1,s1_f2,classical,400,100,2,3,0.840000,0.840000,0.843137,0.943200,0.0031,0.0007,18d224d
823a942e6b70,2026-07-06T16:33:31+00:00,e1_baselines,moons,svm_linear,8298f0c3e5,1,s1_f3,classical,400,100,2,3,0.830000,0.830000,0.834951,0.954800,0.0032,0.0007,18d224d
d222573faefb,2026-07-06T16:33:31+00:00,e1_baselines,moons,svm_linear,8298f0c3e5,1,s1_f4,classical,400,100,2,3,0.910000,0.910000,0.910891,0.983600,0.0036,0.0008,18d224d
1cc6586f95db,2026-07-06T16:33:31+00:00,e1_baselines,moons,svm_linear,8298f0c3e5,2,s2_f0,classical,400,100,2,3,0.850000,0.850000,0.848485,0.948800,0.0033,0.0007,18d224d
de02d92cbb65,2026-07-06T16:33:31+00:00,e1_baselines,moons,svm_linear,8298f0c3e5,2,s2_f1,classical,400,100,2,3,0.810000,0.810000,0.808081,0.917600,0.0027,0.0006,18d224d
14b17002acef,2026-07-06T16:33:31+00:00,e1_baselines,moons,svm_linear,8298f0c3e5,2,s2_f2,classical,400,100,2,3,0.840000,0.840000,0.843137,0.950000,0.0035,0.0007,18d224d
9ba8b343db9a,2026-07-06T16:33:31+00:00,e1_baselines,moons,svm_linear,8298f0c3e5,2,s2_f3,classical,400,100,2,3,0.880000,0.880000,0.884615,0.962800,0.0030,0.0007,18d224d
be0472649992,2026-07-06T16:33:31+00:00,e1_baselines,moons,svm_linear,8298f0c3e5,2,s2_f4,classical,400,100,2,3,0.900000,0.900000,0.895833,0.973200,0.0035,0.0007,18d224d
bcf9c42266e3,2026-07-06T16:33:31+00:00,e1_baselines,moons,svm_linear,8298f0c3e5,3,s3_f0,classical,400,100,2,3,0.880000,0.880000,0.877551,0.960800,0.0031,0.0006,18d224d
4f399eab5b8e,2026-07-06T16:33:31+00:00,e1_baselines,moons,svm_linear,8298f0c3e5,3,s3_f1,classical,400,100,2,3,0.820000,0.820000,0.830189,0.938400,0.0028,0.0008,18d224d
4aacbd5f1bcb,2026-07-06T16:33:31+00:00,e1_baselines,moons,svm_linear,8298f0c3e5,3,s3_f2,classical,400,100,2,3,0.880000,0.880000,0.877551,0.961200,0.0035,0.0007,18d224d
fcbc9b57c5a8,2026-07-06T16:33:31+00:00,e1_baselines,moons,svm_linear,8298f0c3e5,3,s3_f3,classical,400,100,2,3,0.880000,0.880000,0.877551,0.955600,0.0031,0.0007,18d224d
7bf08478c5a8,2026-07-06T16:33:31+00:00,e1_baselines,moons,svm_linear,8298f0c3e5,3,s3_f4,classical,400,100,2,3,0.840000,0.840000,0.843137,0.947600,0.0035,0.0006,18d224d
bd9810d08975,2026-07-06T16:33:31+00:00,e1_baselines,moons,svm_linear,8298f0c3e5,4,s4_f0,classical,400,100,2,3,0.890000,0.890000,0.893204,0.958800,0.0030,0.0007,18d224d
90681b647929,2026-07-06T16:33:31+00:00,e1_baselines,moons,svm_linear,8298f0c3e5,4,s4_f1,classical,400,100,2,3,0.790000,0.790000,0.792079,0.914000,0.0029,0.0007,18d224d
caa79ff082ca,2026-07-06T16:33:31+00:00,e1_baselines,moons,svm_linear,8298f0c3e5,4,s4_f2,classical,400,100,2,3,0.850000,0.850000,0.851485,0.940800,0.0028,0.0007,18d224d
0eceb363e783,2026-07-06T16:33:31+00:00,e1_baselines,moons,svm_linear,8298f0c3e5,4,s4_f3,classical,400,100,2,3,0.920000,0.920000,0.920000,0.981200,0.0041,0.0007,18d224d
29e1764af4cb,2026-07-06T16:33:31+00:00,e1_baselines,moons,svm_linear,8298f0c3e5,4,s4_f4,classical,400,100,2,3,0.840000,0.840000,0.833333,0.960400,0.0036,0.0007,18d224d
1e8850f7acaf,2026-07-06T16:33:34+00:00,e1_baselines,moons,svm_rbf,52edf2fcd8,0,s0_f0,classical,400,100,2,,0.980000,0.980000,0.980392,0.998800,0.0031,0.0012,18d224d
daee9ff66d81,2026-07-06T16:33:34+00:00,e1_baselines,moons,svm_rbf,52edf2fcd8,0,s0_f1,classical,400,100,2,,0.970000,0.970000,0.970297,0.997200,0.0022,0.0011,18d224d
6fcffdfe8046,2026-07-06T16:33:34+00:00,e1_baselines,moons,svm_rbf,52edf2fcd8,0,s0_f2,classical,400,100,2,,0.990000,0.990000,0.989899,0.999200,0.0021,0.0011,18d224d
e70a56cc67ab,2026-07-06T16:33:34+00:00,e1_baselines,moons,svm_rbf,52edf2fcd8,0,s0_f3,classical,400,100,2,,0.940000,0.940000,0.940000,0.988000,0.0020,0.0011,18d224d
62c31064fd07,2026-07-06T16:33:34+00:00,e1_baselines,moons,svm_rbf,52edf2fcd8,0,s0_f4,classical,400,100,2,,0.970000,0.970000,0.970297,0.998800,0.0018,0.0010,18d224d
673f9702cc7e,2026-07-06T16:33:34+00:00,e1_baselines,moons,svm_rbf,52edf2fcd8,1,s1_f0,classical,400,100,2,,0.970000,0.970000,0.969697,0.985600,0.0020,0.0010,18d224d
babcd9a2b146,2026-07-06T16:33:34+00:00,e1_baselines,moons,svm_rbf,52edf2fcd8,1,s1_f1,classical,400,100,2,,0.980000,0.980000,0.980392,0.997600,0.0019,0.0010,18d224d
109f669516ba,2026-07-06T16:33:34+00:00,e1_baselines,moons,svm_rbf,52edf2fcd8,1,s1_f2,classical,400,100,2,,0.970000,0.970000,0.969072,0.996400,0.0020,0.0010,18d224d
7e66310a718b,2026-07-06T16:33:34+00:00,e1_baselines,moons,svm_rbf,52edf2fcd8,1,s1_f3,classical,400,100,2,,0.960000,0.960000,0.961538,0.996800,0.0019,0.0010,18d224d
f9af5dc07868,2026-07-06T16:33:34+00:00,e1_baselines,moons,svm_rbf,52edf2fcd8,1,s1_f4,classical,400,100,2,,0.980000,0.980000,0.980392,1.000000,0.0020,0.0010,18d224d
c481e7387369,2026-07-06T16:33:34+00:00,e1_baselines,moons,svm_rbf,52edf2fcd8,2,s2_f0,classical,400,100,2,,0.980000,0.980000,0.980392,0.999600,0.0019,0.0010,18d224d
ecf250d86697,2026-07-06T16:33:34+00:00,e1_baselines,moons,svm_rbf,52edf2fcd8,2,s2_f1,classical,400,100,2,,0.950000,0.950000,0.951456,0.995600,0.0019,0.0010,18d224d
c9d9722b7b03,2026-07-06T16:33:34+00:00,e1_baselines,moons,svm_rbf,52edf2fcd8,2,s2_f2,classical,400,100,2,,0.970000,0.970000,0.970297,0.998400,0.0020,0.0010,18d224d
85d01bf6b4a7,2026-07-06T16:33:34+00:00,e1_baselines,moons,svm_rbf,52edf2fcd8,2,s2_f3,classical,400,100,2,,0.970000,0.970000,0.969072,0.998400,0.0019,0.0010,18d224d
8b84c48b8d8e,2026-07-06T16:33:34+00:00,e1_baselines,moons,svm_rbf,52edf2fcd8,2,s2_f4,classical,400,100,2,,0.980000,0.980000,0.980000,0.988800,0.0020,0.0011,18d224d
60426dd1363c,2026-07-06T16:33:34+00:00,e1_baselines,moons,svm_rbf,52edf2fcd8,3,s3_f0,classical,400,100,2,,0.970000,0.970000,0.970874,0.998400,0.0019,0.0009,18d224d
3a0a630b7714,2026-07-06T16:33:34+00:00,e1_baselines,moons,svm_rbf,52edf2fcd8,3,s3_f1,classical,400,100,2,,0.980000,0.980000,0.980392,0.998400,0.0020,0.0010,18d224d
c9db57330714,2026-07-06T16:33:34+00:00,e1_baselines,moons,svm_rbf,52edf2fcd8,3,s3_f2,classical,400,100,2,,0.960000,0.960000,0.959184,0.997200,0.0019,0.0010,18d224d
1faa6176ca75,2026-07-06T16:33:34+00:00,e1_baselines,moons,svm_rbf,52edf2fcd8,3,s3_f3,classical,400,100,2,,0.960000,0.960000,0.960000,0.996400,0.0018,0.0010,18d224d
88aa0baf7c17,2026-07-06T16:33:34+00:00,e1_baselines,moons,svm_rbf,52edf2fcd8,3,s3_f4,classical,400,100,2,,0.970000,0.970000,0.970297,0.994000,0.0019,0.0010,18d224d
04018dd25287,2026-07-06T16:33:34+00:00,e1_baselines,moons,svm_rbf,52edf2fcd8,4,s4_f0,classical,400,100,2,,0.950000,0.950000,0.951456,0.996400,0.0018,0.0009,18d224d
ed3479b5ba9f,2026-07-06T16:33:34+00:00,e1_baselines,moons,svm_rbf,52edf2fcd8,4,s4_f1,classical,400,100,2,,0.950000,0.950000,0.947368,0.996000,0.0019,0.0010,18d224d
7f8ab6605f3c,2026-07-06T16:33:34+00:00,e1_baselines,moons,svm_rbf,52edf2fcd8,4,s4_f2,classical,400,100,2,,0.940000,0.940000,0.942308,0.986400,0.0019,0.0010,18d224d
492b5d41f2b0,2026-07-06T16:33:34+00:00,e1_baselines,moons,svm_rbf,52edf2fcd8,4,s4_f3,classical,400,100,2,,0.980000,0.980000,0.980000,0.999600,0.0019,0.0011,18d224d
d90ee30ece3f,2026-07-06T16:33:34+00:00,e1_baselines,moons,svm_rbf,52edf2fcd8,4,s4_f4,classical,400,100,2,,0.990000,0.990000,0.990099,1.000000,0.0020,0.0011,18d224d
4ad001aaa2a3,2026-07-06T16:33:37+00:00,e1_baselines,moons,xgboost,29c3d4f0f6,0,s0_f0,classical,400,100,2,,0.970000,0.970000,0.970297,0.999200,0.0293,0.0020,18d224d
d00ccc433565,2026-07-06T16:33:37+00:00,e1_baselines,moons,xgboost,29c3d4f0f6,0,s0_f1,classical,400,100,2,,0.940000,0.940000,0.941176,0.975600,0.0262,0.0016,18d224d
a250f1e8dcd7,2026-07-06T16:33:37+00:00,e1_baselines,moons,xgboost,29c3d4f0f6,0,s0_f2,classical,400,100,2,,0.970000,0.970000,0.970297,0.998800,0.0267,0.0016,18d224d
5ccf0528b270,2026-07-06T16:33:37+00:00,e1_baselines,moons,xgboost,29c3d4f0f6,0,s0_f3,classical,400,100,2,,0.950000,0.950000,0.948454,0.982400,0.0258,0.0015,18d224d
e7295ea775c9,2026-07-06T16:33:37+00:00,e1_baselines,moons,xgboost,29c3d4f0f6,0,s0_f4,classical,400,100,2,,0.960000,0.960000,0.960000,0.996000,0.0259,0.0014,18d224d
23d1519137dc,2026-07-06T16:33:37+00:00,e1_baselines,moons,xgboost,29c3d4f0f6,1,s1_f0,classical,400,100,2,,0.940000,0.940000,0.938776,0.986800,0.0258,0.0016,18d224d
567cfc7891a1,2026-07-06T16:33:37+00:00,e1_baselines,moons,xgboost,29c3d4f0f6,1,s1_f1,classical,400,100,2,,0.970000,0.970000,0.969697,0.985600,0.0259,0.0015,18d224d
6400dd22e619,2026-07-06T16:33:37+00:00,e1_baselines,moons,xgboost,29c3d4f0f6,1,s1_f2,classical,400,100,2,,0.980000,0.980000,0.979592,0.997600,0.0263,0.0014,18d224d
d5ed107089f4,2026-07-06T16:33:37+00:00,e1_baselines,moons,xgboost,29c3d4f0f6,1,s1_f3,classical,400,100,2,,0.920000,0.920000,0.921569,0.990000,0.0261,0.0015,18d224d
67fd972fa1fb,2026-07-06T16:33:37+00:00,e1_baselines,moons,xgboost,29c3d4f0f6,1,s1_f4,classical,400,100,2,,0.960000,0.960000,0.960784,0.998400,0.0260,0.0015,18d224d
ee67a6c8f2bd,2026-07-06T16:33:37+00:00,e1_baselines,moons,xgboost,29c3d4f0f6,2,s2_f0,classical,400,100,2,,0.960000,0.960000,0.960784,0.996000,0.0257,0.0014,18d224d
35e268f0f542,2026-07-06T16:33:37+00:00,e1_baselines,moons,xgboost,29c3d4f0f6,2,s2_f1,classical,400,100,2,,0.960000,0.960000,0.960000,0.992200,0.0261,0.0015,18d224d
ce9386028750,2026-07-06T16:33:37+00:00,e1_baselines,moons,xgboost,29c3d4f0f6,2,s2_f2,classical,400,100,2,,0.930000,0.930000,0.927835,0.964800,0.0259,0.0015,18d224d
c8bc77724ec9,2026-07-06T16:33:37+00:00,e1_baselines,moons,xgboost,29c3d4f0f6,2,s2_f3,classical,400,100,2,,0.980000,0.980000,0.979592,0.998400,0.0275,0.0016,18d224d
b4292895cab2,2026-07-06T16:33:37+00:00,e1_baselines,moons,xgboost,29c3d4f0f6,2,s2_f4,classical,400,100,2,,0.980000,0.980000,0.980000,0.997600,0.0257,0.0015,18d224d
71f893c7f31d,2026-07-06T16:33:37+00:00,e1_baselines,moons,xgboost,29c3d4f0f6,3,s3_f0,classical,400,100,2,,0.980000,0.980000,0.980392,0.993200,0.0258,0.0015,18d224d
de35849c976f,2026-07-06T16:33:37+00:00,e1_baselines,moons,xgboost,29c3d4f0f6,3,s3_f1,classical,400,100,2,,0.940000,0.940000,0.941176,0.991200,0.0262,0.0015,18d224d
4b4594ab4cc7,2026-07-06T16:33:37+00:00,e1_baselines,moons,xgboost,29c3d4f0f6,3,s3_f2,classical,400,100,2,,0.950000,0.950000,0.948454,0.978800,0.0256,0.0015,18d224d
55dff44249d9,2026-07-06T16:33:38+00:00,e1_baselines,moons,xgboost,29c3d4f0f6,3,s3_f3,classical,400,100,2,,0.970000,0.970000,0.969697,0.998400,0.0260,0.0015,18d224d
6894bf629f01,2026-07-06T16:33:38+00:00,e1_baselines,moons,xgboost,29c3d4f0f6,3,s3_f4,classical,400,100,2,,0.970000,0.970000,0.969697,0.997200,0.0256,0.0016,18d224d
7453d9a86931,2026-07-06T16:33:38+00:00,e1_baselines,moons,xgboost,29c3d4f0f6,4,s4_f0,classical,400,100,2,,0.940000,0.940000,0.941176,0.988800,0.0256,0.0015,18d224d
8679a1b9dbff,2026-07-06T16:33:38+00:00,e1_baselines,moons,xgboost,29c3d4f0f6,4,s4_f1,classical,400,100,2,,0.930000,0.930000,0.926316,0.991200,0.0258,0.0015,18d224d
f60beb2f18e2,2026-07-06T16:33:38+00:00,e1_baselines,moons,xgboost,29c3d4f0f6,4,s4_f2,classical,400,100,2,,0.960000,0.960000,0.960000,0.982800,0.0258,0.0015,18d224d
d79bbc8d0ce6,2026-07-06T16:33:38+00:00,e1_baselines,moons,xgboost,29c3d4f0f6,4,s4_f3,classical,400,100,2,,0.990000,0.990000,0.989899,1.000000,0.0259,0.0015,18d224d
9027985ffe60,2026-07-06T16:33:38+00:00,e1_baselines,moons,xgboost,29c3d4f0f6,4,s4_f4,classical,400,100,2,,0.990000,0.990000,0.990099,0.998400,0.0261,0.0014,18d224d
c70f33de68eb,2026-07-06T16:33:41+00:00,e1_baselines,wine_binary,knn,93c4e789f6,0,s0_f0,classical,95,24,13,,0.916667,0.933333,0.900000,1.000000,0.0016,0.0021,18d224d
51dcef56e789,2026-07-06T16:33:41+00:00,e1_baselines,wine_binary,knn,93c4e789f6,0,s0_f1,classical,95,24,13,,0.958333,0.964286,0.952381,1.000000,0.0007,0.0015,18d224d
9c1c92142fc0,2026-07-06T16:33:41+00:00,e1_baselines,wine_binary,knn,93c4e789f6,0,s0_f2,classical,95,24,13,,1.000000,1.000000,1.000000,1.000000,0.0006,0.0013,18d224d
4b9662a7ab1d,2026-07-06T16:33:41+00:00,e1_baselines,wine_binary,knn,93c4e789f6,0,s0_f3,classical,95,24,13,,0.958333,0.964286,0.952381,1.000000,0.0007,0.0016,18d224d
e89c7ace09e7,2026-07-06T16:33:41+00:00,e1_baselines,wine_binary,knn,93c4e789f6,0,s0_f4,classical,96,23,13,,1.000000,1.000000,1.000000,1.000000,0.0007,0.0013,18d224d
f923a07f71d6,2026-07-06T16:33:41+00:00,e1_baselines,wine_binary,knn,93c4e789f6,1,s1_f0,classical,95,24,13,,0.916667,0.933333,0.900000,1.000000,0.0007,0.0016,18d224d
1d0b66609adc,2026-07-06T16:33:41+00:00,e1_baselines,wine_binary,knn,93c4e789f6,1,s1_f1,classical,95,24,13,,1.000000,1.000000,1.000000,1.000000,0.0007,0.0015,18d224d
5fdb9e8920ab,2026-07-06T16:33:41+00:00,e1_baselines,wine_binary,knn,93c4e789f6,1,s1_f2,classical,95,24,13,,0.916667,0.928571,0.909091,1.000000,0.0006,0.0014,18d224d
7a1f3ead2d9c,2026-07-06T16:33:41+00:00,e1_baselines,wine_binary,knn,93c4e789f6,1,s1_f3,classical,95,24,13,,1.000000,1.000000,1.000000,1.000000,0.0006,0.0013,18d224d
7e9a7f8e0927,2026-07-06T16:33:41+00:00,e1_baselines,wine_binary,knn,93c4e789f6,1,s1_f4,classical,96,23,13,,0.956522,0.964286,0.947368,1.000000,0.0006,0.0013,18d224d
c24426bb02da,2026-07-06T16:33:41+00:00,e1_baselines,wine_binary,knn,93c4e789f6,2,s2_f0,classical,95,24,13,,0.958333,0.966667,0.947368,1.000000,0.0006,0.0014,18d224d
487a527b37aa,2026-07-06T16:33:41+00:00,e1_baselines,wine_binary,knn,93c4e789f6,2,s2_f1,classical,95,24,13,,1.000000,1.000000,1.000000,1.000000,0.0006,0.0015,18d224d
a02874699f9e,2026-07-06T16:33:41+00:00,e1_baselines,wine_binary,knn,93c4e789f6,2,s2_f2,classical,95,24,13,,0.958333,0.964286,0.952381,1.000000,0.0006,0.0013,18d224d
dfbb20dfc4ff,2026-07-06T16:33:41+00:00,e1_baselines,wine_binary,knn,93c4e789f6,2,s2_f3,classical,95,24,13,,1.000000,1.000000,1.000000,1.000000,0.0010,0.0020,18d224d
17b7bfe5e8b1,2026-07-06T16:33:41+00:00,e1_baselines,wine_binary,knn,93c4e789f6,2,s2_f4,classical,96,23,13,,0.956522,0.964286,0.947368,1.000000,0.0009,0.0021,18d224d
9bc641d94a1b,2026-07-06T16:33:41+00:00,e1_baselines,wine_binary,knn,93c4e789f6,3,s3_f0,classical,95,24,13,,1.000000,1.000000,1.000000,1.000000,0.0007,0.0016,18d224d
c18161cd08c1,2026-07-06T16:33:41+00:00,e1_baselines,wine_binary,knn,93c4e789f6,3,s3_f1,classical,95,24,13,,1.000000,1.000000,1.000000,1.000000,0.0007,0.0014,18d224d
78d44c4a004b,2026-07-06T16:33:41+00:00,e1_baselines,wine_binary,knn,93c4e789f6,3,s3_f2,classical,95,24,13,,0.958333,0.964286,0.952381,1.000000,0.0006,0.0013,18d224d
5ffc3db784c8,2026-07-06T16:33:41+00:00,e1_baselines,wine_binary,knn,93c4e789f6,3,s3_f3,classical,95,24,13,,0.916667,0.928571,0.909091,1.000000,0.0007,0.0014,18d224d
914855b7d98a,2026-07-06T16:33:41+00:00,e1_baselines,wine_binary,knn,93c4e789f6,3,s3_f4,classical,96,23,13,,0.913043,0.928571,0.900000,1.000000,0.0006,0.0014,18d224d
af5670f660a7,2026-07-06T16:33:41+00:00,e1_baselines,wine_binary,knn,93c4e789f6,4,s4_f0,classical,95,24,13,,0.958333,0.966667,0.947368,1.000000,0.0007,0.0013,18d224d
b585d63df3c2,2026-07-06T16:33:41+00:00,e1_baselines,wine_binary,knn,93c4e789f6,4,s4_f1,classical,95,24,13,,1.000000,1.000000,1.000000,1.000000,0.0006,0.0013,18d224d
7fdc6696ca49,2026-07-06T16:33:41+00:00,e1_baselines,wine_binary,knn,93c4e789f6,4,s4_f2,classical,95,24,13,,1.000000,1.000000,1.000000,1.000000,0.0006,0.0013,18d224d
5dc51cbb5c1a,2026-07-06T16:33:41+00:00,e1_baselines,wine_binary,knn,93c4e789f6,4,s4_f3,classical,95,24,13,,0.958333,0.964286,0.952381,1.000000,0.0006,0.0013,18d224d
1b642d4071d4,2026-07-06T16:33:41+00:00,e1_baselines,wine_binary,knn,93c4e789f6,4,s4_f4,classical,96,23,13,,0.956522,0.964286,0.947368,1.000000,0.0006,0.0014,18d224d
d2a1c65619f6,2026-07-06T16:33:44+00:00,e1_baselines,wine_binary,logreg,83423dd2ae,0,s0_f0,classical,95,24,13,14,0.958333,0.966667,0.947368,0.992593,0.0053,0.0004,18d224d
a35f82d36400,2026-07-06T16:33:44+00:00,e1_baselines,wine_binary,logreg,83423dd2ae,0,s0_f1,classical,95,24,13,14,1.000000,1.000000,1.000000,1.000000,0.0034,0.0003,18d224d
399e9ee4acfe,2026-07-06T16:33:44+00:00,e1_baselines,wine_binary,logreg,83423dd2ae,0,s0_f2,classical,95,24,13,14,1.000000,1.000000,1.000000,1.000000,0.0035,0.0004,18d224d
5912e88eb2c5,2026-07-06T16:33:44+00:00,e1_baselines,wine_binary,logreg,83423dd2ae,0,s0_f3,classical,95,24,13,14,1.000000,1.000000,1.000000,1.000000,0.0036,0.0003,18d224d
3e0683d00758,2026-07-06T16:33:44+00:00,e1_baselines,wine_binary,logreg,83423dd2ae,0,s0_f4,classical,96,23,13,14,1.000000,1.000000,1.000000,1.000000,0.0036,0.0004,18d224d
d3018cdb008a,2026-07-06T16:33:44+00:00,e1_baselines,wine_binary,logreg,83423dd2ae,1,s1_f0,classical,95,24,13,14,0.916667,0.933333,0.900000,1.000000,0.0034,0.0003,18d224d
18255e946ddf,2026-07-06T16:33:44+00:00,e1_baselines,wine_binary,logreg,83423dd2ae,1,s1_f1,classical,95,24,13,14,1.000000,1.000000,1.000000,1.000000,0.0041,0.0003,18d224d
870d1f6db8cc,2026-07-06T16:33:44+00:00,e1_baselines,wine_binary,logreg,83423dd2ae,1,s1_f2,classical,95,24,13,14,0.958333,0.964286,0.952381,1.000000,0.0035,0.0003,18d224d
28815246fcc6,2026-07-06T16:33:44+00:00,e1_baselines,wine_binary,logreg,83423dd2ae,1,s1_f3,classical,95,24,13,14,1.000000,1.000000,1.000000,1.000000,0.0035,0.0003,18d224d
36d13cc0590e,2026-07-06T16:33:44+00:00,e1_baselines,wine_binary,logreg,83423dd2ae,1,s1_f4,classical,96,23,13,14,1.000000,1.000000,1.000000,1.000000,0.0039,0.0003,18d224d
f4533912ee6f,2026-07-06T16:33:44+00:00,e1_baselines,wine_binary,logreg,83423dd2ae,2,s2_f0,classical,95,24,13,14,0.958333,0.966667,0.947368,0.992593,0.0034,0.0003,18d224d
12037b0bf5c0,2026-07-06T16:33:44+00:00,e1_baselines,wine_binary,logreg,83423dd2ae,2,s2_f1,classical,95,24,13,14,1.000000,1.000000,1.000000,1.000000,0.0033,0.0004,18d224d
a487ee54fe48,2026-07-06T16:33:44+00:00,e1_baselines,wine_binary,logreg,83423dd2ae,2,s2_f2,classical,95,24,13,14,1.000000,1.000000,1.000000,1.000000,0.0032,0.0003,18d224d
09e71c620349,2026-07-06T16:33:44+00:00,e1_baselines,wine_binary,logreg,83423dd2ae,2,s2_f3,classical,95,24,13,14,1.000000,1.000000,1.000000,1.000000,0.0036,0.0003,18d224d
5b5c238f16be,2026-07-06T16:33:44+00:00,e1_baselines,wine_binary,logreg,83423dd2ae,2,s2_f4,classical,96,23,13,14,0.956522,0.964286,0.947368,1.000000,0.0027,0.0003,18d224d
5cb6afb1175c,2026-07-06T16:33:44+00:00,e1_baselines,wine_binary,logreg,83423dd2ae,3,s3_f0,classical,95,24,13,14,1.000000,1.000000,1.000000,1.000000,0.0037,0.0003,18d224d
c90bd8b72363,2026-07-06T16:33:44+00:00,e1_baselines,wine_binary,logreg,83423dd2ae,3,s3_f1,classical,95,24,13,14,1.000000,1.000000,1.000000,1.000000,0.0035,0.0004,18d224d
7317fc82933d,2026-07-06T16:33:44+00:00,e1_baselines,wine_binary,logreg,83423dd2ae,3,s3_f2,classical,95,24,13,14,1.000000,1.000000,1.000000,1.000000,0.0033,0.0004,18d224d
81f399f0e897,2026-07-06T16:33:44+00:00,e1_baselines,wine_binary,logreg,83423dd2ae,3,s3_f3,classical,95,24,13,14,0.958333,0.964286,0.952381,0.992857,0.0035,0.0004,18d224d
a40694b249a3,2026-07-06T16:33:44+00:00,e1_baselines,wine_binary,logreg,83423dd2ae,3,s3_f4,classical,96,23,13,14,0.956522,0.964286,0.947368,1.000000,0.0031,0.0003,18d224d
ca8b16d1f99c,2026-07-06T16:33:44+00:00,e1_baselines,wine_binary,logreg,83423dd2ae,4,s4_f0,classical,95,24,13,14,1.000000,1.000000,1.000000,1.000000,0.0040,0.0003,18d224d
2e6431569833,2026-07-06T16:33:44+00:00,e1_baselines,wine_binary,logreg,83423dd2ae,4,s4_f1,classical,95,24,13,14,1.000000,1.000000,1.000000,1.000000,0.0041,0.0003,18d224d
e88bb3464741,2026-07-06T16:33:44+00:00,e1_baselines,wine_binary,logreg,83423dd2ae,4,s4_f2,classical,95,24,13,14,0.958333,0.950000,0.947368,1.000000,0.0033,0.0003,18d224d
bed30557984f,2026-07-06T16:33:44+00:00,e1_baselines,wine_binary,logreg,83423dd2ae,4,s4_f3,classical,95,24,13,14,0.958333,0.964286,0.952381,1.000000,0.0031,0.0003,18d224d
f8d1ad20d0ba,2026-07-06T16:33:44+00:00,e1_baselines,wine_binary,logreg,83423dd2ae,4,s4_f4,classical,96,23,13,14,1.000000,1.000000,1.000000,1.000000,0.0032,0.0004,18d224d
40ee2f0a3449,2026-07-06T16:33:47+00:00,e1_baselines,wine_binary,mlp,40c8032f2f,0,s0_f0,classical,95,24,13,271,0.875000,0.877778,0.842105,0.985185,0.0471,0.0007,18d224d
8c1a510e3dfa,2026-07-06T16:33:47+00:00,e1_baselines,wine_binary,mlp,40c8032f2f,0,s0_f1,classical,95,24,13,271,1.000000,1.000000,1.000000,1.000000,0.0464,0.0005,18d224d
bfcc77a1d9cb,2026-07-06T16:33:47+00:00,e1_baselines,wine_binary,mlp,40c8032f2f,0,s0_f2,classical,95,24,13,271,1.000000,1.000000,1.000000,1.000000,0.0492,0.0005,18d224d
5db73a6bb217,2026-07-06T16:33:47+00:00,e1_baselines,wine_binary,mlp,40c8032f2f,0,s0_f3,classical,95,24,13,271,1.000000,1.000000,1.000000,1.000000,0.0456,0.0005,18d224d
ab64349e1dff,2026-07-06T16:33:47+00:00,e1_baselines,wine_binary,mlp,40c8032f2f,0,s0_f4,classical,96,23,13,271,1.000000,1.000000,1.000000,1.000000,0.0454,0.0005,18d224d
75d2a9975b2f,2026-07-06T16:33:47+00:00,e1_baselines,wine_binary,mlp,40c8032f2f,1,s1_f0,classical,95,24,13,271,0.916667,0.933333,0.900000,1.000000,0.0583,0.0004,18d224d
d76fbe71893e,2026-07-06T16:33:47+00:00,e1_baselines,wine_binary,mlp,40c8032f2f,1,s1_f1,classical,95,24,13,271,1.000000,1.000000,1.000000,1.000000,0.0543,0.0004,18d224d
71d10f34f1af,2026-07-06T16:33:47+00:00,e1_baselines,wine_binary,mlp,40c8032f2f,1,s1_f2,classical,95,24,13,271,0.958333,0.964286,0.952381,1.000000,0.0595,0.0005,18d224d
7c913eb9e912,2026-07-06T16:33:47+00:00,e1_baselines,wine_binary,mlp,40c8032f2f,1,s1_f3,classical,95,24,13,271,1.000000,1.000000,1.000000,1.000000,0.0632,0.0005,18d224d
ca3d161dd32e,2026-07-06T16:33:47+00:00,e1_baselines,wine_binary,mlp,40c8032f2f,1,s1_f4,classical,96,23,13,271,1.000000,1.000000,1.000000,1.000000,0.0618,0.0005,18d224d
9b63c749d15b,2026-07-06T16:33:48+00:00,e1_baselines,wine_binary,mlp,40c8032f2f,2,s2_f0,classical,95,24,13,271,1.000000,1.000000,1.000000,1.000000,0.0384,0.0005,18d224d
383eedc9c096,2026-07-06T16:33:48+00:00,e1_baselines,wine_binary,mlp,40c8032f2f,2,s2_f1,classical,95,24,13,271,1.000000,1.000000,1.000000,1.000000,0.0445,0.0005,18d224d
1ba6652f6699,2026-07-06T16:33:48+00:00,e1_baselines,wine_binary,mlp,40c8032f2f,2,s2_f2,classical,95,24,13,271,1.000000,1.000000,1.000000,1.000000,0.0462,0.0008,18d224d
71302cb4cfa3,2026-07-06T16:33:48+00:00,e1_baselines,wine_binary,mlp,40c8032f2f,2,s2_f3,classical,95,24,13,271,1.000000,1.000000,1.000000,1.000000,0.0462,0.0006,18d224d
9ee1e5d901d6,2026-07-06T16:33:48+00:00,e1_baselines,wine_binary,mlp,40c8032f2f,2,s2_f4,classical,96,23,13,271,0.956522,0.964286,0.947368,1.000000,0.0420,0.0005,18d224d
2b67ef7c7336,2026-07-06T16:33:48+00:00,e1_baselines,wine_binary,mlp,40c8032f2f,3,s3_f0,classical,95,24,13,271,1.000000,1.000000,1.000000,1.000000,0.0541,0.0005,18d224d
f8822a55823d,2026-07-06T16:33:48+00:00,e1_baselines,wine_binary,mlp,40c8032f2f,3,s3_f1,classical,95,24,13,271,1.000000,1.000000,1.000000,1.000000,0.0574,0.0005,18d224d
d132ee05fb1e,2026-07-06T16:33:48+00:00,e1_baselines,wine_binary,mlp,40c8032f2f,3,s3_f2,classical,95,24,13,271,1.000000,1.000000,1.000000,1.000000,0.0491,0.0004,18d224d
1b1efd561420,2026-07-06T16:33:48+00:00,e1_baselines,wine_binary,mlp,40c8032f2f,3,s3_f3,classical,95,24,13,271,1.000000,1.000000,1.000000,1.000000,0.0443,0.0005,18d224d
6d8565805183,2026-07-06T16:33:48+00:00,e1_baselines,wine_binary,mlp,40c8032f2f,3,s3_f4,classical,96,23,13,271,0.956522,0.964286,0.947368,1.000000,0.0569,0.0005,18d224d
bbb0c493c2b9,2026-07-06T16:33:48+00:00,e1_baselines,wine_binary,mlp,40c8032f2f,4,s4_f0,classical,95,24,13,271,0.958333,0.966667,0.947368,1.000000,0.0520,0.0005,18d224d
92012775019e,2026-07-06T16:33:48+00:00,e1_baselines,wine_binary,mlp,40c8032f2f,4,s4_f1,classical,95,24,13,271,1.000000,1.000000,1.000000,1.000000,0.0505,0.0005,18d224d
d6ddc4f9c1dc,2026-07-06T16:33:48+00:00,e1_baselines,wine_binary,mlp,40c8032f2f,4,s4_f2,classical,95,24,13,271,0.958333,0.950000,0.947368,1.000000,0.0445,0.0005,18d224d
ad66a7b672da,2026-07-06T16:33:48+00:00,e1_baselines,wine_binary,mlp,40c8032f2f,4,s4_f3,classical,95,24,13,271,1.000000,1.000000,1.000000,1.000000,0.0496,0.0004,18d224d
6c7ab9db130e,2026-07-06T16:33:48+00:00,e1_baselines,wine_binary,mlp,40c8032f2f,4,s4_f4,classical,96,23,13,271,1.000000,1.000000,1.000000,1.000000,0.0479,0.0005,18d224d
d7351eee6ec2,2026-07-06T16:33:51+00:00,e1_baselines,wine_binary,rf,d160a14343,0,s0_f0,classical,95,24,13,,0.958333,0.966667,0.947368,0.977778,0.1126,0.0141,18d224d
5dde68d0581a,2026-07-06T16:33:51+00:00,e1_baselines,wine_binary,rf,d160a14343,0,s0_f1,classical,95,24,13,,0.958333,0.964286,0.952381,1.000000,0.1344,0.0160,18d224d
b053fb286fa4,2026-07-06T16:33:52+00:00,e1_baselines,wine_binary,rf,d160a14343,0,s0_f2,classical,95,24,13,,1.000000,1.000000,1.000000,1.000000,0.1193,0.0132,18d224d
4d65a7adc223,2026-07-06T16:33:52+00:00,e1_baselines,wine_binary,rf,d160a14343,0,s0_f3,classical,95,24,13,,0.958333,0.964286,0.952381,1.000000,0.1086,0.0134,18d224d
d0d37bfe7b54,2026-07-06T16:33:52+00:00,e1_baselines,wine_binary,rf,d160a14343,0,s0_f4,classical,96,23,13,,1.000000,1.000000,1.000000,1.000000,0.1102,0.0133,18d224d
c321141b8377,2026-07-06T16:33:52+00:00,e1_baselines,wine_binary,rf,d160a14343,1,s1_f0,classical,95,24,13,,0.916667,0.933333,0.900000,1.000000,0.1082,0.0138,18d224d
5d790c790761,2026-07-06T16:33:52+00:00,e1_baselines,wine_binary,rf,d160a14343,1,s1_f1,classical,95,24,13,,1.000000,1.000000,1.000000,1.000000,0.1121,0.0139,18d224d
be6e43282e50,2026-07-06T16:33:52+00:00,e1_baselines,wine_binary,rf,d160a14343,1,s1_f2,classical,95,24,13,,1.000000,1.000000,1.000000,1.000000,0.1185,0.0141,18d224d
e13185fd7fa5,2026-07-06T16:33:52+00:00,e1_baselines,wine_binary,rf,d160a14343,1,s1_f3,classical,95,24,13,,1.000000,1.000000,1.000000,1.000000,0.1123,0.0136,18d224d
c0298a7442c8,2026-07-06T16:33:53+00:00,e1_baselines,wine_binary,rf,d160a14343,1,s1_f4,classical,96,23,13,,1.000000,1.000000,1.000000,1.000000,0.1149,0.0132,18d224d
b9d63871476f,2026-07-06T16:33:53+00:00,e1_baselines,wine_binary,rf,d160a14343,2,s2_f0,classical,95,24,13,,0.958333,0.966667,0.947368,1.000000,0.1098,0.0139,18d224d
4d35714ea2af,2026-07-06T16:33:53+00:00,e1_baselines,wine_binary,rf,d160a14343,2,s2_f1,classical,95,24,13,,1.000000,1.000000,1.000000,1.000000,0.1083,0.0131,18d224d
284cb8848b8d,2026-07-06T16:33:53+00:00,e1_baselines,wine_binary,rf,d160a14343,2,s2_f2,classical,95,24,13,,1.000000,1.000000,1.000000,1.000000,0.1099,0.0135,18d224d
5309d1ffe65b,2026-07-06T16:33:53+00:00,e1_baselines,wine_binary,rf,d160a14343,2,s2_f3,classical,95,24,13,,1.000000,1.000000,1.000000,1.000000,0.1126,0.0143,18d224d
36660013390a,2026-07-06T16:33:53+00:00,e1_baselines,wine_binary,rf,d160a14343,2,s2_f4,classical,96,23,13,,0.956522,0.964286,0.947368,1.000000,0.1159,0.0144,18d224d
681bdf6c52a2,2026-07-06T16:33:53+00:00,e1_baselines,wine_binary,rf,d160a14343,3,s3_f0,classical,95,24,13,,1.000000,1.000000,1.000000,1.000000,0.1149,0.0146,18d224d
17a336f02e9c,2026-07-06T16:33:53+00:00,e1_baselines,wine_binary,rf,d160a14343,3,s3_f1,classical,95,24,13,,1.000000,1.000000,1.000000,1.000000,0.1141,0.0134,18d224d
1536c8281d37,2026-07-06T16:33:54+00:00,e1_baselines,wine_binary,rf,d160a14343,3,s3_f2,classical,95,24,13,,1.000000,1.000000,1.000000,1.000000,0.1118,0.0135,18d224d
d3056b487e50,2026-07-06T16:33:54+00:00,e1_baselines,wine_binary,rf,d160a14343,3,s3_f3,classical,95,24,13,,0.958333,0.964286,0.952381,0.992857,0.1121,0.0134,18d224d
44e761563f29,2026-07-06T16:33:54+00:00,e1_baselines,wine_binary,rf,d160a14343,3,s3_f4,classical,96,23,13,,1.000000,1.000000,1.000000,1.000000,0.1157,0.0135,18d224d
100ef6e1ac72,2026-07-06T16:33:54+00:00,e1_baselines,wine_binary,rf,d160a14343,4,s4_f0,classical,95,24,13,,1.000000,1.000000,1.000000,1.000000,0.1189,0.0140,18d224d
31cb9e5af3c3,2026-07-06T16:33:54+00:00,e1_baselines,wine_binary,rf,d160a14343,4,s4_f1,classical,95,24,13,,1.000000,1.000000,1.000000,1.000000,0.1097,0.0137,18d224d
0a2a17c7c5b3,2026-07-06T16:33:54+00:00,e1_baselines,wine_binary,rf,d160a14343,4,s4_f2,classical,95,24,13,,1.000000,1.000000,1.000000,1.000000,0.1136,0.0137,18d224d
7e84254b5a92,2026-07-06T16:33:54+00:00,e1_baselines,wine_binary,rf,d160a14343,4,s4_f3,classical,95,24,13,,0.958333,0.964286,0.952381,1.000000,0.1147,0.0147,18d224d
951f11bee455,2026-07-06T16:33:55+00:00,e1_baselines,wine_binary,rf,d160a14343,4,s4_f4,classical,96,23,13,,0.956522,0.964286,0.947368,1.000000,0.1184,0.0140,18d224d
49195d997e4b,2026-07-06T16:33:58+00:00,e1_baselines,wine_binary,svm_linear,cd8b8f0a8a,0,s0_f0,classical,95,24,13,14,0.958333,0.966667,0.947368,0.992593,0.0025,0.0006,18d224d
c397e36726a1,2026-07-06T16:33:58+00:00,e1_baselines,wine_binary,svm_linear,cd8b8f0a8a,0,s0_f1,classical,95,24,13,14,1.000000,1.000000,1.000000,1.000000,0.0011,0.0006,18d224d
4b985a82b2f5,2026-07-06T16:33:58+00:00,e1_baselines,wine_binary,svm_linear,cd8b8f0a8a,0,s0_f2,classical,95,24,13,14,1.000000,1.000000,1.000000,1.000000,0.0011,0.0004,18d224d
1b0bd2d5a817,2026-07-06T16:33:58+00:00,e1_baselines,wine_binary,svm_linear,cd8b8f0a8a,0,s0_f3,classical,95,24,13,14,1.000000,1.000000,1.000000,1.000000,0.0011,0.0004,18d224d
5032fd2f0913,2026-07-06T16:33:58+00:00,e1_baselines,wine_binary,svm_linear,cd8b8f0a8a,0,s0_f4,classical,96,23,13,14,1.000000,1.000000,1.000000,1.000000,0.0012,0.0004,18d224d
fdddd80031c5,2026-07-06T16:33:58+00:00,e1_baselines,wine_binary,svm_linear,cd8b8f0a8a,1,s1_f0,classical,95,24,13,14,0.958333,0.966667,0.947368,1.000000,0.0011,0.0004,18d224d
2e380c13d990,2026-07-06T16:33:58+00:00,e1_baselines,wine_binary,svm_linear,cd8b8f0a8a,1,s1_f1,classical,95,24,13,14,0.958333,0.950000,0.947368,1.000000,0.0011,0.0004,18d224d
0b5c8602b2ba,2026-07-06T16:33:58+00:00,e1_baselines,wine_binary,svm_linear,cd8b8f0a8a,1,s1_f2,classical,95,24,13,14,0.958333,0.964286,0.952381,0.992857,0.0011,0.0004,18d224d
a0ccd4d2f109,2026-07-06T16:33:58+00:00,e1_baselines,wine_binary,svm_linear,cd8b8f0a8a,1,s1_f3,classical,95,24,13,14,1.000000,1.000000,1.000000,1.000000,0.0010,0.0004,18d224d
0a3e803a654b,2026-07-06T16:33:58+00:00,e1_baselines,wine_binary,svm_linear,cd8b8f0a8a,1,s1_f4,classical,96,23,13,14,1.000000,1.000000,1.000000,1.000000,0.0011,0.0004,18d224d
bf31350e4825,2026-07-06T16:33:58+00:00,e1_baselines,wine_binary,svm_linear,cd8b8f0a8a,2,s2_f0,classical,95,24,13,14,0.916667,0.911111,0.888889,0.992593,0.0011,0.0004,18d224d
33da0f14c106,2026-07-06T16:33:58+00:00,e1_baselines,wine_binary,svm_linear,cd8b8f0a8a,2,s2_f1,classical,95,24,13,14,1.000000,1.000000,1.000000,1.000000,0.0011,0.0004,18d224d
bbbb30cc5ca5,2026-07-06T16:33:58+00:00,e1_baselines,wine_binary,svm_linear,cd8b8f0a8a,2,s2_f2,classical,95,24,13,14,1.000000,1.000000,1.000000,1.000000,0.0010,0.0004,18d224d
f1874fb0a308,2026-07-06T16:33:58+00:00,e1_baselines,wine_binary,svm_linear,cd8b8f0a8a,2,s2_f3,classical,95,24,13,14,1.000000,1.000000,1.000000,1.000000,0.0011,0.0004,18d224d
f13234092ecd,2026-07-06T16:33:58+00:00,e1_baselines,wine_binary,svm_linear,cd8b8f0a8a,2,s2_f4,classical,96,23,13,14,0.956522,0.944444,0.941176,0.992063,0.0010,0.0004,18d224d
55524d694898,2026-07-06T16:33:58+00:00,e1_baselines,wine_binary,svm_linear,cd8b8f0a8a,3,s3_f0,classical,95,24,13,14,1.000000,1.000000,1.000000,1.000000,0.0010,0.0004,18d224d
05aa05e77921,2026-07-06T16:33:58+00:00,e1_baselines,wine_binary,svm_linear,cd8b8f0a8a,3,s3_f1,classical,95,24,13,14,1.000000,1.000000,1.000000,1.000000,0.0010,0.0004,18d224d
f1e548f2f6ae,2026-07-06T16:33:58+00:00,e1_baselines,wine_binary,svm_linear,cd8b8f0a8a,3,s3_f2,classical,95,24,13,14,1.000000,1.000000,1.000000,1.000000,0.0011,0.0004,18d224d
ec0ec28b89d6,2026-07-06T16:33:58+00:00,e1_baselines,wine_binary,svm_linear,cd8b8f0a8a,3,s3_f3,classical,95,24,13,14,0.958333,0.964286,0.952381,0.992857,0.0011,0.0003,18d224d
7fcff04d5a28,2026-07-06T16:33:58+00:00,e1_baselines,wine_binary,svm_linear,cd8b8f0a8a,3,s3_f4,classical,96,23,13,14,0.956522,0.964286,0.947368,1.000000,0.0010,0.0004,18d224d
3a47f330d25f,2026-07-06T16:33:58+00:00,e1_baselines,wine_binary,svm_linear,cd8b8f0a8a,4,s4_f0,classical,95,24,13,14,1.000000,1.000000,1.000000,1.000000,0.0011,0.0004,18d224d
f1b461e2b951,2026-07-06T16:33:58+00:00,e1_baselines,wine_binary,svm_linear,cd8b8f0a8a,4,s4_f1,classical,95,24,13,14,1.000000,1.000000,1.000000,1.000000,0.0010,0.0003,18d224d
6f1086757b88,2026-07-06T16:33:58+00:00,e1_baselines,wine_binary,svm_linear,cd8b8f0a8a,4,s4_f2,classical,95,24,13,14,0.958333,0.950000,0.947368,1.000000,0.0012,0.0003,18d224d
f853402a716d,2026-07-06T16:33:58+00:00,e1_baselines,wine_binary,svm_linear,cd8b8f0a8a,4,s4_f3,classical,95,24,13,14,1.000000,1.000000,1.000000,1.000000,0.0010,0.0003,18d224d
91d7a15e1328,2026-07-06T16:33:58+00:00,e1_baselines,wine_binary,svm_linear,cd8b8f0a8a,4,s4_f4,classical,96,23,13,14,1.000000,1.000000,1.000000,1.000000,0.0010,0.0004,18d224d
01fa1673f3fb,2026-07-06T16:34:01+00:00,e1_baselines,wine_binary,svm_rbf,112375de7d,0,s0_f0,classical,95,24,13,,0.916667,0.911111,0.888889,0.992593,0.0023,0.0007,18d224d
ed72cfc6391b,2026-07-06T16:34:01+00:00,e1_baselines,wine_binary,svm_rbf,112375de7d,0,s0_f1,classical,95,24,13,,0.958333,0.964286,0.952381,1.000000,0.0013,0.0005,18d224d
07624a7cb0cd,2026-07-06T16:34:01+00:00,e1_baselines,wine_binary,svm_rbf,112375de7d,0,s0_f2,classical,95,24,13,,1.000000,1.000000,1.000000,1.000000,0.0013,0.0005,18d224d
7fb4618b06f7,2026-07-06T16:34:01+00:00,e1_baselines,wine_binary,svm_rbf,112375de7d,0,s0_f3,classical,95,24,13,,1.000000,1.000000,1.000000,1.000000,0.0013,0.0005,18d224d
eecfaa5044ea,2026-07-06T16:34:01+00:00,e1_baselines,wine_binary,svm_rbf,112375de7d,0,s0_f4,classical,96,23,13,,1.000000,1.000000,1.000000,1.000000,0.0012,0.0005,18d224d
61ef9d089a81,2026-07-06T16:34:01+00:00,e1_baselines,wine_binary,svm_rbf,112375de7d,1,s1_f0,classical,95,24,13,,0.958333,0.966667,0.947368,0.992593,0.0012,0.0005,18d224d
973954ab9054,2026-07-06T16:34:01+00:00,e1_baselines,wine_binary,svm_rbf,112375de7d,1,s1_f1,classical,95,24,13,,1.000000,1.000000,1.000000,1.000000,0.0012,0.0005,18d224d
d490ea76f6b1,2026-07-06T16:34:01+00:00,e1_baselines,wine_binary,svm_rbf,112375de7d,1,s1_f2,classical,95,24,13,,0.958333,0.964286,0.952381,1.000000,0.0013,0.0006,18d224d
83bcea0a8816,2026-07-06T16:34:01+00:00,e1_baselines,wine_binary,svm_rbf,112375de7d,1,s1_f3,classical,95,24,13,,0.958333,0.950000,0.947368,1.000000,0.0014,0.0005,18d224d
96e580c4e5fb,2026-07-06T16:34:01+00:00,e1_baselines,wine_binary,svm_rbf,112375de7d,1,s1_f4,classical,96,23,13,,1.000000,1.000000,1.000000,1.000000,0.0012,0.0005,18d224d
80f184426e19,2026-07-06T16:34:01+00:00,e1_baselines,wine_binary,svm_rbf,112375de7d,2,s2_f0,classical,95,24,13,,0.958333,0.966667,0.947368,0.992593,0.0013,0.0005,18d224d
221e7e6191e5,2026-07-06T16:34:01+00:00,e1_baselines,wine_binary,svm_rbf,112375de7d,2,s2_f1,classical,95,24,13,,1.000000,1.000000,1.000000,1.000000,0.0012,0.0005,18d224d
b97263da0b1d,2026-07-06T16:34:01+00:00,e1_baselines,wine_binary,svm_rbf,112375de7d,2,s2_f2,classical,95,24,13,,1.000000,1.000000,1.000000,1.000000,0.0012,0.0005,18d224d
95bfc1040eec,2026-07-06T16:34:01+00:00,e1_baselines,wine_binary,svm_rbf,112375de7d,2,s2_f3,classical,95,24,13,,1.000000,1.000000,1.000000,1.000000,0.0013,0.0005,18d224d
1321c31e2941,2026-07-06T16:34:01+00:00,e1_baselines,wine_binary,svm_rbf,112375de7d,2,s2_f4,classical,96,23,13,,0.956522,0.964286,0.947368,1.000000,0.0013,0.0004,18d224d
f63cff0f2def,2026-07-06T16:34:01+00:00,e1_baselines,wine_binary,svm_rbf,112375de7d,3,s3_f0,classical,95,24,13,,0.958333,0.944444,0.941176,1.000000,0.0012,0.0005,18d224d
495c0083fc55,2026-07-06T16:34:01+00:00,e1_baselines,wine_binary,svm_rbf,112375de7d,3,s3_f1,classical,95,24,13,,1.000000,1.000000,1.000000,1.000000,0.0013,0.0005,18d224d
259c69571af9,2026-07-06T16:34:01+00:00,e1_baselines,wine_binary,svm_rbf,112375de7d,3,s3_f2,classical,95,24,13,,1.000000,1.000000,1.000000,1.000000,0.0014,0.0005,18d224d
518f5e80f1ca,2026-07-06T16:34:01+00:00,e1_baselines,wine_binary,svm_rbf,112375de7d,3,s3_f3,classical,95,24,13,,0.958333,0.964286,0.952381,0.992857,0.0012,0.0005,18d224d
64dc431123f7,2026-07-06T16:34:01+00:00,e1_baselines,wine_binary,svm_rbf,112375de7d,3,s3_f4,classical,96,23,13,,0.956522,0.964286,0.947368,1.000000,0.0014,0.0009,18d224d
4329b294488b,2026-07-06T16:34:01+00:00,e1_baselines,wine_binary,svm_rbf,112375de7d,4,s4_f0,classical,95,24,13,,0.958333,0.966667,0.947368,1.000000,0.0014,0.0006,18d224d
bc93d62bb942,2026-07-06T16:34:01+00:00,e1_baselines,wine_binary,svm_rbf,112375de7d,4,s4_f1,classical,95,24,13,,0.958333,0.950000,0.947368,1.000000,0.0014,0.0005,18d224d
f2512776c36e,2026-07-06T16:34:01+00:00,e1_baselines,wine_binary,svm_rbf,112375de7d,4,s4_f2,classical,95,24,13,,0.958333,0.950000,0.947368,1.000000,0.0013,0.0005,18d224d
99a89f5319a5,2026-07-06T16:34:01+00:00,e1_baselines,wine_binary,svm_rbf,112375de7d,4,s4_f3,classical,95,24,13,,0.958333,0.964286,0.952381,1.000000,0.0014,0.0006,18d224d
5ef436102265,2026-07-06T16:34:01+00:00,e1_baselines,wine_binary,svm_rbf,112375de7d,4,s4_f4,classical,96,23,13,,1.000000,1.000000,1.000000,1.000000,0.0014,0.0006,18d224d
6243ac3f615b,2026-07-06T16:34:04+00:00,e1_baselines,wine_binary,xgboost,bd48da9f31,0,s0_f0,classical,95,24,13,,0.916667,0.911111,0.888889,0.985185,0.0212,0.0015,18d224d
93c9290513f1,2026-07-06T16:34:04+00:00,e1_baselines,wine_binary,xgboost,bd48da9f31,0,s0_f1,classical,95,24,13,,0.958333,0.964286,0.952381,1.000000,0.0180,0.0011,18d224d
14d1342551fc,2026-07-06T16:34:04+00:00,e1_baselines,wine_binary,xgboost,bd48da9f31,0,s0_f2,classical,95,24,13,,1.000000,1.000000,1.000000,1.000000,0.0174,0.0011,18d224d
4721ee574237,2026-07-06T16:34:04+00:00,e1_baselines,wine_binary,xgboost,bd48da9f31,0,s0_f3,classical,95,24,13,,1.000000,1.000000,1.000000,1.000000,0.0176,0.0011,18d224d
39a19689bcbc,2026-07-06T16:34:04+00:00,e1_baselines,wine_binary,xgboost,bd48da9f31,0,s0_f4,classical,96,23,13,,1.000000,1.000000,1.000000,1.000000,0.0179,0.0011,18d224d
47ffdabc796e,2026-07-06T16:34:04+00:00,e1_baselines,wine_binary,xgboost,bd48da9f31,1,s1_f0,classical,95,24,13,,0.958333,0.966667,0.947368,1.000000,0.0175,0.0011,18d224d
40b25dc22ebd,2026-07-06T16:34:04+00:00,e1_baselines,wine_binary,xgboost,bd48da9f31,1,s1_f1,classical,95,24,13,,1.000000,1.000000,1.000000,1.000000,0.0179,0.0011,18d224d
270d6a7beafa,2026-07-06T16:34:04+00:00,e1_baselines,wine_binary,xgboost,bd48da9f31,1,s1_f2,classical,95,24,13,,1.000000,1.000000,1.000000,1.000000,0.0174,0.0011,18d224d
24ca7be5c148,2026-07-06T16:34:04+00:00,e1_baselines,wine_binary,xgboost,bd48da9f31,1,s1_f3,classical,95,24,13,,1.000000,1.000000,1.000000,1.000000,0.0173,0.0010,18d224d
2fae6e7d6f3c,2026-07-06T16:34:04+00:00,e1_baselines,wine_binary,xgboost,bd48da9f31,1,s1_f4,classical,96,23,13,,0.956522,0.964286,0.947368,1.000000,0.0172,0.0011,18d224d
e730bbf736fa,2026-07-06T16:34:04+00:00,e1_baselines,wine_binary,xgboost,bd48da9f31,2,s2_f0,classical,95,24,13,,0.958333,0.966667,0.947368,1.000000,0.0175,0.0011,18d224d
c30e3ec004b0,2026-07-06T16:34:04+00:00,e1_baselines,wine_binary,xgboost,bd48da9f31,2,s2_f1,classical,95,24,13,,1.000000,1.000000,1.000000,1.000000,0.0175,0.0011,18d224d
37c625af245e,2026-07-06T16:34:04+00:00,e1_baselines,wine_binary,xgboost,bd48da9f31,2,s2_f2,classical,95,24,13,,1.000000,1.000000,1.000000,1.000000,0.0175,0.0010,18d224d
40546042d96a,2026-07-06T16:34:04+00:00,e1_baselines,wine_binary,xgboost,bd48da9f31,2,s2_f3,classical,95,24,13,,0.958333,0.950000,0.947368,1.000000,0.0174,0.0010,18d224d
59f1c39c9d5e,2026-07-06T16:34:04+00:00,e1_baselines,wine_binary,xgboost,bd48da9f31,2,s2_f4,classical,96,23,13,,0.956522,0.964286,0.947368,0.984127,0.0187,0.0013,18d224d
62259e6f8ec8,2026-07-06T16:34:04+00:00,e1_baselines,wine_binary,xgboost,bd48da9f31,3,s3_f0,classical,95,24,13,,0.958333,0.944444,0.941176,1.000000,0.0183,0.0012,18d224d
423782519d0d,2026-07-06T16:34:04+00:00,e1_baselines,wine_binary,xgboost,bd48da9f31,3,s3_f1,classical,95,24,13,,1.000000,1.000000,1.000000,1.000000,0.0190,0.0013,18d224d
d5a1e314543a,2026-07-06T16:34:04+00:00,e1_baselines,wine_binary,xgboost,bd48da9f31,3,s3_f2,classical,95,24,13,,0.958333,0.964286,0.952381,1.000000,0.0206,0.0015,18d224d
9d56e6ce34ef,2026-07-06T16:34:04+00:00,e1_baselines,wine_binary,xgboost,bd48da9f31,3,s3_f3,classical,95,24,13,,0.958333,0.964286,0.952381,1.000000,0.0191,0.0012,18d224d
b815396c1afd,2026-07-06T16:34:04+00:00,e1_baselines,wine_binary,xgboost,bd48da9f31,3,s3_f4,classical,96,23,13,,1.000000,1.000000,1.000000,1.000000,0.0185,0.0011,18d224d
b7e4e1afa5c0,2026-07-06T16:34:04+00:00,e1_baselines,wine_binary,xgboost,bd48da9f31,4,s4_f0,classical,95,24,13,,1.000000,1.000000,1.000000,1.000000,0.0183,0.0016,18d224d
f6bc8073ad80,2026-07-06T16:34:05+00:00,e1_baselines,wine_binary,xgboost,bd48da9f31,4,s4_f1,classical,95,24,13,,1.000000,1.000000,1.000000,1.000000,0.0186,0.0011,18d224d
5acb26214b44,2026-07-06T16:34:05+00:00,e1_baselines,wine_binary,xgboost,bd48da9f31,4,s4_f2,classical,95,24,13,,1.000000,1.000000,1.000000,1.000000,0.0182,0.0011,18d224d
54d0b4aee261,2026-07-06T16:34:05+00:00,e1_baselines,wine_binary,xgboost,bd48da9f31,4,s4_f3,classical,95,24,13,,0.958333,0.964286,0.952381,0.978571,0.0177,0.0013,18d224d
9e17edfeea04,2026-07-06T16:34:05+00:00,e1_baselines,wine_binary,xgboost,bd48da9f31,4,s4_f4,classical,96,23,13,,0.956522,0.964286,0.947368,1.000000,0.0178,0.0013,18d224d
ef9f74825448,2026-07-06T16:53:02+00:00,e1_baselines,xor_gauss,knn,64ab16bd72,0,s0_f0,classical,640,160,6,,0.662500,0.662281,0.649351,0.708568,0.0017,0.0038,a54f4f9
9ec9223ce42a,2026-07-06T16:53:02+00:00,e1_baselines,xor_gauss,knn,64ab16bd72,0,s0_f1,classical,640,160,6,,0.625000,0.619674,0.565217,0.684524,0.0009,0.0033,a54f4f9
000c0bdb3670,2026-07-06T16:53:02+00:00,e1_baselines,xor_gauss,knn,64ab16bd72,0,s0_f2,classical,640,160,6,,0.600000,0.598997,0.578947,0.635808,0.0008,0.0033,a54f4f9
d0336ca029e8,2026-07-06T16:53:02+00:00,e1_baselines,xor_gauss,knn,64ab16bd72,0,s0_f3,classical,640,160,6,,0.606250,0.603697,0.571429,0.623982,0.0009,0.0033,a54f4f9
d2f910f6fa67,2026-07-06T16:53:02+00:00,e1_baselines,xor_gauss,knn,64ab16bd72,0,s0_f4,classical,640,160,6,,0.618750,0.618108,0.601307,0.655780,0.0008,0.0033,a54f4f9
bcb9c85f823d,2026-07-06T16:53:02+00:00,e1_baselines,xor_gauss,knn,64ab16bd72,1,s1_f0,classical,640,160,6,,0.606250,0.601190,0.546763,0.650924,0.0009,0.0034,a54f4f9
f75988e67df4,2026-07-06T16:53:03+00:00,e1_baselines,xor_gauss,knn,64ab16bd72,1,s1_f1,classical,640,160,6,,0.650000,0.651629,0.650000,0.686873,0.0009,0.0031,a54f4f9
2f6017eafef5,2026-07-06T16:53:03+00:00,e1_baselines,xor_gauss,knn,64ab16bd72,1,s1_f2,classical,640,160,6,,0.625000,0.617794,0.545455,0.702616,0.0008,0.0032,a54f4f9
98435dc8ab3c,2026-07-06T16:53:03+00:00,e1_baselines,xor_gauss,knn,64ab16bd72,1,s1_f3,classical,640,160,6,,0.631250,0.628759,0.598639,0.710918,0.0008,0.0033,a54f4f9
b60a0560c2e0,2026-07-06T16:53:03+00:00,e1_baselines,xor_gauss,knn,64ab16bd72,1,s1_f4,classical,640,160,6,,0.618750,0.619361,0.611465,0.665179,0.0009,0.0032,a54f4f9
e7ad04b37df3,2026-07-06T16:53:03+00:00,e1_baselines,xor_gauss,knn,64ab16bd72,2,s2_f0,classical,640,160,6,,0.575000,0.574561,0.558442,0.587563,0.0009,0.0032,a54f4f9
af0ea7057d03,2026-07-06T16:53:03+00:00,e1_baselines,xor_gauss,knn,64ab16bd72,2,s2_f1,classical,640,160,6,,0.631250,0.633772,0.638037,0.682644,0.0008,0.0033,a54f4f9
2fe1a4361e32,2026-07-06T16:53:03+00:00,e1_baselines,xor_gauss,knn,64ab16bd72,2,s2_f2,classical,640,160,6,,0.675000,0.673559,0.653333,0.711231,0.0008,0.0033,a54f4f9
ee672778d990,2026-07-06T16:53:03+00:00,e1_baselines,xor_gauss,knn,64ab16bd72,2,s2_f3,classical,640,160,6,,0.693750,0.692043,0.671141,0.734884,0.0009,0.0031,a54f4f9
a3c9f06c8eb8,2026-07-06T16:53:03+00:00,e1_baselines,xor_gauss,knn,64ab16bd72,2,s2_f4,classical,640,160,6,,0.581250,0.576754,0.524823,0.603697,0.0008,0.0033,a54f4f9
84c4ded79cf8,2026-07-06T16:53:03+00:00,e1_baselines,xor_gauss,knn,64ab16bd72,3,s3_f0,classical,640,160,6,,0.543750,0.539160,0.482270,0.598997,0.0008,0.0032,a54f4f9
7084b83c519b,2026-07-06T16:53:03+00:00,e1_baselines,xor_gauss,knn,64ab16bd72,3,s3_f1,classical,640,160,6,,0.637500,0.635338,0.608108,0.694471,0.0007,0.0038,a54f4f9
75c8dfd29356,2026-07-06T16:53:03+00:00,e1_baselines,xor_gauss,knn,64ab16bd72,3,s3_f2,classical,640,160,6,,0.612500,0.611529,0.592105,0.645207,0.0009,0.0031,a54f4f9
9037944cfe59,2026-07-06T16:53:03+00:00,e1_baselines,xor_gauss,knn,64ab16bd72,3,s3_f3,classical,640,160,6,,0.637500,0.634085,0.597222,0.698778,0.0008,0.0032,a54f4f9
f07dab991476,2026-07-06T16:53:03+00:00,e1_baselines,xor_gauss,knn,64ab16bd72,3,s3_f4,classical,640,160,6,,0.625000,0.627820,0.634146,0.699405,0.0008,0.0033,a54f4f9
e38db814eb36,2026-07-06T16:53:03+00:00,e1_baselines,xor_gauss,knn,64ab16bd72,4,s4_f0,classical,640,160,6,,0.675000,0.671679,0.638889,0.680294,0.0009,0.0032,a54f4f9
fe14fb1e9611,2026-07-06T16:53:03+00:00,e1_baselines,xor_gauss,knn,64ab16bd72,4,s4_f1,classical,640,160,6,,0.625000,0.624060,0.605263,0.683427,0.0008,0.0033,a54f4f9
964c8a97983c,2026-07-06T16:53:03+00:00,e1_baselines,xor_gauss,knn,64ab16bd72,4,s4_f2,classical,640,160,6,,0.618750,0.618734,0.606452,0.688048,0.0008,0.0032,a54f4f9
273c5bf25342,2026-07-06T16:53:03+00:00,e1_baselines,xor_gauss,knn,64ab16bd72,4,s4_f3,classical,640,160,6,,0.600000,0.600251,0.589744,0.641604,0.0008,0.0032,a54f4f9
3d20bcc41756,2026-07-06T16:53:03+00:00,e1_baselines,xor_gauss,knn,64ab16bd72,4,s4_f4,classical,640,160,6,,0.618750,0.617481,0.596026,0.660088,0.0008,0.0034,a54f4f9
c7bb9669c413,2026-07-06T16:53:06+00:00,e1_baselines,xor_gauss,logreg,eddd4936e5,0,s0_f0,classical,640,160,6,7,0.550000,0.533835,0.307692,0.545269,0.0051,0.0005,a54f4f9
a2d6b5d7ba46,2026-07-06T16:53:06+00:00,e1_baselines,xor_gauss,logreg,eddd4936e5,0,s0_f1,classical,640,160,6,7,0.493750,0.477757,0.228571,0.480576,0.0030,0.0004,a54f4f9
4022b7ef9282,2026-07-06T16:53:06+00:00,e1_baselines,xor_gauss,logreg,eddd4936e5,0,s0_f2,classical,640,160,6,7,0.500000,0.487469,0.310345,0.484806,0.0027,0.0004,a54f4f9
0eeb928ec5f9,2026-07-06T16:53:06+00:00,e1_baselines,xor_gauss,logreg,eddd4936e5,0,s0_f3,classical,640,160,6,7,0.500000,0.484962,0.259259,0.503916,0.0028,0.0004,a54f4f9
91cf459a2219,2026-07-06T16:53:06+00:00,e1_baselines,xor_gauss,logreg,eddd4936e5,0,s0_f4,classical,640,160,6,7,0.525000,0.512531,0.344828,0.499373,0.0029,0.0004,a54f4f9
c4d4e8f69b4d,2026-07-06T16:53:06+00:00,e1_baselines,xor_gauss,logreg,eddd4936e5,1,s1_f0,classical,640,160,6,7,0.512500,0.499373,0.315789,0.503603,0.0031,0.0004,a54f4f9
de26ffaf3582,2026-07-06T16:53:06+00:00,e1_baselines,xor_gauss,logreg,eddd4936e5,1,s1_f1,classical,640,160,6,7,0.493750,0.481516,0.307692,0.486685,0.0032,0.0003,a54f4f9
b0cfd4d54596,2026-07-06T16:53:06+00:00,e1_baselines,xor_gauss,logreg,eddd4936e5,1,s1_f2,classical,640,160,6,7,0.512500,0.497494,0.277778,0.522556,0.0027,0.0003,a54f4f9
4844f800e273,2026-07-06T16:53:06+00:00,e1_baselines,xor_gauss,logreg,eddd4936e5,1,s1_f3,classical,640,160,6,7,0.500000,0.486842,0.298246,0.515664,0.0024,0.0003,a54f4f9
9ef54cbb998b,2026-07-06T16:53:06+00:00,e1_baselines,xor_gauss,logreg,eddd4936e5,1,s1_f4,classical,640,160,6,7,0.500000,0.490602,0.365079,0.480890,0.0029,0.0004,a54f4f9
b8fa18c95ebf,2026-07-06T16:53:06+00:00,e1_baselines,xor_gauss,logreg,eddd4936e5,2,s2_f0,classical,640,160,6,7,0.506250,0.489035,0.217822,0.519110,0.0033,0.0003,a54f4f9
1e78d52a0902,2026-07-06T16:53:06+00:00,e1_baselines,xor_gauss,logreg,eddd4936e5,2,s2_f1,classical,640,160,6,7,0.531250,0.514724,0.271845,0.507675,0.0026,0.0003,a54f4f9
41c50565852b,2026-07-06T16:53:06+00:00,e1_baselines,xor_gauss,logreg,eddd4936e5,2,s2_f2,classical,640,160,6,7,0.543750,0.534148,0.416000,0.489505,0.0028,0.0004,a54f4f9
9bb203b09340,2026-07-06T16:53:06+00:00,e1_baselines,xor_gauss,logreg,eddd4936e5,2,s2_f3,classical,640,160,6,7,0.543750,0.527882,0.304762,0.547776,0.0025,0.0003,a54f4f9
c66563ebf477,2026-07-06T16:53:06+00:00,e1_baselines,xor_gauss,logreg,eddd4936e5,2,s2_f4,classical,640,160,6,7,0.443750,0.432018,0.252101,0.420739,0.0028,0.0003,a54f4f9
c57e6a9604a3,2026-07-06T16:53:06+00:00,e1_baselines,xor_gauss,logreg,eddd4936e5,3,s3_f0,classical,640,160,6,7,0.450000,0.439223,0.278689,0.482456,0.0029,0.0004,a54f4f9
94380ca51f0d,2026-07-06T16:53:06+00:00,e1_baselines,xor_gauss,logreg,eddd4936e5,3,s3_f1,classical,640,160,6,7,0.531250,0.521617,0.400000,0.511435,0.0026,0.0003,a54f4f9
2e40cc54660a,2026-07-06T16:53:06+00:00,e1_baselines,xor_gauss,logreg,eddd4936e5,3,s3_f2,classical,640,160,6,7,0.500000,0.486216,0.285714,0.447525,0.0030,0.0004,a54f4f9
bd375719daff,2026-07-06T16:53:06+00:00,e1_baselines,xor_gauss,logreg,eddd4936e5,3,s3_f3,classical,640,160,6,7,0.518750,0.503446,0.280374,0.521460,0.0027,0.0004,a54f4f9
636ca85a3985,2026-07-06T16:53:06+00:00,e1_baselines,xor_gauss,logreg,eddd4936e5,3,s3_f4,classical,640,160,6,7,0.556250,0.541667,0.348624,0.512375,0.0027,0.0004,a54f4f9
243a2c3ee1b2,2026-07-06T16:53:06+00:00,e1_baselines,xor_gauss,logreg,eddd4936e5,4,s4_f0,classical,640,160,6,7,0.518750,0.504699,0.306306,0.503603,0.0028,0.0004,a54f4f9
f5a37e8b943c,2026-07-06T16:53:06+00:00,e1_baselines,xor_gauss,logreg,eddd4936e5,4,s4_f1,classical,640,160,6,7,0.462500,0.453008,0.317460,0.453634,0.0026,0.0004,a54f4f9
fe1fd3e95040,2026-07-06T16:53:06+00:00,e1_baselines,xor_gauss,logreg,eddd4936e5,4,s4_f2,classical,640,160,6,7,0.512500,0.494987,0.220000,0.555451,0.0027,0.0003,a54f4f9
035c86b6c18e,2026-07-06T16:53:06+00:00,e1_baselines,xor_gauss,logreg,eddd4936e5,4,s4_f3,classical,640,160,6,7,0.512500,0.503133,0.380952,0.485589,0.0027,0.0003,a54f4f9
d118e1d4b7b5,2026-07-06T16:53:06+00:00,e1_baselines,xor_gauss,logreg,eddd4936e5,4,s4_f4,classical,640,160,6,7,0.543750,0.527882,0.304762,0.517231,0.0027,0.0003,a54f4f9
26d0f18f0765,2026-07-06T16:53:09+00:00,e1_baselines,xor_gauss,mlp,483620c462,0,s0_f0,classical,640,160,6,145,0.493750,0.479637,0.270270,0.493264,0.0603,0.0006,a54f4f9
9d94b2044f21,2026-07-06T16:53:09+00:00,e1_baselines,xor_gauss,mlp,483620c462,0,s0_f1,classical,640,160,6,145,0.487500,0.475564,0.305085,0.550909,0.2682,0.0006,a54f4f9
39ab0668d002,2026-07-06T16:53:09+00:00,e1_baselines,xor_gauss,mlp,483620c462,0,s0_f2,classical,640,160,6,145,0.512500,0.506892,0.434783,0.518484,0.1534,0.0006,a54f4f9
c3f884892646,2026-07-06T16:53:09+00:00,e1_baselines,xor_gauss,mlp,483620c462,0,s0_f3,classical,640,160,6,145,0.475000,0.460526,0.236364,0.451911,0.1031,0.0007,a54f4f9
468a1dfd84b1,2026-07-06T16:53:09+00:00,e1_baselines,xor_gauss,mlp,483620c462,0,s0_f4,classical,640,160,6,145,0.537500,0.537594,0.525641,0.531955,0.1877,0.0006,a54f4f9
20d5d6a082b2,2026-07-06T16:53:10+00:00,e1_baselines,xor_gauss,mlp,483620c462,1,s1_f0,classical,640,160,6,145,0.506250,0.492794,0.300885,0.508302,0.0835,0.0006,a54f4f9
594fa2e541f2,2026-07-06T16:53:10+00:00,e1_baselines,xor_gauss,mlp,483620c462,1,s1_f1,classical,640,160,6,145,0.500000,0.478697,0.090909,0.462719,0.0577,0.0006,a54f4f9
18a9e2fbb757,2026-07-06T16:53:10+00:00,e1_baselines,xor_gauss,mlp,483620c462,1,s1_f2,classical,640,160,6,145,0.518750,0.500313,0.206186,0.487469,0.0998,0.0006,a54f4f9
91cf78042780,2026-07-06T16:53:10+00:00,e1_baselines,xor_gauss,mlp,483620c462,1,s1_f3,classical,640,160,6,145,0.543750,0.539787,0.489510,0.558271,0.2280,0.0005,a54f4f9
999811178aa7,2026-07-06T16:53:10+00:00,e1_baselines,xor_gauss,mlp,483620c462,1,s1_f4,classical,640,160,6,145,0.506250,0.496554,0.368000,0.476190,0.1571,0.0006,a54f4f9
e87541f29577,2026-07-06T16:53:10+00:00,e1_baselines,xor_gauss,mlp,483620c462,2,s2_f0,classical,640,160,6,145,0.525000,0.508145,0.254902,0.498904,0.1010,0.0006,a54f4f9
0a43d7a30394,2026-07-06T16:53:10+00:00,e1_baselines,xor_gauss,mlp,483620c462,2,s2_f1,classical,640,160,6,145,0.525000,0.511905,0.333333,0.546992,0.1311,0.0005,a54f4f9
3804ea63617e,2026-07-06T16:53:10+00:00,e1_baselines,xor_gauss,mlp,483620c462,2,s2_f2,classical,640,160,6,145,0.556250,0.544173,0.393162,0.506109,0.1138,0.0006,a54f4f9
d1ec8563656c,2026-07-06T16:53:11+00:00,e1_baselines,xor_gauss,mlp,483620c462,2,s2_f3,classical,640,160,6,145,0.512500,0.511905,0.493506,0.496711,0.2163,0.0005,a54f4f9
377e840c6db1,2026-07-06T16:53:11+00:00,e1_baselines,xor_gauss,mlp,483620c462,2,s2_f4,classical,640,160,6,145,0.462500,0.456140,0.367647,0.421053,0.0332,0.0006,a54f4f9
246a62f2438b,2026-07-06T16:53:11+00:00,e1_baselines,xor_gauss,mlp,483620c462,3,s3_f0,classical,640,160,6,145,0.531250,0.529762,0.503311,0.523340,0.1401,0.0005,a54f4f9
6e0ece2aaa3d,2026-07-06T16:53:11+00:00,e1_baselines,xor_gauss,mlp,483620c462,3,s3_f1,classical,640,160,6,145,0.518750,0.516604,0.483221,0.489348,0.1904,0.0005,a54f4f9
4b1575ba4057,2026-07-06T16:53:11+00:00,e1_baselines,xor_gauss,mlp,483620c462,3,s3_f2,classical,640,160,6,145,0.493750,0.474624,0.147368,0.440633,0.1204,0.0005,a54f4f9
1f12861241c1,2026-07-06T16:53:11+00:00,e1_baselines,xor_gauss,mlp,483620c462,3,s3_f3,classical,640,160,6,145,0.500000,0.489348,0.344262,0.486216,0.1742,0.0006,a54f4f9
05b09867aacf,2026-07-06T16:53:11+00:00,e1_baselines,xor_gauss,mlp,483620c462,3,s3_f4,classical,640,160,6,145,0.550000,0.527569,0.142857,0.536341,0.0750,0.0005,a54f4f9
955917a43c02,2026-07-06T16:53:12+00:00,e1_baselines,xor_gauss,mlp,483620c462,4,s4_f0,classical,640,160,6,145,0.506250,0.502193,0.447552,0.483083,0.1117,0.0006,a54f4f9
24541cff22a6,2026-07-06T16:53:12+00:00,e1_baselines,xor_gauss,mlp,483620c462,4,s4_f1,classical,640,160,6,145,0.562500,0.545113,0.300000,0.526786,0.1106,0.0005,a54f4f9
85082f93cfdb,2026-07-06T16:53:12+00:00,e1_baselines,xor_gauss,mlp,483620c462,4,s4_f2,classical,640,160,6,145,0.575000,0.580827,0.609195,0.553728,0.1253,0.0005,a54f4f9
31cf9a236f9c,2026-07-06T16:53:12+00:00,e1_baselines,xor_gauss,mlp,483620c462,4,s4_f3,classical,640,160,6,145,0.562500,0.548246,0.363636,0.525063,0.0735,0.0006,a54f4f9
c3546a9c3f81,2026-07-06T16:53:12+00:00,e1_baselines,xor_gauss,mlp,483620c462,4,s4_f4,classical,640,160,6,145,0.562500,0.541980,0.222222,0.448622,0.0786,0.0006,a54f4f9
acfc061ae433,2026-07-06T16:53:15+00:00,e1_baselines,xor_gauss,rf,258cd5edf8,0,s0_f0,classical,640,160,6,,0.550000,0.550125,0.538462,0.585683,0.3827,0.0206,a54f4f9
9f2d5e4d9c31,2026-07-06T16:53:16+00:00,e1_baselines,xor_gauss,rf,258cd5edf8,0,s0_f1,classical,640,160,6,,0.643750,0.636905,0.571429,0.633302,0.3932,0.0206,a54f4f9
2f92f21c4dc6,2026-07-06T16:53:16+00:00,e1_baselines,xor_gauss,rf,258cd5edf8,0,s0_f2,classical,640,160,6,,0.625000,0.620301,0.571429,0.650689,0.3770,0.0205,a54f4f9
959de8b4d889,2026-07-06T16:53:17+00:00,e1_baselines,xor_gauss,rf,258cd5edf8,0,s0_f3,classical,640,160,6,,0.593750,0.593672,0.580645,0.670583,0.3948,0.0222,a54f4f9
b1c74739325b,2026-07-06T16:53:17+00:00,e1_baselines,xor_gauss,rf,258cd5edf8,0,s0_f4,classical,640,160,6,,0.531250,0.528509,0.489796,0.567199,0.3842,0.0209,a54f4f9
efd0dc477ee7,2026-07-06T16:53:17+00:00,e1_baselines,xor_gauss,rf,258cd5edf8,1,s1_f0,classical,640,160,6,,0.550000,0.544486,0.478261,0.595708,0.3946,0.0204,a54f4f9
ec5ee16b3849,2026-07-06T16:53:18+00:00,e1_baselines,xor_gauss,rf,258cd5edf8,1,s1_f1,classical,640,160,6,,0.600000,0.602130,0.604938,0.623904,0.3765,0.0206,a54f4f9
7a0b3810bb68,2026-07-06T16:53:18+00:00,e1_baselines,xor_gauss,rf,258cd5edf8,1,s1_f2,classical,640,160,6,,0.637500,0.634085,0.597222,0.642387,0.3907,0.0206,a54f4f9
e3aad4c102cf,2026-07-06T16:53:19+00:00,e1_baselines,xor_gauss,rf,258cd5edf8,1,s1_f3,classical,640,160,6,,0.581250,0.577381,0.531469,0.644893,0.3803,0.0211,a54f4f9
8b996d72a92e,2026-07-06T16:53:19+00:00,e1_baselines,xor_gauss,rf,258cd5edf8,1,s1_f4,classical,640,160,6,,0.525000,0.523183,0.493333,0.524123,0.3824,0.0210,a54f4f9
5f8724b9354e,2026-07-06T16:53:19+00:00,e1_baselines,xor_gauss,rf,258cd5edf8,2,s2_f0,classical,640,160,6,,0.487500,0.484962,0.445946,0.565633,0.3936,0.0213,a54f4f9
0d145e6b9187,2026-07-06T16:53:20+00:00,e1_baselines,xor_gauss,rf,258cd5edf8,2,s2_f1,classical,640,160,6,,0.568750,0.566103,0.530612,0.604637,0.3970,0.0210,a54f4f9
661750bdebb0,2026-07-06T16:53:20+00:00,e1_baselines,xor_gauss,rf,258cd5edf8,2,s2_f2,classical,640,160,6,,0.587500,0.587093,0.571429,0.631266,0.3836,0.0207,a54f4f9
ffecf0a4b8b3,2026-07-06T16:53:21+00:00,e1_baselines,xor_gauss,rf,258cd5edf8,2,s2_f3,classical,640,160,6,,0.618750,0.615602,0.579310,0.629543,0.3876,0.0203,a54f4f9
49f00f1c15b5,2026-07-06T16:53:21+00:00,e1_baselines,xor_gauss,rf,258cd5edf8,2,s2_f4,classical,640,160,6,,0.600000,0.596491,0.555556,0.632206,0.3575,0.0201,a54f4f9
99907c89f63c,2026-07-06T16:53:21+00:00,e1_baselines,xor_gauss,rf,258cd5edf8,3,s3_f0,classical,640,160,6,,0.543750,0.541040,0.503401,0.571115,0.3742,0.0233,a54f4f9
e2f54d97edc6,2026-07-06T16:53:22+00:00,e1_baselines,xor_gauss,rf,258cd5edf8,3,s3_f1,classical,640,160,6,,0.531250,0.528509,0.489796,0.582550,0.3910,0.0206,a54f4f9
c8882c4d5bac,2026-07-06T16:53:22+00:00,e1_baselines,xor_gauss,rf,258cd5edf8,3,s3_f2,classical,640,160,6,,0.562500,0.558897,0.513889,0.569392,0.3784,0.0207,a54f4f9
bda63bc69bf1,2026-07-06T16:53:23+00:00,e1_baselines,xor_gauss,rf,258cd5edf8,3,s3_f3,classical,640,160,6,,0.593750,0.588659,0.532374,0.636278,0.3881,0.0208,a54f4f9
7560655ecc04,2026-07-06T16:53:23+00:00,e1_baselines,xor_gauss,rf,258cd5edf8,3,s3_f4,classical,640,160,6,,0.693750,0.693296,0.679739,0.763158,0.3771,0.0204,a54f4f9
29d67895bd45,2026-07-06T16:53:23+00:00,e1_baselines,xor_gauss,rf,258cd5edf8,4,s4_f0,classical,640,160,6,,0.618750,0.617481,0.596026,0.680921,0.3685,0.0202,a54f4f9
deaf71ed3245,2026-07-06T16:53:24+00:00,e1_baselines,xor_gauss,rf,258cd5edf8,4,s4_f1,classical,640,160,6,,0.612500,0.607769,0.557143,0.660871,0.3733,0.0207,a54f4f9
0c3b7a173765,2026-07-06T16:53:24+00:00,e1_baselines,xor_gauss,rf,258cd5edf8,4,s4_f2,classical,640,160,6,,0.550000,0.549499,0.532468,0.544173,0.3827,0.0205,a54f4f9
2e8f1e5b2b11,2026-07-06T16:53:25+00:00,e1_baselines,xor_gauss,rf,258cd5edf8,4,s4_f3,classical,640,160,6,,0.525000,0.523183,0.493333,0.554511,0.3778,0.0207,a54f4f9
02518a9730f0,2026-07-06T16:53:25+00:00,e1_baselines,xor_gauss,rf,258cd5edf8,4,s4_f4,classical,640,160,6,,0.575000,0.572055,0.534247,0.618578,0.3717,0.0205,a54f4f9
2b13f33c8895,2026-07-06T16:53:28+00:00,e1_baselines,xor_gauss,svm_linear,7e30a92752,0,s0_f0,classical,640,160,6,7,0.525000,0.500000,0.000000,0.514881,0.0106,0.0036,a54f4f9
01e0d190e8da,2026-07-06T16:53:28+00:00,e1_baselines,xor_gauss,svm_linear,7e30a92752,0,s0_f1,classical,640,160,6,7,0.512500,0.500000,0.327586,0.479480,0.0097,0.0033,a54f4f9
47bfb74dc60e,2026-07-06T16:53:28+00:00,e1_baselines,xor_gauss,svm_linear,7e30a92752,0,s0_f2,classical,640,160,6,7,0.518750,0.510338,0.403101,0.484649,0.0104,0.0033,a54f4f9
e8ad17b8314b,2026-07-06T16:53:28+00:00,e1_baselines,xor_gauss,svm_linear,7e30a92752,0,s0_f3,classical,640,160,6,7,0.525000,0.500000,0.000000,0.489662,0.0103,0.0035,a54f4f9
71e7c539f389,2026-07-06T16:53:28+00:00,e1_baselines,xor_gauss,svm_linear,7e30a92752,0,s0_f4,classical,640,160,6,7,0.525000,0.500000,0.000000,0.493891,0.0098,0.0034,a54f4f9
0d647d2da573,2026-07-06T16:53:28+00:00,e1_baselines,xor_gauss,svm_linear,7e30a92752,1,s1_f0,classical,640,160,6,7,0.525000,0.500000,0.000000,0.525533,0.0094,0.0032,a54f4f9
cdb03dd4a8f9,2026-07-06T16:53:28+00:00,e1_baselines,xor_gauss,svm_linear,7e30a92752,1,s1_f1,classical,640,160,6,7,0.500000,0.493108,0.402985,0.483709,0.0098,0.0033,a54f4f9
edb6b3aaec63,2026-07-06T16:53:28+00:00,e1_baselines,xor_gauss,svm_linear,7e30a92752,1,s1_f2,classical,640,160,6,7,0.512500,0.501880,0.360656,0.519110,0.0104,0.0033,a54f4f9
3ed5ca2a8485,2026-07-06T16:53:28+00:00,e1_baselines,xor_gauss,svm_linear,7e30a92752,1,s1_f3,classical,640,160,6,7,0.525000,0.500000,0.000000,0.477444,0.0090,0.0033,a54f4f9
210f2d53dc5d,2026-07-06T16:53:28+00:00,e1_baselines,xor_gauss,svm_linear,7e30a92752,1,s1_f4,classical,640,160,6,7,0.462500,0.456767,0.376812,0.475721,0.0100,0.0034,a54f4f9
4c8c06681456,2026-07-06T16:53:29+00:00,e1_baselines,xor_gauss,svm_linear,7e30a92752,2,s2_f0,classical,640,160,6,7,0.525000,0.500000,0.000000,0.574405,0.0091,0.0033,a54f4f9
4a3e763f9551,2026-07-06T16:53:29+00:00,e1_baselines,xor_gauss,svm_linear,7e30a92752,2,s2_f1,classical,640,160,6,7,0.525000,0.500000,0.000000,0.537594,0.0091,0.0033,a54f4f9
5263beaef300,2026-07-06T16:53:29+00:00,e1_baselines,xor_gauss,svm_linear,7e30a92752,2,s2_f2,classical,640,160,6,7,0.512500,0.504386,0.400000,0.483866,0.0100,0.0033,a54f4f9
7a3c85299ba5,2026-07-06T16:53:29+00:00,e1_baselines,xor_gauss,svm_linear,7e30a92752,2,s2_f3,classical,640,160,6,7,0.525000,0.500000,0.000000,0.537124,0.0092,0.0034,a54f4f9
3cd1a3c38efb,2026-07-06T16:53:29+00:00,e1_baselines,xor_gauss,svm_linear,7e30a92752,2,s2_f4,classical,640,160,6,7,0.418750,0.411967,0.311111,0.410088,0.0103,0.0034,a54f4f9
ea115ce1aa8a,2026-07-06T16:53:29+00:00,e1_baselines,xor_gauss,svm_linear,7e30a92752,3,s3_f0,classical,640,160,6,7,0.475000,0.469298,0.391304,0.484806,0.0107,0.0034,a54f4f9
091a93e9be72,2026-07-06T16:53:29+00:00,e1_baselines,xor_gauss,svm_linear,7e30a92752,3,s3_f1,classical,640,160,6,7,0.512500,0.504386,0.400000,0.514881,0.0105,0.0034,a54f4f9
c3b3f04ce12a,2026-07-06T16:53:29+00:00,e1_baselines,xor_gauss,svm_linear,7e30a92752,3,s3_f2,classical,640,160,6,7,0.468750,0.460840,0.351145,0.429041,0.0104,0.0031,a54f4f9
62daa5391f1c,2026-07-06T16:53:29+00:00,e1_baselines,xor_gauss,svm_linear,7e30a92752,3,s3_f3,classical,640,160,6,7,0.525000,0.500000,0.000000,0.507832,0.0102,0.0032,a54f4f9
3e40eb2499d6,2026-07-06T16:53:29+00:00,e1_baselines,xor_gauss,svm_linear,7e30a92752,3,s3_f4,classical,640,160,6,7,0.525000,0.500000,0.000000,0.507206,0.0092,0.0032,a54f4f9
81ad3f660a8c,2026-07-06T16:53:29+00:00,e1_baselines,xor_gauss,svm_linear,7e30a92752,4,s4_f0,classical,640,160,6,7,0.543750,0.529135,0.330275,0.497650,0.0101,0.0032,a54f4f9
53ec79f59608,2026-07-06T16:53:29+00:00,e1_baselines,xor_gauss,svm_linear,7e30a92752,4,s4_f1,classical,640,160,6,7,0.468750,0.463346,0.388489,0.453634,0.0099,0.0032,a54f4f9
cbcdbfa6db83,2026-07-06T16:53:29+00:00,e1_baselines,xor_gauss,svm_linear,7e30a92752,4,s4_f2,classical,640,160,6,7,0.525000,0.500000,0.000000,0.592419,0.0088,0.0034,a54f4f9
4a905e032813,2026-07-06T16:53:29+00:00,e1_baselines,xor_gauss,svm_linear,7e30a92752,4,s4_f3,classical,640,160,6,7,0.506250,0.499687,0.414815,0.485902,0.0098,0.0032,a54f4f9
15fcd9024de5,2026-07-06T16:53:29+00:00,e1_baselines,xor_gauss,svm_linear,7e30a92752,4,s4_f4,classical,640,160,6,7,0.525000,0.500000,0.000000,0.557018,0.0088,0.0033,a54f4f9
