run_id,timestamp_utc,experiment,dataset,model,config_hash,seed,split_id,regime,n_train,n_test,n_features,n_params,accuracy,balanced_accuracy,f1,roc_auc,train_time_s,eval_time_s,git_commit
622a013bcc9a,2026-07-06T16:34:08+00:00,e1_baselines_default,banknote,knn,5de76b8293,0,s0_f0,classical,1097,275,4,,1.000000,1.000000,1.000000,1.000000,0.0018,0.0039,18d224d
b4f9335cbecd,2026-07-06T16:34:08+00:00,e1_baselines_default,banknote,knn,5de76b8293,0,s0_f1,classical,1097,275,4,,1.000000,1.000000,1.000000,1.000000,0.0010,0.0032,18d224d
e19db925c74d,2026-07-06T16:34:08+00:00,e1_baselines_default,banknote,knn,5de76b8293,0,s0_f2,classical,1098,274,4,,0.996350,0.996711,0.995918,0.996711,0.0010,0.0030,18d224d
df72dd45e1eb,2026-07-06T16:34:08+00:00,e1_baselines_default,banknote,knn,5de76b8293,0,s0_f3,classical,1098,274,4,,1.000000,1.000000,1.000000,1.000000,0.0010,0.0032,18d224d
6cd94fd66515,2026-07-06T16:34:08+00:00,e1_baselines_default,banknote,knn,5de76b8293,0,s0_f4,classical,1098,274,4,,0.996350,0.996711,0.995918,0.996711,0.0010,0.0029,18d224d
68851ce4f00e,2026-07-06T16:34:08+00:00,e1_baselines_default,banknote,knn,5de76b8293,1,s1_f0,classical,1097,275,4,,0.996364,0.996732,0.995918,0.996732,0.0009,0.0029,18d224d
1e17592f2032,2026-07-06T16:34:08+00:00,e1_baselines_default,banknote,knn,5de76b8293,1,s1_f1,classical,1097,275,4,,0.996364,0.996732,0.995918,0.996732,0.0009,0.0031,18d224d
8e0819fc6e34,2026-07-06T16:34:08+00:00,e1_baselines_default,banknote,knn,5de76b8293,1,s1_f2,classical,1098,274,4,,1.000000,1.000000,1.000000,1.000000,0.0010,0.0031,18d224d
818a6f5ca9b9,2026-07-06T16:34:08+00:00,e1_baselines_default,banknote,knn,5de76b8293,1,s1_f3,classical,1098,274,4,,1.000000,1.000000,1.000000,1.000000,0.0009,0.0029,18d224d
0a3236a4ec8d,2026-07-06T16:34:08+00:00,e1_baselines_default,banknote,knn,5de76b8293,1,s1_f4,classical,1098,274,4,,1.000000,1.000000,1.000000,1.000000,0.0009,0.0029,18d224d
74b28056ee67,2026-07-06T16:34:08+00:00,e1_baselines_default,banknote,knn,5de76b8293,2,s2_f0,classical,1097,275,4,,1.000000,1.000000,1.000000,1.000000,0.0009,0.0029,18d224d
6dd50557b7b6,2026-07-06T16:34:08+00:00,e1_baselines_default,banknote,knn,5de76b8293,2,s2_f1,classical,1097,275,4,,1.000000,1.000000,1.000000,1.000000,0.0010,0.0029,18d224d
cba0fdc18123,2026-07-06T16:34:08+00:00,e1_baselines_default,banknote,knn,5de76b8293,2,s2_f2,classical,1098,274,4,,1.000000,1.000000,1.000000,1.000000,0.0010,0.0028,18d224d
2f7fea79e7d9,2026-07-06T16:34:08+00:00,e1_baselines_default,banknote,knn,5de76b8293,2,s2_f3,classical,1098,274,4,,0.992701,0.993421,0.991870,0.993421,0.0010,0.0030,18d224d
cd4f9fbffeba,2026-07-06T16:34:08+00:00,e1_baselines_default,banknote,knn,5de76b8293,2,s2_f4,classical,1098,274,4,,1.000000,1.000000,1.000000,1.000000,0.0011,0.0032,18d224d
666bc77baf47,2026-07-06T16:34:08+00:00,e1_baselines_default,banknote,knn,5de76b8293,3,s3_f0,classical,1097,275,4,,1.000000,1.000000,1.000000,1.000000,0.0010,0.0030,18d224d
172af561255f,2026-07-06T16:34:08+00:00,e1_baselines_default,banknote,knn,5de76b8293,3,s3_f1,classical,1097,275,4,,1.000000,1.000000,1.000000,1.000000,0.0011,0.0029,18d224d
689414f23f53,2026-07-06T16:34:08+00:00,e1_baselines_default,banknote,knn,5de76b8293,3,s3_f2,classical,1098,274,4,,0.992701,0.993421,0.991870,0.993421,0.0010,0.0031,18d224d
359a21d3bb10,2026-07-06T16:34:08+00:00,e1_baselines_default,banknote,knn,5de76b8293,3,s3_f3,classical,1098,274,4,,1.000000,1.000000,1.000000,1.000000,0.0010,0.0033,18d224d
6e930a0f016c,2026-07-06T16:34:08+00:00,e1_baselines_default,banknote,knn,5de76b8293,3,s3_f4,classical,1098,274,4,,1.000000,1.000000,1.000000,1.000000,0.0010,0.0031,18d224d
48ce55b51d05,2026-07-06T16:34:08+00:00,e1_baselines_default,banknote,knn,5de76b8293,4,s4_f0,classical,1097,275,4,,1.000000,1.000000,1.000000,1.000000,0.0011,0.0033,18d224d
4ba2ecda5f97,2026-07-06T16:34:08+00:00,e1_baselines_default,banknote,knn,5de76b8293,4,s4_f1,classical,1097,275,4,,1.000000,1.000000,1.000000,1.000000,0.0010,0.0032,18d224d
3a1b03231708,2026-07-06T16:34:08+00:00,e1_baselines_default,banknote,knn,5de76b8293,4,s4_f2,classical,1098,274,4,,0.996350,0.996711,0.995918,0.996711,0.0010,0.0030,18d224d
b69d22c5f69c,2026-07-06T16:34:08+00:00,e1_baselines_default,banknote,knn,5de76b8293,4,s4_f3,classical,1098,274,4,,1.000000,1.000000,1.000000,1.000000,0.0010,0.0030,18d224d
01bc5cfadccf,2026-07-06T16:34:08+00:00,e1_baselines_default,banknote,knn,5de76b8293,4,s4_f4,classical,1098,274,4,,0.996350,0.996711,0.995918,0.996711,0.0012,0.0029,18d224d
9304bdd0fc2c,2026-07-06T16:34:11+00:00,e1_baselines_default,banknote,logreg,de62ba0179,0,s0_f0,classical,1097,275,4,5,1.000000,1.000000,1.000000,1.000000,0.0065,0.0006,18d224d
2beb0b5af226,2026-07-06T16:34:11+00:00,e1_baselines_default,banknote,logreg,de62ba0179,0,s0_f1,classical,1097,275,4,5,0.978182,0.980392,0.976000,0.999946,0.0044,0.0004,18d224d
8c60c5455f64,2026-07-06T16:34:11+00:00,e1_baselines_default,banknote,logreg,de62ba0179,0,s0_f2,classical,1098,274,4,5,0.981752,0.983553,0.979920,0.999838,0.0042,0.0004,18d224d
e4c53e5481dd,2026-07-06T16:34:11+00:00,e1_baselines_default,banknote,logreg,de62ba0179,0,s0_f3,classical,1098,274,4,5,0.974453,0.976165,0.971888,0.999191,0.0040,0.0004,18d224d
4c500d369761,2026-07-06T16:34:11+00:00,e1_baselines_default,banknote,logreg,de62ba0179,0,s0_f4,classical,1098,274,4,5,0.967153,0.968777,0.963855,0.997897,0.0039,0.0004,18d224d
0922d56f7ab3,2026-07-06T16:34:11+00:00,e1_baselines_default,banknote,logreg,de62ba0179,1,s1_f0,classical,1097,275,4,5,0.989091,0.989366,0.987755,0.999732,0.0040,0.0004,18d224d
d61e5e0a91ee,2026-07-06T16:34:11+00:00,e1_baselines_default,banknote,logreg,de62ba0179,1,s1_f1,classical,1097,275,4,5,0.970909,0.973026,0.968000,0.999089,0.0058,0.0006,18d224d
77d1420686cc,2026-07-06T16:34:11+00:00,e1_baselines_default,banknote,logreg,de62ba0179,1,s1_f2,classical,1098,274,4,5,0.978102,0.980263,0.976000,0.998490,0.0045,0.0004,18d224d
543660068051,2026-07-06T16:34:11+00:00,e1_baselines_default,banknote,logreg,de62ba0179,1,s1_f3,classical,1098,274,4,5,0.974453,0.976165,0.971888,0.999407,0.0039,0.0005,18d224d
2aceb516eb4d,2026-07-06T16:34:11+00:00,e1_baselines_default,banknote,logreg,de62ba0179,1,s1_f4,classical,1098,274,4,5,0.989051,0.990132,0.987854,1.000000,0.0041,0.0005,18d224d
05f222f2e342,2026-07-06T16:34:11+00:00,e1_baselines_default,banknote,logreg,de62ba0179,2,s2_f0,classical,1097,275,4,5,0.974545,0.977124,0.972112,0.999571,0.0053,0.0004,18d224d
e3b48c02e137,2026-07-06T16:34:11+00:00,e1_baselines_default,banknote,logreg,de62ba0179,2,s2_f1,classical,1097,275,4,5,0.989091,0.988535,0.987654,0.999786,0.0041,0.0004,18d224d
ff58fd0f59cb,2026-07-06T16:34:11+00:00,e1_baselines_default,banknote,logreg,de62ba0179,2,s2_f2,classical,1098,274,4,5,0.985401,0.986842,0.983871,0.999461,0.0041,0.0004,18d224d
f082bde6c32f,2026-07-06T16:34:11+00:00,e1_baselines_default,banknote,logreg,de62ba0179,2,s2_f3,classical,1098,274,4,5,0.978102,0.980263,0.976000,0.999730,0.0044,0.0004,18d224d
985300bc82d7,2026-07-06T16:34:11+00:00,e1_baselines_default,banknote,logreg,de62ba0179,2,s2_f4,classical,1098,274,4,5,0.974453,0.976165,0.971888,0.999191,0.0047,0.0004,18d224d
2cf8d041182e,2026-07-06T16:34:11+00:00,e1_baselines_default,banknote,logreg,de62ba0179,3,s3_f0,classical,1097,275,4,5,0.970909,0.973026,0.968000,0.999357,0.0040,0.0004,18d224d
1c4444de356c,2026-07-06T16:34:11+00:00,e1_baselines_default,banknote,logreg,de62ba0179,3,s3_f1,classical,1097,275,4,5,0.970909,0.973026,0.968000,0.999250,0.0041,0.0004,18d224d
2da63d62cae2,2026-07-06T16:34:11+00:00,e1_baselines_default,banknote,logreg,de62ba0179,3,s3_f2,classical,1098,274,4,5,0.978102,0.979454,0.975806,0.999191,0.0040,0.0004,18d224d
8cdc79f237f3,2026-07-06T16:34:11+00:00,e1_baselines_default,banknote,logreg,de62ba0179,3,s3_f3,classical,1098,274,4,5,0.989051,0.990132,0.987854,0.999838,0.0043,0.0004,18d224d
06b5c6d17a6b,2026-07-06T16:34:11+00:00,e1_baselines_default,banknote,logreg,de62ba0179,3,s3_f4,classical,1098,274,4,5,0.992701,0.993421,0.991870,0.999784,0.0058,0.0004,18d224d
f25de91e0e57,2026-07-06T16:34:11+00:00,e1_baselines_default,banknote,logreg,de62ba0179,4,s4_f0,classical,1097,275,4,5,0.989091,0.990196,0.987854,0.999893,0.0041,0.0005,18d224d
13f42e08f8c1,2026-07-06T16:34:11+00:00,e1_baselines_default,banknote,logreg,de62ba0179,4,s4_f1,classical,1097,275,4,5,0.985455,0.986098,0.983740,0.999518,0.0037,0.0004,18d224d
2808c0fb0698,2026-07-06T16:34:11+00:00,e1_baselines_default,banknote,logreg,de62ba0179,4,s4_f2,classical,1098,274,4,5,0.978102,0.979454,0.975806,0.999461,0.0039,0.0004,18d224d
b93b54a2be1a,2026-07-06T16:34:11+00:00,e1_baselines_default,banknote,logreg,de62ba0179,4,s4_f3,classical,1098,274,4,5,0.978102,0.979454,0.975806,0.999137,0.0039,0.0003,18d224d
f9ed754d58e4,2026-07-06T16:34:11+00:00,e1_baselines_default,banknote,logreg,de62ba0179,4,s4_f4,classical,1098,274,4,5,0.970803,0.973684,0.968254,0.999191,0.0037,0.0004,18d224d
ad827837749f,2026-07-06T16:34:15+00:00,e1_baselines_default,banknote,mlp,ba37b2ff37,0,s0_f0,classical,1097,275,4,49,0.996364,0.996732,0.995918,1.000000,1.3335,0.0007,18d224d
60828cb1be41,2026-07-06T16:34:17+00:00,e1_baselines_default,banknote,mlp,ba37b2ff37,0,s0_f1,classical,1097,275,4,49,1.000000,1.000000,1.000000,1.000000,1.3059,0.0006,18d224d
f56ad23d0ca2,2026-07-06T16:34:18+00:00,e1_baselines_default,banknote,mlp,ba37b2ff37,0,s0_f2,classical,1098,274,4,49,0.981752,0.983553,0.979920,0.999730,1.4508,0.0007,18d224d
4d10fa44fe97,2026-07-06T16:34:20+00:00,e1_baselines_default,banknote,mlp,ba37b2ff37,0,s0_f3,classical,1098,274,4,49,0.996350,0.996711,0.995918,0.999623,1.4329,0.0006,18d224d
d6959178a9d9,2026-07-06T16:34:21+00:00,e1_baselines_default,banknote,mlp,ba37b2ff37,0,s0_f4,classical,1098,274,4,49,0.996350,0.996711,0.995918,0.999407,1.2672,0.0007,18d224d
69fbac610373,2026-07-06T16:34:23+00:00,e1_baselines_default,banknote,mlp,ba37b2ff37,1,s1_f0,classical,1097,275,4,49,0.989091,0.989366,0.987755,0.999679,1.5191,0.0005,18d224d
8011866ddc12,2026-07-06T16:34:24+00:00,e1_baselines_default,banknote,mlp,ba37b2ff37,1,s1_f1,classical,1097,275,4,49,0.970909,0.973026,0.968000,0.999089,1.6179,0.0006,18d224d
151f37c44355,2026-07-06T16:34:26+00:00,e1_baselines_default,banknote,mlp,ba37b2ff37,1,s1_f2,classical,1098,274,4,49,0.978102,0.980263,0.976000,0.999191,1.4083,0.0005,18d224d
0a5fc3a3b040,2026-07-06T16:34:27+00:00,e1_baselines_default,banknote,mlp,ba37b2ff37,1,s1_f3,classical,1098,274,4,49,0.992701,0.993421,0.991870,0.999569,1.2734,0.0005,18d224d
acd1860016e0,2026-07-06T16:34:28+00:00,e1_baselines_default,banknote,mlp,ba37b2ff37,1,s1_f4,classical,1098,274,4,49,1.000000,1.000000,1.000000,1.000000,1.5532,0.0005,18d224d
1baca26b66d5,2026-07-06T16:34:30+00:00,e1_baselines_default,banknote,mlp,ba37b2ff37,2,s2_f0,classical,1097,275,4,49,1.000000,1.000000,1.000000,1.000000,1.4751,0.0005,18d224d
d80108fc0ed4,2026-07-06T16:34:31+00:00,e1_baselines_default,banknote,mlp,ba37b2ff37,2,s2_f1,classical,1097,275,4,49,0.996364,0.996732,0.995918,1.000000,1.3878,0.0005,18d224d
185234469fb1,2026-07-06T16:34:33+00:00,e1_baselines_default,banknote,mlp,ba37b2ff37,2,s2_f2,classical,1098,274,4,49,1.000000,1.000000,1.000000,1.000000,1.4167,0.0005,18d224d
5d71092990a4,2026-07-06T16:34:34+00:00,e1_baselines_default,banknote,mlp,ba37b2ff37,2,s2_f3,classical,1098,274,4,49,0.992701,0.993421,0.991870,0.999892,1.3667,0.0005,18d224d
7168e3f60a08,2026-07-06T16:34:35+00:00,e1_baselines_default,banknote,mlp,ba37b2ff37,2,s2_f4,classical,1098,274,4,49,0.992701,0.993421,0.991870,1.000000,1.4139,0.0005,18d224d
916fedd739e0,2026-07-06T16:34:37+00:00,e1_baselines_default,banknote,mlp,ba37b2ff37,3,s3_f0,classical,1097,275,4,49,0.996364,0.996732,0.995918,0.999732,1.1564,0.0006,18d224d
ad4ed8ac0a13,2026-07-06T16:34:38+00:00,e1_baselines_default,banknote,mlp,ba37b2ff37,3,s3_f1,classical,1097,275,4,49,0.996364,0.996732,0.995918,0.999518,1.0882,0.0005,18d224d
c879ef50cc49,2026-07-06T16:34:39+00:00,e1_baselines_default,banknote,mlp,ba37b2ff37,3,s3_f2,classical,1098,274,4,49,0.996350,0.996711,0.995918,0.999083,1.1900,0.0006,18d224d
cf39c15d4594,2026-07-06T16:34:40+00:00,e1_baselines_default,banknote,mlp,ba37b2ff37,3,s3_f3,classical,1098,274,4,49,0.996350,0.996711,0.995918,0.999676,1.2078,0.0006,18d224d
867cf80f41a1,2026-07-06T16:34:41+00:00,e1_baselines_default,banknote,mlp,ba37b2ff37,3,s3_f4,classical,1098,274,4,49,1.000000,1.000000,1.000000,1.000000,1.2451,0.0005,18d224d
5f94b2611024,2026-07-06T16:34:43+00:00,e1_baselines_default,banknote,mlp,ba37b2ff37,4,s4_f0,classical,1097,275,4,49,0.996364,0.996732,0.995918,0.999089,1.1010,0.0005,18d224d
af8d11693600,2026-07-06T16:34:44+00:00,e1_baselines_default,banknote,mlp,ba37b2ff37,4,s4_f1,classical,1097,275,4,49,0.996364,0.996732,0.995918,0.999732,1.1393,0.0005,18d224d
a491a79bc6e1,2026-07-06T16:34:45+00:00,e1_baselines_default,banknote,mlp,ba37b2ff37,4,s4_f2,classical,1098,274,4,49,0.985401,0.986842,0.983871,0.998274,1.1882,0.0009,18d224d
577a9aee8c05,2026-07-06T16:34:46+00:00,e1_baselines_default,banknote,mlp,ba37b2ff37,4,s4_f3,classical,1098,274,4,49,0.996350,0.996711,0.995918,0.999029,1.1088,0.0005,18d224d
cee5dc63e6cd,2026-07-06T16:34:47+00:00,e1_baselines_default,banknote,mlp,ba37b2ff37,4,s4_f4,classical,1098,274,4,49,1.000000,1.000000,1.000000,1.000000,1.2105,0.0006,18d224d
39e5b3cbcfd9,2026-07-06T16:34:50+00:00,e1_baselines_default,banknote,rf,2d24e34dbf,0,s0_f0,classical,1097,275,4,,0.985455,0.985267,0.983607,0.999732,0.1783,0.0153,18d224d
68dcc942b507,2026-07-06T16:34:50+00:00,e1_baselines_default,banknote,rf,2d24e34dbf,0,s0_f1,classical,1097,275,4,,0.996364,0.995902,0.995885,1.000000,0.1663,0.0148,18d224d
3fa9a627314e,2026-07-06T16:34:51+00:00,e1_baselines_default,banknote,rf,2d24e34dbf,0,s0_f2,classical,1098,274,4,,0.989051,0.989323,0.987755,0.999569,0.1708,0.0170,18d224d
c6b4a5366bef,2026-07-06T16:34:51+00:00,e1_baselines_default,banknote,rf,2d24e34dbf,0,s0_f3,classical,1098,274,4,,0.992701,0.993421,0.991870,1.000000,0.1686,0.0147,18d224d
66f44bb4fcb5,2026-07-06T16:34:51+00:00,e1_baselines_default,banknote,rf,2d24e34dbf,0,s0_f4,classical,1098,274,4,,0.992701,0.993421,0.991870,1.000000,0.1673,0.0157,18d224d
37a550a05baa,2026-07-06T16:34:51+00:00,e1_baselines_default,banknote,rf,2d24e34dbf,1,s1_f0,classical,1097,275,4,,0.996364,0.995902,0.995885,1.000000,0.1702,0.0150,18d224d
b6979bc05142,2026-07-06T16:34:51+00:00,e1_baselines_default,banknote,rf,2d24e34dbf,1,s1_f1,classical,1097,275,4,,0.989091,0.990196,0.987854,0.999571,0.1691,0.0147,18d224d
e7eaf1b87ce6,2026-07-06T16:34:51+00:00,e1_baselines_default,banknote,rf,2d24e34dbf,1,s1_f2,classical,1098,274,4,,0.989051,0.990132,0.987854,0.999757,0.1691,0.0154,18d224d
fdc17167c957,2026-07-06T16:34:52+00:00,e1_baselines_default,banknote,rf,2d24e34dbf,1,s1_f3,classical,1098,274,4,,1.000000,1.000000,1.000000,1.000000,0.1711,0.0153,18d224d
3702be829526,2026-07-06T16:34:52+00:00,e1_baselines_default,banknote,rf,2d24e34dbf,1,s1_f4,classical,1098,274,4,,0.996350,0.996711,0.995918,1.000000,0.1667,0.0143,18d224d
2258e65feddc,2026-07-06T16:34:52+00:00,e1_baselines_default,banknote,rf,2d24e34dbf,2,s2_f0,classical,1097,275,4,,0.981818,0.981999,0.979592,0.999330,0.1669,0.0147,18d224d
050a19838bdc,2026-07-06T16:34:52+00:00,e1_baselines_default,banknote,rf,2d24e34dbf,2,s2_f1,classical,1097,275,4,,1.000000,1.000000,1.000000,1.000000,0.1734,0.0155,18d224d
2972c5dd6ae3,2026-07-06T16:34:52+00:00,e1_baselines_default,banknote,rf,2d24e34dbf,2,s2_f2,classical,1098,274,4,,1.000000,1.000000,1.000000,1.000000,0.1641,0.0149,18d224d
f33f785016ba,2026-07-06T16:34:53+00:00,e1_baselines_default,banknote,rf,2d24e34dbf,2,s2_f3,classical,1098,274,4,,0.985401,0.986842,0.983871,0.999623,0.1682,0.0156,18d224d
ea6e63f2a9ed,2026-07-06T16:34:53+00:00,e1_baselines_default,banknote,rf,2d24e34dbf,2,s2_f4,classical,1098,274,4,,1.000000,1.000000,1.000000,1.000000,0.1625,0.0147,18d224d
7cc96f2969fa,2026-07-06T16:34:53+00:00,e1_baselines_default,banknote,rf,2d24e34dbf,3,s3_f0,classical,1097,275,4,,0.996364,0.996732,0.995918,1.000000,0.1691,0.0145,18d224d
c61e667088d7,2026-07-06T16:34:53+00:00,e1_baselines_default,banknote,rf,2d24e34dbf,3,s3_f1,classical,1097,275,4,,0.992727,0.993464,0.991870,0.999839,0.1690,0.0144,18d224d
1f8f1ee8b5c9,2026-07-06T16:34:53+00:00,e1_baselines_default,banknote,rf,2d24e34dbf,3,s3_f2,classical,1098,274,4,,0.989051,0.989323,0.987755,0.999892,0.1753,0.0155,18d224d
4ba1a0054761,2026-07-06T16:34:54+00:00,e1_baselines_default,banknote,rf,2d24e34dbf,3,s3_f3,classical,1098,274,4,,0.996350,0.996711,0.995918,0.999784,0.1685,0.0144,18d224d
b054a8b3484c,2026-07-06T16:34:54+00:00,e1_baselines_default,banknote,rf,2d24e34dbf,3,s3_f4,classical,1098,274,4,,0.996350,0.995902,0.995885,1.000000,0.1651,0.0144,18d224d
6c5490ee3776,2026-07-06T16:34:54+00:00,e1_baselines_default,banknote,rf,2d24e34dbf,4,s4_f0,classical,1097,275,4,,1.000000,1.000000,1.000000,1.000000,0.1754,0.0224,18d224d
26926f4040ba,2026-07-06T16:34:54+00:00,e1_baselines_default,banknote,rf,2d24e34dbf,4,s4_f1,classical,1097,275,4,,0.996364,0.996732,0.995918,1.000000,0.1698,0.0201,18d224d
6d1e4f2d67b4,2026-07-06T16:34:54+00:00,e1_baselines_default,banknote,rf,2d24e34dbf,4,s4_f2,classical,1098,274,4,,0.989051,0.989323,0.987755,0.999838,0.1634,0.0146,18d224d
ea7f2406dd0f,2026-07-06T16:34:55+00:00,e1_baselines_default,banknote,rf,2d24e34dbf,4,s4_f3,classical,1098,274,4,,0.989051,0.989323,0.987755,0.999623,0.1655,0.0162,18d224d
cbe392156603,2026-07-06T16:34:55+00:00,e1_baselines_default,banknote,rf,2d24e34dbf,4,s4_f4,classical,1098,274,4,,0.989051,0.988514,0.987654,0.999838,0.1710,0.0143,18d224d
9364f942a1f8,2026-07-06T16:34:58+00:00,e1_baselines_default,banknote,svm_linear,284671dbb1,0,s0_f0,classical,1097,275,4,5,1.000000,1.000000,1.000000,1.000000,0.0057,0.0013,18d224d
f8d9631f8caf,2026-07-06T16:34:58+00:00,e1_baselines_default,banknote,svm_linear,284671dbb1,0,s0_f1,classical,1097,275,4,5,0.978182,0.980392,0.976000,0.999893,0.0037,0.0011,18d224d
d812b8f98602,2026-07-06T16:34:58+00:00,e1_baselines_default,banknote,svm_linear,284671dbb1,0,s0_f2,classical,1098,274,4,5,0.985401,0.986842,0.983871,0.999784,0.0053,0.0011,18d224d
7d832049ce9f,2026-07-06T16:34:58+00:00,e1_baselines_default,banknote,svm_linear,284671dbb1,0,s0_f3,classical,1098,274,4,5,0.981752,0.983553,0.979920,0.999569,0.0072,0.0011,18d224d
c8a5232a848f,2026-07-06T16:34:58+00:00,e1_baselines_default,banknote,svm_linear,284671dbb1,0,s0_f4,classical,1098,274,4,5,0.974453,0.975356,0.971660,0.998975,0.0036,0.0010,18d224d
0813efb4eb16,2026-07-06T16:34:58+00:00,e1_baselines_default,banknote,svm_linear,284671dbb1,1,s1_f0,classical,1097,275,4,5,0.989091,0.989366,0.987755,0.999786,0.0039,0.0011,18d224d
ec4107d4522e,2026-07-06T16:34:58+00:00,e1_baselines_default,banknote,svm_linear,284671dbb1,1,s1_f1,classical,1097,275,4,5,0.985455,0.986928,0.983871,0.999732,0.0048,0.0011,18d224d
8882a5779532,2026-07-06T16:34:58+00:00,e1_baselines_default,banknote,svm_linear,284671dbb1,1,s1_f2,classical,1098,274,4,5,0.978102,0.980263,0.976000,0.998706,0.0040,0.0010,18d224d
4df44d0d6de1,2026-07-06T16:34:58+00:00,e1_baselines_default,banknote,svm_linear,284671dbb1,1,s1_f3,classical,1098,274,4,5,0.981752,0.983553,0.979920,0.999676,0.0064,0.0010,18d224d
d3a30b4af7a0,2026-07-06T16:34:58+00:00,e1_baselines_default,banknote,svm_linear,284671dbb1,1,s1_f4,classical,1098,274,4,5,0.989051,0.990132,0.987854,1.000000,0.0044,0.0011,18d224d
c1513f48569b,2026-07-06T16:34:58+00:00,e1_baselines_default,banknote,svm_linear,284671dbb1,2,s2_f0,classical,1097,275,4,5,0.974545,0.977124,0.972112,0.999679,0.0040,0.0010,18d224d
58c977400c5f,2026-07-06T16:34:58+00:00,e1_baselines_default,banknote,svm_linear,284671dbb1,2,s2_f1,classical,1097,275,4,5,0.992727,0.992634,0.991803,0.999893,0.0046,0.0011,18d224d
769a5c0290d0,2026-07-06T16:34:58+00:00,e1_baselines_default,banknote,svm_linear,284671dbb1,2,s2_f2,classical,1098,274,4,5,0.985401,0.986842,0.983871,0.999676,0.0057,0.0010,18d224d
7f6211036dc4,2026-07-06T16:34:58+00:00,e1_baselines_default,banknote,svm_linear,284671dbb1,2,s2_f3,classical,1098,274,4,5,0.985401,0.986842,0.983871,0.999892,0.0044,0.0010,18d224d
ab3d050d8f9f,2026-07-06T16:34:58+00:00,e1_baselines_default,banknote,svm_linear,284671dbb1,2,s2_f4,classical,1098,274,4,5,0.985401,0.986842,0.983871,0.999676,0.0040,0.0011,18d224d
8b838bc40d7b,2026-07-06T16:34:58+00:00,e1_baselines_default,banknote,svm_linear,284671dbb1,3,s3_f0,classical,1097,275,4,5,0.978182,0.980392,0.976000,0.999411,0.0065,0.0010,18d224d
94e055b1c12a,2026-07-06T16:34:58+00:00,e1_baselines_default,banknote,svm_linear,284671dbb1,3,s3_f1,classical,1097,275,4,5,0.978182,0.980392,0.976000,0.999625,0.0067,0.0010,18d224d
09ede3d2d8ae,2026-07-06T16:34:58+00:00,e1_baselines_default,banknote,svm_linear,284671dbb1,3,s3_f2,classical,1098,274,4,5,0.981752,0.982744,0.979757,0.999623,0.0065,0.0010,18d224d
c694549bf455,2026-07-06T16:34:58+00:00,e1_baselines_default,banknote,svm_linear,284671dbb1,3,s3_f3,classical,1098,274,4,5,0.992701,0.993421,0.991870,0.999892,0.0046,0.0010,18d224d
0ace3dba980d,2026-07-06T16:34:58+00:00,e1_baselines_default,banknote,svm_linear,284671dbb1,3,s3_f4,classical,1098,274,4,5,0.992701,0.993421,0.991870,0.999784,0.0045,0.0011,18d224d
6c60e4f37c8f,2026-07-06T16:34:58+00:00,e1_baselines_default,banknote,svm_linear,284671dbb1,4,s4_f0,classical,1097,275,4,5,0.992727,0.993464,0.991870,1.000000,0.0051,0.0011,18d224d
6ba53d2957e3,2026-07-06T16:34:58+00:00,e1_baselines_default,banknote,svm_linear,284671dbb1,4,s4_f1,classical,1097,275,4,5,0.985455,0.986098,0.983740,0.999839,0.0043,0.0010,18d224d
5fb1687da4b9,2026-07-06T16:34:58+00:00,e1_baselines_default,banknote,svm_linear,284671dbb1,4,s4_f2,classical,1098,274,4,5,0.989051,0.990132,0.987854,0.999676,0.0069,0.0011,18d224d
0395c3c4886f,2026-07-06T16:34:58+00:00,e1_baselines_default,banknote,svm_linear,284671dbb1,4,s4_f3,classical,1098,274,4,5,0.985401,0.986842,0.983871,0.999245,0.0056,0.0010,18d224d
284ddda2a838,2026-07-06T16:34:58+00:00,e1_baselines_default,banknote,svm_linear,284671dbb1,4,s4_f4,classical,1098,274,4,5,0.970803,0.973684,0.968254,0.999461,0.0054,0.0010,18d224d
f4e221df719a,2026-07-06T16:35:01+00:00,e1_baselines_default,banknote,svm_rbf,54f4443887,0,s0_f0,classical,1097,275,4,,1.000000,1.000000,1.000000,1.000000,0.0056,0.0021,18d224d
8089a0789343,2026-07-06T16:35:01+00:00,e1_baselines_default,banknote,svm_rbf,54f4443887,0,s0_f1,classical,1097,275,4,,1.000000,1.000000,1.000000,1.000000,0.0041,0.0020,18d224d
408a0730293e,2026-07-06T16:35:01+00:00,e1_baselines_default,banknote,svm_rbf,54f4443887,0,s0_f2,classical,1098,274,4,,1.000000,1.000000,1.000000,1.000000,0.0041,0.0019,18d224d
4dee41e2791c,2026-07-06T16:35:01+00:00,e1_baselines_default,banknote,svm_rbf,54f4443887,0,s0_f3,classical,1098,274,4,,1.000000,1.000000,1.000000,1.000000,0.0040,0.0020,18d224d
e85ca1abeceb,2026-07-06T16:35:01+00:00,e1_baselines_default,banknote,svm_rbf,54f4443887,0,s0_f4,classical,1098,274,4,,1.000000,1.000000,1.000000,1.000000,0.0040,0.0019,18d224d
3341004c1403,2026-07-06T16:35:01+00:00,e1_baselines_default,banknote,svm_rbf,54f4443887,1,s1_f0,classical,1097,275,4,,1.000000,1.000000,1.000000,1.000000,0.0041,0.0020,18d224d
6ace20ac2ead,2026-07-06T16:35:01+00:00,e1_baselines_default,banknote,svm_rbf,54f4443887,1,s1_f1,classical,1097,275,4,,1.000000,1.000000,1.000000,1.000000,0.0038,0.0019,18d224d
029be8466e67,2026-07-06T16:35:01+00:00,e1_baselines_default,banknote,svm_rbf,54f4443887,1,s1_f2,classical,1098,274,4,,0.996350,0.996711,0.995918,1.000000,0.0041,0.0019,18d224d
f13820cce76f,2026-07-06T16:35:01+00:00,e1_baselines_default,banknote,svm_rbf,54f4443887,1,s1_f3,classical,1098,274,4,,1.000000,1.000000,1.000000,1.000000,0.0040,0.0019,18d224d
f6bdc8f6610d,2026-07-06T16:35:01+00:00,e1_baselines_default,banknote,svm_rbf,54f4443887,1,s1_f4,classical,1098,274,4,,1.000000,1.000000,1.000000,1.000000,0.0043,0.0019,18d224d
266dcdebf337,2026-07-06T16:35:01+00:00,e1_baselines_default,banknote,svm_rbf,54f4443887,2,s2_f0,classical,1097,275,4,,1.000000,1.000000,1.000000,1.000000,0.0036,0.0018,18d224d
7390e49b1049,2026-07-06T16:35:01+00:00,e1_baselines_default,banknote,svm_rbf,54f4443887,2,s2_f1,classical,1097,275,4,,1.000000,1.000000,1.000000,1.000000,0.0038,0.0019,18d224d
c3054f56ea2f,2026-07-06T16:35:01+00:00,e1_baselines_default,banknote,svm_rbf,54f4443887,2,s2_f2,classical,1098,274,4,,1.000000,1.000000,1.000000,1.000000,0.0036,0.0019,18d224d
d07b56245a01,2026-07-06T16:35:01+00:00,e1_baselines_default,banknote,svm_rbf,54f4443887,2,s2_f3,classical,1098,274,4,,1.000000,1.000000,1.000000,1.000000,0.0040,0.0019,18d224d
67cac575ab50,2026-07-06T16:35:01+00:00,e1_baselines_default,banknote,svm_rbf,54f4443887,2,s2_f4,classical,1098,274,4,,1.000000,1.000000,1.000000,1.000000,0.0040,0.0020,18d224d
bc612981ec68,2026-07-06T16:35:01+00:00,e1_baselines_default,banknote,svm_rbf,54f4443887,3,s3_f0,classical,1097,275,4,,0.992727,0.993464,0.991870,1.000000,0.0040,0.0020,18d224d
8d2dd8b7afe4,2026-07-06T16:35:01+00:00,e1_baselines_default,banknote,svm_rbf,54f4443887,3,s3_f1,classical,1097,275,4,,1.000000,1.000000,1.000000,1.000000,0.0038,0.0019,18d224d
23102cf3848d,2026-07-06T16:35:01+00:00,e1_baselines_default,banknote,svm_rbf,54f4443887,3,s3_f2,classical,1098,274,4,,1.000000,1.000000,1.000000,1.000000,0.0038,0.0019,18d224d
61f875f7f9dd,2026-07-06T16:35:01+00:00,e1_baselines_default,banknote,svm_rbf,54f4443887,3,s3_f3,classical,1098,274,4,,1.000000,1.000000,1.000000,1.000000,0.0040,0.0020,18d224d
65a9118aae78,2026-07-06T16:35:01+00:00,e1_baselines_default,banknote,svm_rbf,54f4443887,3,s3_f4,classical,1098,274,4,,1.000000,1.000000,1.000000,1.000000,0.0041,0.0019,18d224d
dad02c3d4021,2026-07-06T16:35:01+00:00,e1_baselines_default,banknote,svm_rbf,54f4443887,4,s4_f0,classical,1097,275,4,,1.000000,1.000000,1.000000,1.000000,0.0042,0.0019,18d224d
2ed5b7ae4f81,2026-07-06T16:35:01+00:00,e1_baselines_default,banknote,svm_rbf,54f4443887,4,s4_f1,classical,1097,275,4,,1.000000,1.000000,1.000000,1.000000,0.0043,0.0019,18d224d
c3a887661cf4,2026-07-06T16:35:01+00:00,e1_baselines_default,banknote,svm_rbf,54f4443887,4,s4_f2,classical,1098,274,4,,1.000000,1.000000,1.000000,1.000000,0.0039,0.0020,18d224d
cef3e65f7230,2026-07-06T16:35:01+00:00,e1_baselines_default,banknote,svm_rbf,54f4443887,4,s4_f3,classical,1098,274,4,,1.000000,1.000000,1.000000,1.000000,0.0041,0.0019,18d224d
6d7eca481302,2026-07-06T16:35:01+00:00,e1_baselines_default,banknote,svm_rbf,54f4443887,4,s4_f4,classical,1098,274,4,,1.000000,1.000000,1.000000,1.000000,0.0040,0.0019,18d224d
3569ea47d691,2026-07-06T16:35:04+00:00,e1_baselines_default,banknote,xgboost,695155cc0f,0,s0_f0,classical,1097,275,4,,0.996364,0.996732,0.995918,0.999679,0.0205,0.0022,18d224d
99f2867c0f46,2026-07-06T16:35:04+00:00,e1_baselines_default,banknote,xgboost,695155cc0f,0,s0_f1,classical,1097,275,4,,1.000000,1.000000,1.000000,1.000000,0.0183,0.0016,18d224d
4feb29c91e88,2026-07-06T16:35:04+00:00,e1_baselines_default,banknote,xgboost,695155cc0f,0,s0_f2,classical,1098,274,4,,0.992701,0.992612,0.991803,0.999838,0.0176,0.0018,18d224d
b468f497ad8e,2026-07-06T16:35:04+00:00,e1_baselines_default,banknote,xgboost,695155cc0f,0,s0_f3,classical,1098,274,4,,1.000000,1.000000,1.000000,1.000000,0.0190,0.0015,18d224d
f0ccc42c3133,2026-07-06T16:35:04+00:00,e1_baselines_default,banknote,xgboost,695155cc0f,0,s0_f4,classical,1098,274,4,,0.992701,0.992612,0.991803,0.999892,0.0172,0.0016,18d224d
1ce19f48a3c8,2026-07-06T16:35:04+00:00,e1_baselines_default,banknote,xgboost,695155cc0f,1,s1_f0,classical,1097,275,4,,0.996364,0.995902,0.995885,1.000000,0.0175,0.0014,18d224d
07b6380c7d71,2026-07-06T16:35:04+00:00,e1_baselines_default,banknote,xgboost,695155cc0f,1,s1_f1,classical,1097,275,4,,0.996364,0.996732,0.995918,1.000000,0.0172,0.0015,18d224d
a5efb3975abf,2026-07-06T16:35:04+00:00,e1_baselines_default,banknote,xgboost,695155cc0f,1,s1_f2,classical,1098,274,4,,0.996350,0.996711,0.995918,0.999946,0.0175,0.0015,18d224d
f0d525c95584,2026-07-06T16:35:04+00:00,e1_baselines_default,banknote,xgboost,695155cc0f,1,s1_f3,classical,1098,274,4,,1.000000,1.000000,1.000000,1.000000,0.0175,0.0014,18d224d
880059b9cd13,2026-07-06T16:35:04+00:00,e1_baselines_default,banknote,xgboost,695155cc0f,1,s1_f4,classical,1098,274,4,,1.000000,1.000000,1.000000,1.000000,0.0177,0.0015,18d224d
d96fc87be235,2026-07-06T16:35:04+00:00,e1_baselines_default,banknote,xgboost,695155cc0f,2,s2_f0,classical,1097,275,4,,0.992727,0.993464,0.991870,0.999571,0.0175,0.0016,18d224d
2322460c5494,2026-07-06T16:35:04+00:00,e1_baselines_default,banknote,xgboost,695155cc0f,2,s2_f1,classical,1097,275,4,,0.992727,0.991803,0.991736,0.999732,0.0170,0.0014,18d224d
7c7beee73e97,2026-07-06T16:35:04+00:00,e1_baselines_default,banknote,xgboost,695155cc0f,2,s2_f2,classical,1098,274,4,,0.996350,0.995902,0.995885,0.999946,0.0173,0.0014,18d224d
2a905c749e4c,2026-07-06T16:35:04+00:00,e1_baselines_default,banknote,xgboost,695155cc0f,2,s2_f3,classical,1098,274,4,,0.989051,0.990132,0.987854,0.999676,0.0183,0.0016,18d224d
8425fadb3a9f,2026-07-06T16:35:05+00:00,e1_baselines_default,banknote,xgboost,695155cc0f,2,s2_f4,classical,1098,274,4,,1.000000,1.000000,1.000000,1.000000,0.0179,0.0016,18d224d
d135d6b1def2,2026-07-06T16:35:05+00:00,e1_baselines_default,banknote,xgboost,695155cc0f,3,s3_f0,classical,1097,275,4,,0.992727,0.992634,0.991803,0.999786,0.0182,0.0016,18d224d
80082710dc85,2026-07-06T16:35:05+00:00,e1_baselines_default,banknote,xgboost,695155cc0f,3,s3_f1,classical,1097,275,4,,1.000000,1.000000,1.000000,1.000000,0.0181,0.0016,18d224d
077c633ce5a5,2026-07-06T16:35:05+00:00,e1_baselines_default,banknote,xgboost,695155cc0f,3,s3_f2,classical,1098,274,4,,0.989051,0.989323,0.987755,0.999407,0.0170,0.0013,18d224d
7aa15bb4c200,2026-07-06T16:35:05+00:00,e1_baselines_default,banknote,xgboost,695155cc0f,3,s3_f3,classical,1098,274,4,,0.981752,0.980317,0.979253,0.999623,0.0168,0.0014,18d224d
7e103749701a,2026-07-06T16:35:05+00:00,e1_baselines_default,banknote,xgboost,695155cc0f,3,s3_f4,classical,1098,274,4,,0.996350,0.995902,0.995885,0.999946,0.0174,0.0014,18d224d
6ad748ebcc6b,2026-07-06T16:35:05+00:00,e1_baselines_default,banknote,xgboost,695155cc0f,4,s4_f0,classical,1097,275,4,,0.996364,0.996732,0.995918,1.000000,0.0173,0.0014,18d224d
3dd91bd4a8df,2026-07-06T16:35:05+00:00,e1_baselines_default,banknote,xgboost,695155cc0f,4,s4_f1,classical,1097,275,4,,1.000000,1.000000,1.000000,1.000000,0.0172,0.0014,18d224d
83e73dedcb4d,2026-07-06T16:35:05+00:00,e1_baselines_default,banknote,xgboost,695155cc0f,4,s4_f2,classical,1098,274,4,,0.992701,0.992612,0.991803,0.999892,0.0169,0.0014,18d224d
65c326d47425,2026-07-06T16:35:05+00:00,e1_baselines_default,banknote,xgboost,695155cc0f,4,s4_f3,classical,1098,274,4,,0.996350,0.996711,0.995918,0.999838,0.0170,0.0014,18d224d
2910241065d4,2026-07-06T16:35:05+00:00,e1_baselines_default,banknote,xgboost,695155cc0f,4,s4_f4,classical,1098,274,4,,0.992701,0.991803,0.991736,0.999892,0.0172,0.0014,18d224d
f1cdd14d72c3,2026-07-06T16:35:08+00:00,e1_baselines_default,breast_cancer,knn,0797a0062a,0,s0_f0,classical,455,114,30,,0.947368,0.934818,0.958904,0.967409,0.0012,0.0200,18d224d
bced3e4a653c,2026-07-06T16:35:08+00:00,e1_baselines_default,breast_cancer,knn,0797a0062a,0,s0_f1,classical,455,114,30,,0.991228,0.988372,0.993007,0.987062,0.0006,0.0022,18d224d
ffcb4437ce1b,2026-07-06T16:35:08+00:00,e1_baselines_default,breast_cancer,knn,0797a0062a,0,s0_f2,classical,455,114,30,,0.973684,0.964286,0.979592,0.985615,0.0005,0.0024,18d224d
af1110487997,2026-07-06T16:35:08+00:00,e1_baselines_default,breast_cancer,knn,0797a0062a,0,s0_f3,classical,455,114,30,,0.973684,0.969246,0.979310,0.983300,0.0005,0.0023,18d224d
8ab4b7025f4e,2026-07-06T16:35:08+00:00,e1_baselines_default,breast_cancer,knn,0797a0062a,0,s0_f4,classical,456,113,30,,0.982301,0.976190,0.986111,0.996311,0.0005,0.0022,18d224d
ec1963f5f491,2026-07-06T16:35:08+00:00,e1_baselines_default,breast_cancer,knn,0797a0062a,1,s1_f0,classical,455,114,30,,0.956140,0.951032,0.965035,0.994432,0.0006,0.0023,18d224d
af23ac91bcf9,2026-07-06T16:35:08+00:00,e1_baselines_default,breast_cancer,knn,0797a0062a,1,s1_f1,classical,455,114,30,,0.991228,0.988372,0.993007,0.999836,0.0005,0.0023,18d224d
1771d757db3c,2026-07-06T16:35:08+00:00,e1_baselines_default,breast_cancer,knn,0797a0062a,1,s1_f2,classical,455,114,30,,0.973684,0.969246,0.979310,0.986111,0.0006,0.0023,18d224d
ee03d3711bd4,2026-07-06T16:35:08+00:00,e1_baselines_default,breast_cancer,knn,0797a0062a,1,s1_f3,classical,455,114,30,,0.982456,0.976190,0.986301,0.986111,0.0006,0.0022,18d224d
5f75d05085d6,2026-07-06T16:35:08+00:00,e1_baselines_default,breast_cancer,knn,0797a0062a,1,s1_f4,classical,456,113,30,,0.964602,0.957243,0.972222,0.961100,0.0006,0.0023,18d224d
d1015463f019,2026-07-06T16:35:08+00:00,e1_baselines_default,breast_cancer,knn,0797a0062a,2,s2_f0,classical,455,114,30,,0.973684,0.969702,0.979021,0.984605,0.0005,0.0023,18d224d
e55070205fcc,2026-07-06T16:35:08+00:00,e1_baselines_default,breast_cancer,knn,0797a0062a,2,s2_f1,classical,455,114,30,,0.956140,0.946446,0.965517,0.985097,0.0005,0.0022,18d224d
c8f007018fbf,2026-07-06T16:35:08+00:00,e1_baselines_default,breast_cancer,knn,0797a0062a,2,s2_f2,classical,455,114,30,,0.947368,0.928571,0.960000,0.966270,0.0006,0.0025,18d224d
2c5397f47e30,2026-07-06T16:35:08+00:00,e1_baselines_default,breast_cancer,knn,0797a0062a,2,s2_f3,classical,455,114,30,,0.991228,0.993056,0.993007,1.000000,0.0005,0.0023,18d224d
ba0c8f78a2c0,2026-07-06T16:35:08+00:00,e1_baselines_default,breast_cancer,knn,0797a0062a,2,s2_f4,classical,456,113,30,,0.973451,0.969148,0.979021,0.981388,0.0005,0.0028,18d224d
342221e7aa51,2026-07-06T16:35:08+00:00,e1_baselines_default,breast_cancer,knn,0797a0062a,3,s3_f0,classical,455,114,30,,0.982456,0.976744,0.986111,0.987389,0.0006,0.0026,18d224d
9218ea71d8ee,2026-07-06T16:35:08+00:00,e1_baselines_default,breast_cancer,knn,0797a0062a,3,s3_f1,classical,455,114,30,,0.964912,0.953488,0.972603,0.969374,0.0005,0.0022,18d224d
ce31644e96e2,2026-07-06T16:35:08+00:00,e1_baselines_default,breast_cancer,knn,0797a0062a,3,s3_f2,classical,455,114,30,,0.973684,0.974206,0.979021,0.986276,0.0005,0.0021,18d224d
413df49b8c82,2026-07-06T16:35:08+00:00,e1_baselines_default,breast_cancer,knn,0797a0062a,3,s3_f3,classical,455,114,30,,0.973684,0.964286,0.979592,0.994874,0.0006,0.0020,18d224d
bb1bdc8fc018,2026-07-06T16:35:08+00:00,e1_baselines_default,breast_cancer,knn,0797a0062a,3,s3_f4,classical,456,113,30,,0.973451,0.969148,0.979021,0.997485,0.0006,0.0023,18d224d
3138d69b387f,2026-07-06T16:35:08+00:00,e1_baselines_default,breast_cancer,knn,0797a0062a,4,s4_f0,classical,455,114,30,,0.956140,0.946446,0.965517,0.971503,0.0008,0.0023,18d224d
b7c0cdaae4c5,2026-07-06T16:35:08+00:00,e1_baselines_default,breast_cancer,knn,0797a0062a,4,s4_f1,classical,455,114,30,,0.973684,0.965116,0.979310,0.985424,0.0006,0.0022,18d224d
b8949ae9f1bf,2026-07-06T16:35:08+00:00,e1_baselines_default,breast_cancer,knn,0797a0062a,4,s4_f2,classical,455,114,30,,0.956140,0.950397,0.965517,0.995701,0.0006,0.0022,18d224d
d4ba6af5de59,2026-07-06T16:35:08+00:00,e1_baselines_default,breast_cancer,knn,0797a0062a,4,s4_f3,classical,455,114,30,,0.982456,0.981151,0.986111,0.986276,0.0006,0.0022,18d224d
e36f7c267e1e,2026-07-06T16:35:08+00:00,e1_baselines_default,breast_cancer,knn,0797a0062a,4,s4_f4,classical,456,113,30,,0.964602,0.957243,0.972222,0.995473,0.0005,0.0022,18d224d
38becaf838f8,2026-07-06T16:35:11+00:00,e1_baselines_default,breast_cancer,logreg,2c9c1dc37b,0,s0_f0,classical,455,114,30,31,0.964912,0.958074,0.972222,0.985260,0.0066,0.0005,18d224d
af635f0d70c3,2026-07-06T16:35:11+00:00,e1_baselines_default,breast_cancer,logreg,2c9c1dc37b,0,s0_f1,classical,455,114,30,31,0.991228,0.988372,0.993007,1.000000,0.0053,0.0004,18d224d
2622e5a96de2,2026-07-06T16:35:11+00:00,e1_baselines_default,breast_cancer,logreg,2c9c1dc37b,0,s0_f2,classical,455,114,30,31,0.973684,0.964286,0.979592,0.997685,0.0053,0.0004,18d224d
600983a560de,2026-07-06T16:35:11+00:00,e1_baselines_default,breast_cancer,logreg,2c9c1dc37b,0,s0_f3,classical,455,114,30,31,0.991228,0.988095,0.993103,0.995701,0.0049,0.0004,18d224d
6860d982e2b0,2026-07-06T16:35:11+00:00,e1_baselines_default,breast_cancer,logreg,2c9c1dc37b,0,s0_f4,classical,456,113,30,31,0.973451,0.969148,0.979021,0.996647,0.0050,0.0004,18d224d
36575c2a6fa2,2026-07-06T16:35:11+00:00,e1_baselines_default,breast_cancer,logreg,2c9c1dc37b,1,s1_f0,classical,455,114,30,31,0.973684,0.965116,0.979310,0.994104,0.0047,0.0003,18d224d
fe33f21d3ee1,2026-07-06T16:35:11+00:00,e1_baselines_default,breast_cancer,logreg,2c9c1dc37b,1,s1_f1,classical,455,114,30,31,0.973684,0.974288,0.978723,0.999345,0.0050,0.0003,18d224d
ad5a6035ff92,2026-07-06T16:35:11+00:00,e1_baselines_default,breast_cancer,logreg,2c9c1dc37b,1,s1_f2,classical,455,114,30,31,0.982456,0.976190,0.986301,0.985780,0.0053,0.0004,18d224d
2a13db8b96c8,2026-07-06T16:35:11+00:00,e1_baselines_default,breast_cancer,logreg,2c9c1dc37b,1,s1_f3,classical,455,114,30,31,0.973684,0.964286,0.979592,0.996032,0.0052,0.0004,18d224d
1948194d8469,2026-07-06T16:35:11+00:00,e1_baselines_default,breast_cancer,logreg,2c9c1dc37b,1,s1_f4,classical,456,113,30,31,0.982301,0.976190,0.986111,0.997653,0.0054,0.0004,18d224d
c57381f1a2e3,2026-07-06T16:35:11+00:00,e1_baselines_default,breast_cancer,logreg,2c9c1dc37b,2,s2_f0,classical,455,114,30,31,0.973684,0.965116,0.979310,0.994432,0.0042,0.0004,18d224d
b64ef8a3fa35,2026-07-06T16:35:11+00:00,e1_baselines_default,breast_cancer,logreg,2c9c1dc37b,2,s2_f1,classical,455,114,30,31,0.982456,0.976744,0.986111,0.998362,0.0050,0.0003,18d224d
00b3c96aa2f4,2026-07-06T16:35:11+00:00,e1_baselines_default,breast_cancer,logreg,2c9c1dc37b,2,s2_f2,classical,455,114,30,31,0.929825,0.914683,0.945946,0.984127,0.0046,0.0004,18d224d
271ebff4d45f,2026-07-06T16:35:11+00:00,e1_baselines_default,breast_cancer,logreg,2c9c1dc37b,2,s2_f3,classical,455,114,30,31,1.000000,1.000000,1.000000,1.000000,0.0054,0.0004,18d224d
53df09ab4246,2026-07-06T16:35:11+00:00,e1_baselines_default,breast_cancer,logreg,2c9c1dc37b,2,s2_f4,classical,456,113,30,31,0.991150,0.992958,0.992908,1.000000,0.0050,0.0003,18d224d
603f25362042,2026-07-06T16:35:11+00:00,e1_baselines_default,breast_cancer,logreg,2c9c1dc37b,3,s3_f0,classical,455,114,30,31,0.973684,0.969702,0.979021,0.999017,0.0048,0.0004,18d224d
40b7d3080642,2026-07-06T16:35:11+00:00,e1_baselines_default,breast_cancer,logreg,2c9c1dc37b,3,s3_f1,classical,455,114,30,31,0.964912,0.958074,0.972222,0.984933,0.0051,0.0003,18d224d
860f172f337b,2026-07-06T16:35:11+00:00,e1_baselines_default,breast_cancer,logreg,2c9c1dc37b,3,s3_f2,classical,455,114,30,31,0.991228,0.988095,0.993103,0.997685,0.0057,0.0004,18d224d
0e088b04c483,2026-07-06T16:35:11+00:00,e1_baselines_default,breast_cancer,logreg,2c9c1dc37b,3,s3_f3,classical,455,114,30,31,0.973684,0.964286,0.979592,0.992063,0.0059,0.0004,18d224d
23a2eb1defb0,2026-07-06T16:35:11+00:00,e1_baselines_default,breast_cancer,logreg,2c9c1dc37b,3,s3_f4,classical,456,113,30,31,0.991150,0.988095,0.993007,0.998323,0.0057,0.0005,18d224d
4912c90de2da,2026-07-06T16:35:11+00:00,e1_baselines_default,breast_cancer,logreg,2c9c1dc37b,4,s4_f0,classical,455,114,30,31,0.973684,0.965116,0.979310,0.985588,0.0047,0.0003,18d224d
8b40e0e5da55,2026-07-06T16:35:11+00:00,e1_baselines_default,breast_cancer,logreg,2c9c1dc37b,4,s4_f1,classical,455,114,30,31,0.982456,0.981330,0.985915,0.997052,0.0050,0.0004,18d224d
9b94deaf4c63,2026-07-06T16:35:11+00:00,e1_baselines_default,breast_cancer,logreg,2c9c1dc37b,4,s4_f2,classical,455,114,30,31,0.982456,0.976190,0.986301,0.998016,0.0060,0.0003,18d224d
28aed79666e7,2026-07-06T16:35:11+00:00,e1_baselines_default,breast_cancer,logreg,2c9c1dc37b,4,s4_f3,classical,455,114,30,31,0.973684,0.974206,0.979021,0.999339,0.0055,0.0005,18d224d
b8e1f3081119,2026-07-06T16:35:11+00:00,e1_baselines_default,breast_cancer,logreg,2c9c1dc37b,4,s4_f4,classical,456,113,30,31,0.982301,0.976190,0.986111,0.995305,0.0062,0.0003,18d224d
f585957e4eeb,2026-07-06T16:35:15+00:00,e1_baselines_default,breast_cancer,mlp,95841df53f,0,s0_f0,classical,455,114,30,257,0.947368,0.930233,0.959459,0.968556,0.5412,0.0007,18d224d
15ab89b6b66f,2026-07-06T16:35:16+00:00,e1_baselines_default,breast_cancer,mlp,95841df53f,0,s0_f1,classical,455,114,30,257,0.956140,0.951032,0.965035,0.994104,0.7832,0.0006,18d224d
5c2b251b7398,2026-07-06T16:35:16+00:00,e1_baselines_default,breast_cancer,mlp,95841df53f,0,s0_f2,classical,455,114,30,257,0.973684,0.969246,0.979310,0.995370,0.6158,0.0006,18d224d
ce6628f0e9af,2026-07-06T16:35:17+00:00,e1_baselines_default,breast_cancer,mlp,95841df53f,0,s0_f3,classical,455,114,30,257,0.973684,0.964286,0.979592,0.996362,0.5707,0.0005,18d224d
a5bbaf8a2bbb,2026-07-06T16:35:17+00:00,e1_baselines_default,breast_cancer,mlp,95841df53f,0,s0_f4,classical,456,113,30,257,0.973451,0.974011,0.978723,0.995305,0.6503,0.0006,18d224d
68901f2092a2,2026-07-06T16:35:18+00:00,e1_baselines_default,breast_cancer,mlp,95841df53f,1,s1_f0,classical,455,114,30,257,0.973684,0.974288,0.978723,0.995742,0.6330,0.0007,18d224d
7bac6014ae80,2026-07-06T16:35:19+00:00,e1_baselines_default,breast_cancer,mlp,95841df53f,1,s1_f1,classical,455,114,30,257,0.982456,0.985915,0.985714,0.999017,0.8605,0.0006,18d224d
b50be34e8892,2026-07-06T16:35:20+00:00,e1_baselines_default,breast_cancer,mlp,95841df53f,1,s1_f2,classical,455,114,30,257,0.964912,0.952381,0.972973,0.977513,0.6570,0.0006,18d224d
ceccc9e8b137,2026-07-06T16:35:20+00:00,e1_baselines_default,breast_cancer,mlp,95841df53f,1,s1_f3,classical,455,114,30,257,0.956140,0.945437,0.965986,0.996032,0.6780,0.0007,18d224d
e9173231104f,2026-07-06T16:35:21+00:00,e1_baselines_default,breast_cancer,mlp,95841df53f,1,s1_f4,classical,456,113,30,257,0.982301,0.976190,0.986111,0.997653,0.7667,0.0006,18d224d
e81b5f75df3c,2026-07-06T16:35:22+00:00,e1_baselines_default,breast_cancer,mlp,95841df53f,2,s2_f0,classical,455,114,30,257,0.964912,0.958074,0.972222,0.975106,0.5159,0.0005,18d224d
ae3e2c2ae685,2026-07-06T16:35:22+00:00,e1_baselines_default,breast_cancer,mlp,95841df53f,2,s2_f1,classical,455,114,30,257,0.973684,0.965116,0.979310,0.991156,0.7380,0.0006,18d224d
f9993ffbc5ae,2026-07-06T16:35:23+00:00,e1_baselines_default,breast_cancer,mlp,95841df53f,2,s2_f2,classical,455,114,30,257,0.947368,0.933532,0.959459,0.984127,0.7405,0.0005,18d224d
ac1453a2fc12,2026-07-06T16:35:24+00:00,e1_baselines_default,breast_cancer,mlp,95841df53f,2,s2_f3,classical,455,114,30,257,1.000000,1.000000,1.000000,1.000000,0.7467,0.0006,18d224d
3ae5d932e272,2026-07-06T16:35:24+00:00,e1_baselines_default,breast_cancer,mlp,95841df53f,2,s2_f4,classical,456,113,30,257,0.991150,0.992958,0.992908,1.000000,0.6944,0.0006,18d224d
c6259b397799,2026-07-06T16:35:25+00:00,e1_baselines_default,breast_cancer,mlp,95841df53f,3,s3_f0,classical,455,114,30,257,0.964912,0.958074,0.972222,0.976744,0.6595,0.0006,18d224d
91fcb3c83463,2026-07-06T16:35:26+00:00,e1_baselines_default,breast_cancer,mlp,95841df53f,3,s3_f1,classical,455,114,30,257,0.973684,0.969702,0.979021,0.988536,0.7991,0.0006,18d224d
abfd9fcff5c4,2026-07-06T16:35:27+00:00,e1_baselines_default,breast_cancer,mlp,95841df53f,3,s3_f2,classical,455,114,30,257,0.956140,0.955357,0.965035,0.995370,0.8277,0.0006,18d224d
4a4e236ae8c9,2026-07-06T16:35:28+00:00,e1_baselines_default,breast_cancer,mlp,95841df53f,3,s3_f3,classical,455,114,30,257,0.991228,0.988095,0.993103,0.998347,0.7977,0.0005,18d224d
ee6d9998ee9b,2026-07-06T16:35:28+00:00,e1_baselines_default,breast_cancer,mlp,95841df53f,3,s3_f4,classical,456,113,30,257,0.955752,0.945339,0.965517,0.994634,0.6373,0.0005,18d224d
14cfad9cc888,2026-07-06T16:35:29+00:00,e1_baselines_default,breast_cancer,mlp,95841df53f,4,s4_f0,classical,455,114,30,257,0.921053,0.913691,0.937063,0.979037,0.6714,0.0006,18d224d
96802ca88129,2026-07-06T16:35:29+00:00,e1_baselines_default,breast_cancer,mlp,95841df53f,4,s4_f1,classical,455,114,30,257,0.973684,0.965116,0.979310,0.997052,0.5742,0.0005,18d224d
ec47ed026f56,2026-07-06T16:35:30+00:00,e1_baselines_default,breast_cancer,mlp,95841df53f,4,s4_f2,classical,455,114,30,257,0.982456,0.976190,0.986301,0.998347,0.6532,0.0005,18d224d
fc275f9364ab,2026-07-06T16:35:31+00:00,e1_baselines_default,breast_cancer,mlp,95841df53f,4,s4_f3,classical,455,114,30,257,0.991228,0.993056,0.993007,1.000000,0.6530,0.0007,18d224d
ff0aa6842a35,2026-07-06T16:35:32+00:00,e1_baselines_default,breast_cancer,mlp,95841df53f,4,s4_f4,classical,456,113,30,257,0.982301,0.976190,0.986111,0.995976,0.6897,0.0006,18d224d
f032732d07c2,2026-07-06T16:35:35+00:00,e1_baselines_default,breast_cancer,rf,dd16af65b7,0,s0_f0,classical,455,114,30,,0.938596,0.932362,0.951049,0.979692,0.1650,0.0147,18d224d
2011c26ce978,2026-07-06T16:35:35+00:00,e1_baselines_default,breast_cancer,rf,dd16af65b7,0,s0_f1,classical,455,114,30,,0.964912,0.967245,0.971429,0.998362,0.1666,0.0136,18d224d
044aa8fbb73b,2026-07-06T16:35:35+00:00,e1_baselines_default,breast_cancer,rf,dd16af65b7,0,s0_f2,classical,455,114,30,,0.973684,0.964286,0.979592,0.989914,0.1570,0.0139,18d224d
75ca4bbaa2a3,2026-07-06T16:35:35+00:00,e1_baselines_default,breast_cancer,rf,dd16af65b7,0,s0_f3,classical,455,114,30,,0.964912,0.952381,0.972973,0.995701,0.1587,0.0135,18d224d
d22fcc6a9d75,2026-07-06T16:35:35+00:00,e1_baselines_default,breast_cancer,rf,dd16af65b7,0,s0_f4,classical,456,113,30,,0.982301,0.981053,0.985915,0.997653,0.1628,0.0135,18d224d
072ac7f06a08,2026-07-06T16:35:36+00:00,e1_baselines_default,breast_cancer,rf,dd16af65b7,1,s1_f0,classical,455,114,30,,0.947368,0.948575,0.957143,0.993777,0.1547,0.0138,18d224d
0b0a7bdf0878,2026-07-06T16:35:36+00:00,e1_baselines_default,breast_cancer,rf,dd16af65b7,1,s1_f1,classical,455,114,30,,0.973684,0.969702,0.979021,0.999017,0.1627,0.0138,18d224d
b252a61f23ee,2026-07-06T16:35:36+00:00,e1_baselines_default,breast_cancer,rf,dd16af65b7,1,s1_f2,classical,455,114,30,,0.929825,0.924603,0.944444,0.987434,0.1548,0.0137,18d224d
d78213e38c64,2026-07-06T16:35:36+00:00,e1_baselines_default,breast_cancer,rf,dd16af65b7,1,s1_f3,classical,455,114,30,,0.964912,0.952381,0.972973,0.988922,0.1569,0.0137,18d224d
0b65b4ac117f,2026-07-06T16:35:36+00:00,e1_baselines_default,breast_cancer,rf,dd16af65b7,1,s1_f4,classical,456,113,30,,0.955752,0.945339,0.965517,0.986419,0.1608,0.0135,18d224d
e43c5ae0845d,2026-07-06T16:35:36+00:00,e1_baselines_default,breast_cancer,rf,dd16af65b7,2,s2_f0,classical,455,114,30,,0.938596,0.932362,0.951049,0.985097,0.1501,0.0136,18d224d
21fe8a2186b0,2026-07-06T16:35:37+00:00,e1_baselines_default,breast_cancer,rf,dd16af65b7,2,s2_f1,classical,455,114,30,,0.956140,0.951032,0.965035,0.993285,0.1579,0.0135,18d224d
acd710af77d2,2026-07-06T16:35:37+00:00,e1_baselines_default,breast_cancer,rf,dd16af65b7,2,s2_f2,classical,455,114,30,,0.938596,0.926587,0.952381,0.985119,0.1584,0.0138,18d224d
903b6ec8068b,2026-07-06T16:35:37+00:00,e1_baselines_default,breast_cancer,rf,dd16af65b7,2,s2_f3,classical,455,114,30,,0.982456,0.986111,0.985915,0.999504,0.1582,0.0136,18d224d
d4c32f592d5d,2026-07-06T16:35:37+00:00,e1_baselines_default,breast_cancer,rf,dd16af65b7,2,s2_f4,classical,456,113,30,,0.982301,0.976190,0.986111,0.997485,0.1549,0.0136,18d224d
dd89f0e7df74,2026-07-06T16:35:37+00:00,e1_baselines_default,breast_cancer,rf,dd16af65b7,3,s3_f0,classical,455,114,30,,0.938596,0.927776,0.951724,0.990337,0.1564,0.0133,18d224d
2230ad208b4e,2026-07-06T16:35:37+00:00,e1_baselines_default,breast_cancer,rf,dd16af65b7,3,s3_f1,classical,455,114,30,,0.947368,0.948575,0.957143,0.983295,0.1499,0.0134,18d224d
1cbd42da5a50,2026-07-06T16:35:38+00:00,e1_baselines_default,breast_cancer,rf,dd16af65b7,3,s3_f2,classical,455,114,30,,0.973684,0.974206,0.979021,0.980820,0.1559,0.0135,18d224d
2ae071a7f187,2026-07-06T16:35:38+00:00,e1_baselines_default,breast_cancer,rf,dd16af65b7,3,s3_f3,classical,455,114,30,,0.973684,0.969246,0.979310,0.993221,0.1548,0.0145,18d224d
e3dc96e16316,2026-07-06T16:35:38+00:00,e1_baselines_default,breast_cancer,rf,dd16af65b7,3,s3_f4,classical,456,113,30,,0.991150,0.988095,0.993007,0.998659,0.1607,0.0150,18d224d
deae0805cd54,2026-07-06T16:35:38+00:00,e1_baselines_default,breast_cancer,rf,dd16af65b7,4,s4_f0,classical,455,114,30,,0.929825,0.916148,0.945205,0.980511,0.1611,0.0142,18d224d
d13f10270c83,2026-07-06T16:35:38+00:00,e1_baselines_default,breast_cancer,rf,dd16af65b7,4,s4_f1,classical,455,114,30,,0.929825,0.925319,0.943662,0.977236,0.1639,0.0138,18d224d
95546fc223f0,2026-07-06T16:35:39+00:00,e1_baselines_default,breast_cancer,rf,dd16af65b7,4,s4_f2,classical,455,114,30,,0.973684,0.964286,0.979592,0.998512,0.1653,0.0141,18d224d
9ea55c8a2321,2026-07-06T16:35:39+00:00,e1_baselines_default,breast_cancer,rf,dd16af65b7,4,s4_f3,classical,455,114,30,,0.973684,0.979167,0.978723,0.997189,0.1632,0.0163,18d224d
9d25549c542b,2026-07-06T16:35:39+00:00,e1_baselines_default,breast_cancer,rf,dd16af65b7,4,s4_f4,classical,456,113,30,,0.964602,0.962106,0.971831,0.997317,0.1677,0.0143,18d224d
0d963e708b23,2026-07-06T16:35:42+00:00,e1_baselines_default,breast_cancer,svm_linear,da4f80cfd4,0,s0_f0,classical,455,114,30,31,0.973684,0.965116,0.979310,0.983950,0.0031,0.0009,18d224d
d21169453b5b,2026-07-06T16:35:42+00:00,e1_baselines_default,breast_cancer,svm_linear,da4f80cfd4,0,s0_f1,classical,455,114,30,31,0.991228,0.988372,0.993007,0.999672,0.0023,0.0006,18d224d
9cc6624918a7,2026-07-06T16:35:42+00:00,e1_baselines_default,breast_cancer,svm_linear,da4f80cfd4,0,s0_f2,classical,455,114,30,31,0.973684,0.964286,0.979592,0.998347,0.0028,0.0006,18d224d
af0e78834361,2026-07-06T16:35:42+00:00,e1_baselines_default,breast_cancer,svm_linear,da4f80cfd4,0,s0_f3,classical,455,114,30,31,0.991228,0.988095,0.993103,0.995040,0.0028,0.0006,18d224d
933524b0a4ee,2026-07-06T16:35:42+00:00,e1_baselines_default,breast_cancer,svm_linear,da4f80cfd4,0,s0_f4,classical,456,113,30,31,0.982301,0.981053,0.985915,0.994970,0.0026,0.0006,18d224d
160b887b1d18,2026-07-06T16:35:42+00:00,e1_baselines_default,breast_cancer,svm_linear,da4f80cfd4,1,s1_f0,classical,455,114,30,31,0.982456,0.976744,0.986111,0.992466,0.0025,0.0006,18d224d
5fdd4a71a842,2026-07-06T16:35:42+00:00,e1_baselines_default,breast_cancer,svm_linear,da4f80cfd4,1,s1_f1,classical,455,114,30,31,0.982456,0.985915,0.985714,0.999345,0.0024,0.0006,18d224d
cff748cae3bc,2026-07-06T16:35:42+00:00,e1_baselines_default,breast_cancer,svm_linear,da4f80cfd4,1,s1_f2,classical,455,114,30,31,0.982456,0.976190,0.986301,0.984458,0.0026,0.0006,18d224d
1647a9f7f18f,2026-07-06T16:35:42+00:00,e1_baselines_default,breast_cancer,svm_linear,da4f80cfd4,1,s1_f3,classical,455,114,30,31,0.982456,0.976190,0.986301,0.995701,0.0026,0.0006,18d224d
a5193e26ba12,2026-07-06T16:35:42+00:00,e1_baselines_default,breast_cancer,svm_linear,da4f80cfd4,1,s1_f4,classical,456,113,30,31,0.982301,0.976190,0.986111,0.998994,0.0026,0.0007,18d224d
a3e403392e2c,2026-07-06T16:35:42+00:00,e1_baselines_default,breast_cancer,svm_linear,da4f80cfd4,2,s2_f0,classical,455,114,30,31,0.982456,0.976744,0.986111,0.995742,0.0024,0.0006,18d224d
3fa637ce24ae,2026-07-06T16:35:42+00:00,e1_baselines_default,breast_cancer,svm_linear,da4f80cfd4,2,s2_f1,classical,455,114,30,31,0.973684,0.965116,0.979310,0.998690,0.0023,0.0005,18d224d
d7c5370e3537,2026-07-06T16:35:42+00:00,e1_baselines_default,breast_cancer,svm_linear,da4f80cfd4,2,s2_f2,classical,455,114,30,31,0.929825,0.914683,0.945946,0.985450,0.0023,0.0005,18d224d
777d5f2068e1,2026-07-06T16:35:42+00:00,e1_baselines_default,breast_cancer,svm_linear,da4f80cfd4,2,s2_f3,classical,455,114,30,31,1.000000,1.000000,1.000000,1.000000,0.0025,0.0006,18d224d
30c77218e32f,2026-07-06T16:35:42+00:00,e1_baselines_default,breast_cancer,svm_linear,da4f80cfd4,2,s2_f4,classical,456,113,30,31,0.991150,0.992958,0.992908,1.000000,0.0026,0.0006,18d224d
a4ccd1d7874b,2026-07-06T16:35:42+00:00,e1_baselines_default,breast_cancer,svm_linear,da4f80cfd4,3,s3_f0,classical,455,114,30,31,0.991228,0.988372,0.993007,0.999672,0.0024,0.0006,18d224d
fd9688d1d2b1,2026-07-06T16:35:42+00:00,e1_baselines_default,breast_cancer,svm_linear,da4f80cfd4,3,s3_f1,classical,455,114,30,31,0.973684,0.969702,0.979021,0.985915,0.0023,0.0006,18d224d
3ffec2319f83,2026-07-06T16:35:42+00:00,e1_baselines_default,breast_cancer,svm_linear,da4f80cfd4,3,s3_f2,classical,455,114,30,31,0.973684,0.969246,0.979310,0.998016,0.0025,0.0006,18d224d
a4b54f37a354,2026-07-06T16:35:42+00:00,e1_baselines_default,breast_cancer,svm_linear,da4f80cfd4,3,s3_f3,classical,455,114,30,31,0.973684,0.964286,0.979592,0.992394,0.0022,0.0006,18d224d
ba7bf10c7ee0,2026-07-06T16:35:42+00:00,e1_baselines_default,breast_cancer,svm_linear,da4f80cfd4,3,s3_f4,classical,456,113,30,31,0.991150,0.988095,0.993007,0.997988,0.0020,0.0006,18d224d
67a89663962b,2026-07-06T16:35:42+00:00,e1_baselines_default,breast_cancer,svm_linear,da4f80cfd4,4,s4_f0,classical,455,114,30,31,0.973684,0.965116,0.979310,0.985260,0.0021,0.0006,18d224d
82df41f41c20,2026-07-06T16:35:42+00:00,e1_baselines_default,breast_cancer,svm_linear,da4f80cfd4,4,s4_f1,classical,455,114,30,31,0.982456,0.981330,0.985915,0.997380,0.0023,0.0006,18d224d
a81a16ec13f7,2026-07-06T16:35:42+00:00,e1_baselines_default,breast_cancer,svm_linear,da4f80cfd4,4,s4_f2,classical,455,114,30,31,0.982456,0.976190,0.986301,0.998347,0.0024,0.0006,18d224d
616570140864,2026-07-06T16:35:42+00:00,e1_baselines_default,breast_cancer,svm_linear,da4f80cfd4,4,s4_f3,classical,455,114,30,31,0.982456,0.981151,0.986111,0.999669,0.0025,0.0006,18d224d
0870b6b92ea8,2026-07-06T16:35:42+00:00,e1_baselines_default,breast_cancer,svm_linear,da4f80cfd4,4,s4_f4,classical,456,113,30,31,0.973451,0.964286,0.979310,0.997653,0.0025,0.0006,18d224d
e45647d510b6,2026-07-06T16:35:45+00:00,e1_baselines_default,breast_cancer,svm_rbf,4523687756,0,s0_f0,classical,455,114,30,,0.973684,0.965116,0.979310,0.982640,0.0041,0.0018,18d224d
a51030774f4e,2026-07-06T16:35:45+00:00,e1_baselines_default,breast_cancer,svm_rbf,4523687756,0,s0_f1,classical,455,114,30,,0.991228,0.988372,0.993007,0.999017,0.0029,0.0017,18d224d
139db6870ada,2026-07-06T16:35:45+00:00,e1_baselines_default,breast_cancer,svm_rbf,4523687756,0,s0_f2,classical,455,114,30,,0.982456,0.976190,0.986301,0.997354,0.0028,0.0017,18d224d
9ef4db851af9,2026-07-06T16:35:45+00:00,e1_baselines_default,breast_cancer,svm_rbf,4523687756,0,s0_f3,classical,455,114,30,,0.991228,0.988095,0.993103,0.998677,0.0029,0.0017,18d224d
6c5dc0cda0f2,2026-07-06T16:35:45+00:00,e1_baselines_default,breast_cancer,svm_rbf,4523687756,0,s0_f4,classical,456,113,30,,0.973451,0.969148,0.979021,0.994299,0.0027,0.0017,18d224d
51467d17e607,2026-07-06T16:35:45+00:00,e1_baselines_default,breast_cancer,svm_rbf,4523687756,1,s1_f0,classical,455,114,30,,0.964912,0.958074,0.972222,0.997707,0.0029,0.0017,18d224d
57a51b1ec23d,2026-07-06T16:35:45+00:00,e1_baselines_default,breast_cancer,svm_rbf,4523687756,1,s1_f1,classical,455,114,30,,0.982456,0.985915,0.985714,0.999672,0.0028,0.0017,18d224d
d62e9223a581,2026-07-06T16:35:45+00:00,e1_baselines_default,breast_cancer,svm_rbf,4523687756,1,s1_f2,classical,455,114,30,,0.982456,0.976190,0.986301,0.983466,0.0031,0.0016,18d224d
399aaeacf298,2026-07-06T16:35:45+00:00,e1_baselines_default,breast_cancer,svm_rbf,4523687756,1,s1_f3,classical,455,114,30,,0.982456,0.976190,0.986301,0.996362,0.0028,0.0016,18d224d
5d0e1ca027c0,2026-07-06T16:35:45+00:00,e1_baselines_default,breast_cancer,svm_rbf,4523687756,1,s1_f4,classical,456,113,30,,0.982301,0.976190,0.986111,0.996647,0.0028,0.0016,18d224d
56af0b6ce9b2,2026-07-06T16:35:45+00:00,e1_baselines_default,breast_cancer,svm_rbf,4523687756,2,s2_f0,classical,455,114,30,,0.973684,0.965116,0.979310,0.997052,0.0028,0.0016,18d224d
96d680a3d6f6,2026-07-06T16:35:45+00:00,e1_baselines_default,breast_cancer,svm_rbf,4523687756,2,s2_f1,classical,455,114,30,,0.973684,0.965116,0.979310,0.998362,0.0028,0.0016,18d224d
35900b618be1,2026-07-06T16:35:45+00:00,e1_baselines_default,breast_cancer,svm_rbf,4523687756,2,s2_f2,classical,455,114,30,,0.938596,0.926587,0.952381,0.982804,0.0025,0.0015,18d224d
35b7b3f4538e,2026-07-06T16:35:45+00:00,e1_baselines_default,breast_cancer,svm_rbf,4523687756,2,s2_f3,classical,455,114,30,,0.991228,0.993056,0.993007,1.000000,0.0028,0.0016,18d224d
fd9192d06fc2,2026-07-06T16:35:45+00:00,e1_baselines_default,breast_cancer,svm_rbf,4523687756,2,s2_f4,classical,456,113,30,,1.000000,1.000000,1.000000,1.000000,0.0026,0.0016,18d224d
0e68c575e0a9,2026-07-06T16:35:45+00:00,e1_baselines_default,breast_cancer,svm_rbf,4523687756,3,s3_f0,classical,455,114,30,,0.991228,0.988372,0.993007,0.999017,0.0027,0.0017,18d224d
89c49d771b5e,2026-07-06T16:35:45+00:00,e1_baselines_default,breast_cancer,svm_rbf,4523687756,3,s3_f1,classical,455,114,30,,0.964912,0.958074,0.972222,0.983295,0.0037,0.0016,18d224d
cc6d980ef94d,2026-07-06T16:35:45+00:00,e1_baselines_default,breast_cancer,svm_rbf,4523687756,3,s3_f2,classical,455,114,30,,0.982456,0.981151,0.986111,0.997685,0.0029,0.0016,18d224d
c32e203dc61d,2026-07-06T16:35:45+00:00,e1_baselines_default,breast_cancer,svm_rbf,4523687756,3,s3_f3,classical,455,114,30,,0.973684,0.964286,0.979592,0.997024,0.0039,0.0016,18d224d
4789382ca56a,2026-07-06T16:35:45+00:00,e1_baselines_default,breast_cancer,svm_rbf,4523687756,3,s3_f4,classical,456,113,30,,0.991150,0.988095,0.993007,0.998659,0.0030,0.0018,18d224d
e5a8fdea9003,2026-07-06T16:35:45+00:00,e1_baselines_default,breast_cancer,svm_rbf,4523687756,4,s4_f0,classical,455,114,30,,0.964912,0.958074,0.972222,0.982640,0.0027,0.0019,18d224d
4764c4f57f7f,2026-07-06T16:35:45+00:00,e1_baselines_default,breast_cancer,svm_rbf,4523687756,4,s4_f1,classical,455,114,30,,0.991228,0.988372,0.993007,0.996725,0.0035,0.0024,18d224d
56e7d67ef970,2026-07-06T16:35:45+00:00,e1_baselines_default,breast_cancer,svm_rbf,4523687756,4,s4_f2,classical,455,114,30,,0.982456,0.976190,0.986301,0.997024,0.0029,0.0016,18d224d
2350bee4c5eb,2026-07-06T16:35:45+00:00,e1_baselines_default,breast_cancer,svm_rbf,4523687756,4,s4_f3,classical,455,114,30,,0.973684,0.974206,0.979021,0.999008,0.0028,0.0016,18d224d
3654dc7ed7e7,2026-07-06T16:35:45+00:00,e1_baselines_default,breast_cancer,svm_rbf,4523687756,4,s4_f4,classical,456,113,30,,0.982301,0.976190,0.986111,0.999329,0.0028,0.0017,18d224d
cc8007b36b3d,2026-07-06T16:35:48+00:00,e1_baselines_default,breast_cancer,xgboost,741f276214,0,s0_f0,classical,455,114,30,,0.956140,0.951032,0.965035,0.984933,0.0451,0.0018,18d224d
aac50f918c63,2026-07-06T16:35:48+00:00,e1_baselines_default,breast_cancer,xgboost,741f276214,0,s0_f1,classical,455,114,30,,0.991228,0.992958,0.992908,0.999017,0.0453,0.0015,18d224d
ee5ed36df7cd,2026-07-06T16:35:48+00:00,e1_baselines_default,breast_cancer,xgboost,741f276214,0,s0_f2,classical,455,114,30,,0.947368,0.933532,0.959459,0.993717,0.0475,0.0016,18d224d
6a951045e977,2026-07-06T16:35:48+00:00,e1_baselines_default,breast_cancer,xgboost,741f276214,0,s0_f3,classical,455,114,30,,0.973684,0.964286,0.979592,0.999669,0.0443,0.0015,18d224d
b3952e6e428a,2026-07-06T16:35:48+00:00,e1_baselines_default,breast_cancer,xgboost,741f276214,0,s0_f4,classical,456,113,30,,0.973451,0.969148,0.979021,0.994634,0.0464,0.0016,18d224d
06df72daf224,2026-07-06T16:35:48+00:00,e1_baselines_default,breast_cancer,xgboost,741f276214,1,s1_f0,classical,455,114,30,,0.956140,0.955617,0.964539,0.996725,0.0432,0.0015,18d224d
c2e589a4f8f0,2026-07-06T16:35:48+00:00,e1_baselines_default,breast_cancer,xgboost,741f276214,1,s1_f1,classical,455,114,30,,0.973684,0.969702,0.979021,0.998035,0.0432,0.0015,18d224d
40681ecb961a,2026-07-06T16:35:48+00:00,e1_baselines_default,breast_cancer,xgboost,741f276214,1,s1_f2,classical,455,114,30,,0.956140,0.945437,0.965986,0.992725,0.0403,0.0015,18d224d
4b51e30928e9,2026-07-06T16:35:48+00:00,e1_baselines_default,breast_cancer,xgboost,741f276214,1,s1_f3,classical,455,114,30,,0.964912,0.952381,0.972973,0.987765,0.0422,0.0016,18d224d
bc1abcfef45b,2026-07-06T16:35:48+00:00,e1_baselines_default,breast_cancer,xgboost,741f276214,1,s1_f4,classical,456,113,30,,0.964602,0.957243,0.972222,0.987928,0.0425,0.0015,18d224d
bfadb2a2096c,2026-07-06T16:35:48+00:00,e1_baselines_default,breast_cancer,xgboost,741f276214,2,s2_f0,classical,455,114,30,,0.973684,0.965116,0.979310,0.991811,0.0421,0.0016,18d224d
3da3700cb1d1,2026-07-06T16:35:48+00:00,e1_baselines_default,breast_cancer,xgboost,741f276214,2,s2_f1,classical,455,114,30,,0.964912,0.962660,0.971831,0.992139,0.0436,0.0015,18d224d
65226ec37a01,2026-07-06T16:35:49+00:00,e1_baselines_default,breast_cancer,xgboost,741f276214,2,s2_f2,classical,455,114,30,,0.947368,0.938492,0.958904,0.986772,0.0398,0.0014,18d224d
bd32b8df69f5,2026-07-06T16:35:49+00:00,e1_baselines_default,breast_cancer,xgboost,741f276214,2,s2_f3,classical,455,114,30,,0.973684,0.974206,0.979021,0.998347,0.0445,0.0014,18d224d
d0395e529e73,2026-07-06T16:35:49+00:00,e1_baselines_default,breast_cancer,xgboost,741f276214,2,s2_f4,classical,456,113,30,,0.938053,0.931254,0.951049,0.991616,0.0423,0.0015,18d224d
d96ffc89f596,2026-07-06T16:35:49+00:00,e1_baselines_default,breast_cancer,xgboost,741f276214,3,s3_f0,classical,455,114,30,,0.947368,0.934818,0.958904,0.989519,0.0408,0.0014,18d224d
4b0a5cb81dae,2026-07-06T16:35:49+00:00,e1_baselines_default,breast_cancer,xgboost,741f276214,3,s3_f1,classical,455,114,30,,0.956140,0.955617,0.964539,0.985915,0.0401,0.0013,18d224d
4a9932e06960,2026-07-06T16:35:49+00:00,e1_baselines_default,breast_cancer,xgboost,741f276214,3,s3_f2,classical,455,114,30,,0.964912,0.967262,0.971831,0.990079,0.0424,0.0013,18d224d
6c2ed8b204b7,2026-07-06T16:35:49+00:00,e1_baselines_default,breast_cancer,xgboost,741f276214,3,s3_f3,classical,455,114,30,,0.982456,0.981151,0.986111,0.993717,0.0427,0.0013,18d224d
39a078bf2e59,2026-07-06T16:35:49+00:00,e1_baselines_default,breast_cancer,xgboost,741f276214,3,s3_f4,classical,456,113,30,,0.982301,0.976190,0.986111,0.998659,0.0424,0.0014,18d224d
f0f2fcc38140,2026-07-06T16:35:49+00:00,e1_baselines_default,breast_cancer,xgboost,741f276214,4,s4_f0,classical,455,114,30,,0.956140,0.946446,0.965517,0.986571,0.0386,0.0013,18d224d
50acc9bdb46e,2026-07-06T16:35:49+00:00,e1_baselines_default,breast_cancer,xgboost,741f276214,4,s4_f1,classical,455,114,30,,0.921053,0.922863,0.935252,0.985588,0.0401,0.0013,18d224d
851efa4974df,2026-07-06T16:35:49+00:00,e1_baselines_default,breast_cancer,xgboost,741f276214,4,s4_f2,classical,455,114,30,,0.982456,0.976190,0.986301,0.994709,0.0419,0.0014,18d224d
b3d7654ed52f,2026-07-06T16:35:49+00:00,e1_baselines_default,breast_cancer,xgboost,741f276214,4,s4_f3,classical,455,114,30,,0.947368,0.958333,0.956522,0.997354,0.0424,0.0012,18d224d
10a13839423a,2026-07-06T16:35:49+00:00,e1_baselines_default,breast_cancer,xgboost,741f276214,4,s4_f4,classical,456,113,30,,0.982301,0.981053,0.985915,0.998323,0.0443,0.0013,18d224d
7064cb573e46,2026-07-06T16:35:52+00:00,e1_baselines_default,circles,knn,4676280a6b,0,s0_f0,classical,400,100,2,,0.990000,0.990000,0.990099,0.999200,0.0013,0.0038,18d224d
7c5231aa9871,2026-07-06T16:35:52+00:00,e1_baselines_default,circles,knn,4676280a6b,0,s0_f1,classical,400,100,2,,0.990000,0.990000,0.990099,0.999400,0.0008,0.0022,18d224d
4cf9fa17833c,2026-07-06T16:35:52+00:00,e1_baselines_default,circles,knn,4676280a6b,0,s0_f2,classical,400,100,2,,1.000000,1.000000,1.000000,1.000000,0.0007,0.0020,18d224d
7a4c210e174e,2026-07-06T16:35:52+00:00,e1_baselines_default,circles,knn,4676280a6b,0,s0_f3,classical,400,100,2,,0.970000,0.970000,0.970874,1.000000,0.0007,0.0020,18d224d
16f409321a31,2026-07-06T16:35:52+00:00,e1_baselines_default,circles,knn,4676280a6b,0,s0_f4,classical,400,100,2,,1.000000,1.000000,1.000000,1.000000,0.0007,0.0020,18d224d
2af809c03e48,2026-07-06T16:35:52+00:00,e1_baselines_default,circles,knn,4676280a6b,1,s1_f0,classical,400,100,2,,1.000000,1.000000,1.000000,1.000000,0.0006,0.0017,18d224d
bbb5b0c2b7c9,2026-07-06T16:35:52+00:00,e1_baselines_default,circles,knn,4676280a6b,1,s1_f1,classical,400,100,2,,0.990000,0.990000,0.990099,0.999600,0.0006,0.0020,18d224d
df6d8006e1b1,2026-07-06T16:35:52+00:00,e1_baselines_default,circles,knn,4676280a6b,1,s1_f2,classical,400,100,2,,1.000000,1.000000,1.000000,1.000000,0.0006,0.0019,18d224d
b94476ac42f8,2026-07-06T16:35:52+00:00,e1_baselines_default,circles,knn,4676280a6b,1,s1_f3,classical,400,100,2,,0.960000,0.960000,0.961538,0.999600,0.0007,0.0018,18d224d
c2cb5a7a3880,2026-07-06T16:35:52+00:00,e1_baselines_default,circles,knn,4676280a6b,1,s1_f4,classical,400,100,2,,0.990000,0.990000,0.990099,0.999800,0.0007,0.0019,18d224d
d0a9082f76a3,2026-07-06T16:35:52+00:00,e1_baselines_default,circles,knn,4676280a6b,2,s2_f0,classical,400,100,2,,0.980000,0.980000,0.980392,0.998800,0.0006,0.0019,18d224d
c0781b8f756a,2026-07-06T16:35:52+00:00,e1_baselines_default,circles,knn,4676280a6b,2,s2_f1,classical,400,100,2,,1.000000,1.000000,1.000000,1.000000,0.0007,0.0018,18d224d
808e2684e06e,2026-07-06T16:35:52+00:00,e1_baselines_default,circles,knn,4676280a6b,2,s2_f2,classical,400,100,2,,0.980000,0.980000,0.980392,1.000000,0.0006,0.0018,18d224d
dcfd6977fdf4,2026-07-06T16:35:52+00:00,e1_baselines_default,circles,knn,4676280a6b,2,s2_f3,classical,400,100,2,,1.000000,1.000000,1.000000,1.000000,0.0007,0.0021,18d224d
21182e640223,2026-07-06T16:35:52+00:00,e1_baselines_default,circles,knn,4676280a6b,2,s2_f4,classical,400,100,2,,0.990000,0.990000,0.990099,0.999600,0.0007,0.0018,18d224d
658888230472,2026-07-06T16:35:52+00:00,e1_baselines_default,circles,knn,4676280a6b,3,s3_f0,classical,400,100,2,,0.980000,0.980000,0.980392,0.999600,0.0006,0.0017,18d224d
2a694f43d0ba,2026-07-06T16:35:52+00:00,e1_baselines_default,circles,knn,4676280a6b,3,s3_f1,classical,400,100,2,,0.980000,0.980000,0.980392,0.999200,0.0008,0.0018,18d224d
738eb44458de,2026-07-06T16:35:52+00:00,e1_baselines_default,circles,knn,4676280a6b,3,s3_f2,classical,400,100,2,,1.000000,1.000000,1.000000,1.000000,0.0006,0.0019,18d224d
440190f739c6,2026-07-06T16:35:52+00:00,e1_baselines_default,circles,knn,4676280a6b,3,s3_f3,classical,400,100,2,,1.000000,1.000000,1.000000,1.000000,0.0006,0.0018,18d224d
8fc1125b4d84,2026-07-06T16:35:52+00:00,e1_baselines_default,circles,knn,4676280a6b,3,s3_f4,classical,400,100,2,,0.990000,0.990000,0.990099,0.999800,0.0007,0.0020,18d224d
a5fe9af1d337,2026-07-06T16:35:52+00:00,e1_baselines_default,circles,knn,4676280a6b,4,s4_f0,classical,400,100,2,,0.970000,0.970000,0.970874,0.999400,0.0007,0.0018,18d224d
9d472850c7b6,2026-07-06T16:35:52+00:00,e1_baselines_default,circles,knn,4676280a6b,4,s4_f1,classical,400,100,2,,1.000000,1.000000,1.000000,1.000000,0.0007,0.0018,18d224d
52d0b9da74d5,2026-07-06T16:35:52+00:00,e1_baselines_default,circles,knn,4676280a6b,4,s4_f2,classical,400,100,2,,0.980000,0.980000,0.980392,1.000000,0.0007,0.0019,18d224d
1101ab9202f1,2026-07-06T16:35:52+00:00,e1_baselines_default,circles,knn,4676280a6b,4,s4_f3,classical,400,100,2,,1.000000,1.000000,1.000000,1.000000,0.0007,0.0019,18d224d
cebda08e12fc,2026-07-06T16:35:52+00:00,e1_baselines_default,circles,knn,4676280a6b,4,s4_f4,classical,400,100,2,,0.990000,0.990000,0.990099,0.999200,0.0007,0.0019,18d224d
cd6b1db86416,2026-07-06T16:35:55+00:00,e1_baselines_default,circles,logreg,747719b799,0,s0_f0,classical,400,100,2,3,0.460000,0.460000,0.470588,0.479600,0.0044,0.0004,18d224d
c2905ffc68c0,2026-07-06T16:35:55+00:00,e1_baselines_default,circles,logreg,747719b799,0,s0_f1,classical,400,100,2,3,0.440000,0.440000,0.440000,0.420000,0.0023,0.0003,18d224d
56cbdd1d0990,2026-07-06T16:35:55+00:00,e1_baselines_default,circles,logreg,747719b799,0,s0_f2,classical,400,100,2,3,0.480000,0.480000,0.446809,0.491600,0.0024,0.0004,18d224d
1a779803ed52,2026-07-06T16:35:55+00:00,e1_baselines_default,circles,logreg,747719b799,0,s0_f3,classical,400,100,2,3,0.470000,0.470000,0.513761,0.396000,0.0022,0.0004,18d224d
ea2e7033f5c0,2026-07-06T16:35:55+00:00,e1_baselines_default,circles,logreg,747719b799,0,s0_f4,classical,400,100,2,3,0.550000,0.550000,0.579439,0.465600,0.0025,0.0004,18d224d
1dd47a87cffe,2026-07-06T16:35:55+00:00,e1_baselines_default,circles,logreg,747719b799,1,s1_f0,classical,400,100,2,3,0.450000,0.450000,0.455446,0.393600,0.0022,0.0003,18d224d
efd1ffeed82d,2026-07-06T16:35:55+00:00,e1_baselines_default,circles,logreg,747719b799,1,s1_f1,classical,400,100,2,3,0.500000,0.500000,0.519231,0.468000,0.0022,0.0003,18d224d
4da7e0fd7eda,2026-07-06T16:35:55+00:00,e1_baselines_default,circles,logreg,747719b799,1,s1_f2,classical,400,100,2,3,0.460000,0.460000,0.480769,0.424400,0.0034,0.0005,18d224d
f82eeef21c80,2026-07-06T16:35:55+00:00,e1_baselines_default,circles,logreg,747719b799,1,s1_f3,classical,400,100,2,3,0.490000,0.490000,0.514286,0.411200,0.0022,0.0005,18d224d
61c7fc1a624d,2026-07-06T16:35:55+00:00,e1_baselines_default,circles,logreg,747719b799,1,s1_f4,classical,400,100,2,3,0.450000,0.450000,0.466019,0.438400,0.0022,0.0005,18d224d
b81677420d81,2026-07-06T16:35:55+00:00,e1_baselines_default,circles,logreg,747719b799,2,s2_f0,classical,400,100,2,3,0.480000,0.480000,0.469388,0.508000,0.0019,0.0004,18d224d
b975c48dadc5,2026-07-06T16:35:55+00:00,e1_baselines_default,circles,logreg,747719b799,2,s2_f1,classical,400,100,2,3,0.470000,0.470000,0.430108,0.494400,0.0020,0.0003,18d224d
80f614d487c4,2026-07-06T16:35:55+00:00,e1_baselines_default,circles,logreg,747719b799,2,s2_f2,classical,400,100,2,3,0.440000,0.440000,0.416667,0.408800,0.0025,0.0005,18d224d
878455b4749e,2026-07-06T16:35:55+00:00,e1_baselines_default,circles,logreg,747719b799,2,s2_f3,classical,400,100,2,3,0.410000,0.410000,0.378947,0.440800,0.0022,0.0004,18d224d
f047e5a46563,2026-07-06T16:35:55+00:00,e1_baselines_default,circles,logreg,747719b799,2,s2_f4,classical,400,100,2,3,0.460000,0.460000,0.500000,0.382400,0.0022,0.0003,18d224d
e38ef272f7e5,2026-07-06T16:35:55+00:00,e1_baselines_default,circles,logreg,747719b799,3,s3_f0,classical,400,100,2,3,0.480000,0.480000,0.500000,0.459200,0.0022,0.0004,18d224d
40a0da0d776a,2026-07-06T16:35:55+00:00,e1_baselines_default,circles,logreg,747719b799,3,s3_f1,classical,400,100,2,3,0.460000,0.460000,0.490566,0.430400,0.0022,0.0003,18d224d
c2d54fe805be,2026-07-06T16:35:55+00:00,e1_baselines_default,circles,logreg,747719b799,3,s3_f2,classical,400,100,2,3,0.460000,0.460000,0.500000,0.430000,0.0020,0.0003,18d224d
4d83421436e0,2026-07-06T16:35:55+00:00,e1_baselines_default,circles,logreg,747719b799,3,s3_f3,classical,400,100,2,3,0.450000,0.450000,0.485981,0.405200,0.0021,0.0004,18d224d
2ded12d0c64b,2026-07-06T16:35:55+00:00,e1_baselines_default,circles,logreg,747719b799,3,s3_f4,classical,400,100,2,3,0.460000,0.460000,0.490566,0.459600,0.0022,0.0003,18d224d
6f836084b5a9,2026-07-06T16:35:55+00:00,e1_baselines_default,circles,logreg,747719b799,4,s4_f0,classical,400,100,2,3,0.430000,0.430000,0.467290,0.363600,0.0022,0.0003,18d224d
30d862f63b67,2026-07-06T16:35:55+00:00,e1_baselines_default,circles,logreg,747719b799,4,s4_f1,classical,400,100,2,3,0.430000,0.430000,0.457143,0.422000,0.0021,0.0003,18d224d
41a0e7f531ae,2026-07-06T16:35:55+00:00,e1_baselines_default,circles,logreg,747719b799,4,s4_f2,classical,400,100,2,3,0.450000,0.450000,0.455446,0.402000,0.0020,0.0004,18d224d
046691550353,2026-07-06T16:35:55+00:00,e1_baselines_default,circles,logreg,747719b799,4,s4_f3,classical,400,100,2,3,0.380000,0.380000,0.354167,0.421600,0.0024,0.0003,18d224d
9b669f43abad,2026-07-06T16:35:55+00:00,e1_baselines_default,circles,logreg,747719b799,4,s4_f4,classical,400,100,2,3,0.450000,0.450000,0.432990,0.439200,0.0020,0.0003,18d224d
07f571a7bdb4,2026-07-06T16:35:59+00:00,e1_baselines_default,circles,mlp,29591b4a49,0,s0_f0,classical,400,100,2,33,0.750000,0.750000,0.752475,0.811200,0.5653,0.0005,18d224d
c4fbcaaff43f,2026-07-06T16:35:59+00:00,e1_baselines_default,circles,mlp,29591b4a49,0,s0_f1,classical,400,100,2,33,0.530000,0.530000,0.591304,0.490000,0.1017,0.0005,18d224d
4d27e29f9af7,2026-07-06T16:35:59+00:00,e1_baselines_default,circles,mlp,29591b4a49,0,s0_f2,classical,400,100,2,33,0.600000,0.600000,0.655172,0.574400,0.1154,0.0006,18d224d
1e6034a7eff7,2026-07-06T16:35:59+00:00,e1_baselines_default,circles,mlp,29591b4a49,0,s0_f3,classical,400,100,2,33,0.490000,0.490000,0.578512,0.452400,0.1332,0.0006,18d224d
5589e5cda5d7,2026-07-06T16:35:59+00:00,e1_baselines_default,circles,mlp,29591b4a49,0,s0_f4,classical,400,100,2,33,0.550000,0.550000,0.587156,0.578000,0.1263,0.0006,18d224d
0ea004e9afda,2026-07-06T16:36:00+00:00,e1_baselines_default,circles,mlp,29591b4a49,1,s1_f0,classical,400,100,2,33,0.930000,0.930000,0.930693,0.976400,0.5447,0.0005,18d224d
cf4566cdef93,2026-07-06T16:36:00+00:00,e1_baselines_default,circles,mlp,29591b4a49,1,s1_f1,classical,400,100,2,33,0.890000,0.890000,0.897196,0.948400,0.5549,0.0006,18d224d
4e6f39a39fcb,2026-07-06T16:36:01+00:00,e1_baselines_default,circles,mlp,29591b4a49,1,s1_f2,classical,400,100,2,33,0.840000,0.840000,0.859649,0.910800,0.5758,0.0005,18d224d
7561ef1a4e2a,2026-07-06T16:36:01+00:00,e1_baselines_default,circles,mlp,29591b4a49,1,s1_f3,classical,400,100,2,33,0.800000,0.800000,0.807692,0.885600,0.5766,0.0005,18d224d
cfd9fd76e8e2,2026-07-06T16:36:02+00:00,e1_baselines_default,circles,mlp,29591b4a49,1,s1_f4,classical,400,100,2,33,0.870000,0.870000,0.871287,0.922000,0.5613,0.0005,18d224d
580494cd5eca,2026-07-06T16:36:03+00:00,e1_baselines_default,circles,mlp,29591b4a49,2,s2_f0,classical,400,100,2,33,0.990000,0.990000,0.989899,0.999600,0.5499,0.0006,18d224d
8e058fc08fad,2026-07-06T16:36:03+00:00,e1_baselines_default,circles,mlp,29591b4a49,2,s2_f1,classical,400,100,2,33,0.960000,0.960000,0.960784,0.995200,0.5807,0.0005,18d224d
5bf380353b29,2026-07-06T16:36:04+00:00,e1_baselines_default,circles,mlp,29591b4a49,2,s2_f2,classical,400,100,2,33,0.880000,0.880000,0.882353,0.956000,0.5714,0.0006,18d224d
fa33b81fa0f4,2026-07-06T16:36:04+00:00,e1_baselines_default,circles,mlp,29591b4a49,2,s2_f3,classical,400,100,2,33,0.880000,0.880000,0.888889,0.907600,0.5321,0.0005,18d224d
073d1b930fde,2026-07-06T16:36:05+00:00,e1_baselines_default,circles,mlp,29591b4a49,2,s2_f4,classical,400,100,2,33,0.950000,0.950000,0.950495,0.994800,0.5167,0.0006,18d224d
38ca33ad519e,2026-07-06T16:36:05+00:00,e1_baselines_default,circles,mlp,29591b4a49,3,s3_f0,classical,400,100,2,33,0.530000,0.530000,0.568807,0.503600,0.1093,0.0005,18d224d
461baee66176,2026-07-06T16:36:05+00:00,e1_baselines_default,circles,mlp,29591b4a49,3,s3_f1,classical,400,100,2,33,0.620000,0.620000,0.666667,0.596400,0.1029,0.0005,18d224d
71b2a101607d,2026-07-06T16:36:05+00:00,e1_baselines_default,circles,mlp,29591b4a49,3,s3_f2,classical,400,100,2,33,0.490000,0.490000,0.556522,0.428400,0.1281,0.0005,18d224d
48f67f056314,2026-07-06T16:36:05+00:00,e1_baselines_default,circles,mlp,29591b4a49,3,s3_f3,classical,400,100,2,33,0.480000,0.480000,0.559322,0.366800,0.1003,0.0004,18d224d
bf6bd1d42cf5,2026-07-06T16:36:05+00:00,e1_baselines_default,circles,mlp,29591b4a49,3,s3_f4,classical,400,100,2,33,0.540000,0.540000,0.557692,0.506800,0.1149,0.0005,18d224d
36828c3c2b63,2026-07-06T16:36:06+00:00,e1_baselines_default,circles,mlp,29591b4a49,4,s4_f0,classical,400,100,2,33,0.960000,0.960000,0.961538,0.995600,0.5009,0.0004,18d224d
18f39f447adf,2026-07-06T16:36:06+00:00,e1_baselines_default,circles,mlp,29591b4a49,4,s4_f1,classical,400,100,2,33,0.820000,0.820000,0.836364,0.958000,0.5068,0.0004,18d224d
e80b69d64acb,2026-07-06T16:36:07+00:00,e1_baselines_default,circles,mlp,29591b4a49,4,s4_f2,classical,400,100,2,33,0.950000,0.950000,0.950495,0.995600,0.5296,0.0005,18d224d
afa51701d163,2026-07-06T16:36:08+00:00,e1_baselines_default,circles,mlp,29591b4a49,4,s4_f3,classical,400,100,2,33,0.880000,0.880000,0.882353,0.944800,0.5589,0.0005,18d224d
d0745bbab317,2026-07-06T16:36:08+00:00,e1_baselines_default,circles,mlp,29591b4a49,4,s4_f4,classical,400,100,2,33,0.940000,0.940000,0.942308,0.974000,0.5174,0.0004,18d224d
636e0f081536,2026-07-06T16:36:11+00:00,e1_baselines_default,circles,rf,97cd76efb4,0,s0_f0,classical,400,100,2,,0.970000,0.970000,0.970297,0.998600,0.1222,0.0145,18d224d
7034f62267c0,2026-07-06T16:36:11+00:00,e1_baselines_default,circles,rf,97cd76efb4,0,s0_f1,classical,400,100,2,,0.990000,0.990000,0.989899,0.995800,0.1274,0.0169,18d224d
a138bacdd453,2026-07-06T16:36:11+00:00,e1_baselines_default,circles,rf,97cd76efb4,0,s0_f2,classical,400,100,2,,1.000000,1.000000,1.000000,1.000000,0.1298,0.0156,18d224d
8d8ece122ad8,2026-07-06T16:36:12+00:00,e1_baselines_default,circles,rf,97cd76efb4,0,s0_f3,classical,400,100,2,,0.980000,0.980000,0.980392,0.999200,0.1273,0.0149,18d224d
454b190732af,2026-07-06T16:36:12+00:00,e1_baselines_default,circles,rf,97cd76efb4,0,s0_f4,classical,400,100,2,,0.990000,0.990000,0.989899,1.000000,0.1215,0.0138,18d224d
f8a73613bc5d,2026-07-06T16:36:12+00:00,e1_baselines_default,circles,rf,97cd76efb4,1,s1_f0,classical,400,100,2,,0.980000,0.980000,0.979592,0.992200,0.1198,0.0136,18d224d
5b994f38c221,2026-07-06T16:36:12+00:00,e1_baselines_default,circles,rf,97cd76efb4,1,s1_f1,classical,400,100,2,,0.970000,0.970000,0.969697,0.996800,0.1183,0.0145,18d224d
28d14c03b139,2026-07-06T16:36:12+00:00,e1_baselines_default,circles,rf,97cd76efb4,1,s1_f2,classical,400,100,2,,0.970000,0.970000,0.970874,0.999000,0.1187,0.0138,18d224d
083785cdb390,2026-07-06T16:36:12+00:00,e1_baselines_default,circles,rf,97cd76efb4,1,s1_f3,classical,400,100,2,,0.980000,0.980000,0.979592,0.998000,0.1187,0.0140,18d224d
0473df1b2268,2026-07-06T16:36:12+00:00,e1_baselines_default,circles,rf,97cd76efb4,1,s1_f4,classical,400,100,2,,1.000000,1.000000,1.000000,1.000000,0.1199,0.0139,18d224d
17e9d9f0a04f,2026-07-06T16:36:13+00:00,e1_baselines_default,circles,rf,97cd76efb4,2,s2_f0,classical,400,100,2,,0.990000,0.990000,0.989899,1.000000,0.1190,0.0146,18d224d
bc5d868d49ca,2026-07-06T16:36:13+00:00,e1_baselines_default,circles,rf,97cd76efb4,2,s2_f1,classical,400,100,2,,1.000000,1.000000,1.000000,1.000000,0.1184,0.0140,18d224d
99f99bad0b11,2026-07-06T16:36:13+00:00,e1_baselines_default,circles,rf,97cd76efb4,2,s2_f2,classical,400,100,2,,0.960000,0.960000,0.960000,0.994000,0.1181,0.0138,18d224d
3d0a37aecb90,2026-07-06T16:36:13+00:00,e1_baselines_default,circles,rf,97cd76efb4,2,s2_f3,classical,400,100,2,,0.980000,0.980000,0.980000,0.999200,0.1217,0.0141,18d224d
485fcc1c4c6d,2026-07-06T16:36:13+00:00,e1_baselines_default,circles,rf,97cd76efb4,2,s2_f4,classical,400,100,2,,0.990000,0.990000,0.990099,1.000000,0.1206,0.0134,18d224d
ff461c453e46,2026-07-06T16:36:13+00:00,e1_baselines_default,circles,rf,97cd76efb4,3,s3_f0,classical,400,100,2,,1.000000,1.000000,1.000000,1.000000,0.1216,0.0132,18d224d
6bf428302a71,2026-07-06T16:36:13+00:00,e1_baselines_default,circles,rf,97cd76efb4,3,s3_f1,classical,400,100,2,,0.960000,0.960000,0.959184,0.982200,0.1190,0.0141,18d224d
e063edf57cdc,2026-07-06T16:36:14+00:00,e1_baselines_default,circles,rf,97cd76efb4,3,s3_f2,classical,400,100,2,,0.990000,0.990000,0.990099,0.993800,0.1171,0.0134,18d224d
9a4605721227,2026-07-06T16:36:14+00:00,e1_baselines_default,circles,rf,97cd76efb4,3,s3_f3,classical,400,100,2,,0.990000,0.990000,0.990099,0.999600,0.1209,0.0141,18d224d
e7090d007543,2026-07-06T16:36:14+00:00,e1_baselines_default,circles,rf,97cd76efb4,3,s3_f4,classical,400,100,2,,0.990000,0.990000,0.989899,1.000000,0.1287,0.0136,18d224d
b6ea3f6a98ed,2026-07-06T16:36:14+00:00,e1_baselines_default,circles,rf,97cd76efb4,4,s4_f0,classical,400,100,2,,0.980000,0.980000,0.980000,0.994800,0.1181,0.0143,18d224d
e89d52ee0ea4,2026-07-06T16:36:14+00:00,e1_baselines_default,circles,rf,97cd76efb4,4,s4_f1,classical,400,100,2,,0.990000,0.990000,0.990099,1.000000,0.1295,0.0153,18d224d
219ac69cbb88,2026-07-06T16:36:14+00:00,e1_baselines_default,circles,rf,97cd76efb4,4,s4_f2,classical,400,100,2,,0.990000,0.990000,0.989899,0.998800,0.1191,0.0134,18d224d
065b0e8ba77d,2026-07-06T16:36:14+00:00,e1_baselines_default,circles,rf,97cd76efb4,4,s4_f3,classical,400,100,2,,1.000000,1.000000,1.000000,1.000000,0.1245,0.0146,18d224d
0e1193ef1f80,2026-07-06T16:36:15+00:00,e1_baselines_default,circles,rf,97cd76efb4,4,s4_f4,classical,400,100,2,,1.000000,1.000000,1.000000,1.000000,0.1268,0.0155,18d224d
af8f9593c435,2026-07-06T16:36:18+00:00,e1_baselines_default,circles,svm_linear,9827d3c32f,0,s0_f0,classical,400,100,2,3,0.470000,0.470000,0.522523,0.481600,0.0041,0.0015,18d224d
17bf6899b754,2026-07-06T16:36:18+00:00,e1_baselines_default,circles,svm_linear,9827d3c32f,0,s0_f1,classical,400,100,2,3,0.490000,0.490000,0.548673,0.419600,0.0032,0.0013,18d224d
e026a725da8d,2026-07-06T16:36:18+00:00,e1_baselines_default,circles,svm_linear,9827d3c32f,0,s0_f2,classical,400,100,2,3,0.540000,0.540000,0.603448,0.493600,0.0029,0.0013,18d224d
febfecb6b829,2026-07-06T16:36:18+00:00,e1_baselines_default,circles,svm_linear,9827d3c32f,0,s0_f3,classical,400,100,2,3,0.480000,0.480000,0.559322,0.397600,0.0029,0.0013,18d224d
c6be5175c2dc,2026-07-06T16:36:18+00:00,e1_baselines_default,circles,svm_linear,9827d3c32f,0,s0_f4,classical,400,100,2,3,0.570000,0.570000,0.638655,0.464000,0.0028,0.0012,18d224d
08d867937602,2026-07-06T16:36:18+00:00,e1_baselines_default,circles,svm_linear,9827d3c32f,1,s1_f0,classical,400,100,2,3,0.460000,0.460000,0.526316,0.394000,0.0029,0.0021,18d224d
f31999e06bb8,2026-07-06T16:36:18+00:00,e1_baselines_default,circles,svm_linear,9827d3c32f,1,s1_f1,classical,400,100,2,3,0.560000,0.560000,0.627119,0.473200,0.0029,0.0012,18d224d
15a1eb3ec11f,2026-07-06T16:36:18+00:00,e1_baselines_default,circles,svm_linear,9827d3c32f,1,s1_f2,classical,400,100,2,3,0.460000,0.460000,0.534483,0.422000,0.0030,0.0012,18d224d
a07ceb541d78,2026-07-06T16:36:18+00:00,e1_baselines_default,circles,svm_linear,9827d3c32f,1,s1_f3,classical,400,100,2,3,0.520000,0.520000,0.593220,0.412400,0.0029,0.0013,18d224d
b90a36e59e89,2026-07-06T16:36:18+00:00,e1_baselines_default,circles,svm_linear,9827d3c32f,1,s1_f4,classical,400,100,2,3,0.510000,0.510000,0.573913,0.440000,0.0029,0.0013,18d224d
c1d26f1bdb80,2026-07-06T16:36:18+00:00,e1_baselines_default,circles,svm_linear,9827d3c32f,2,s2_f0,classical,400,100,2,3,0.580000,0.580000,0.631579,0.512800,0.0028,0.0012,18d224d
30406260de6c,2026-07-06T16:36:18+00:00,e1_baselines_default,circles,svm_linear,9827d3c32f,2,s2_f1,classical,400,100,2,3,0.480000,0.480000,0.500000,0.470000,0.0029,0.0012,18d224d
0f31e9bcc9c5,2026-07-06T16:36:18+00:00,e1_baselines_default,circles,svm_linear,9827d3c32f,2,s2_f2,classical,400,100,2,3,0.460000,0.460000,0.509091,0.410800,0.0029,0.0012,18d224d
026ea016d25c,2026-07-06T16:36:18+00:00,e1_baselines_default,circles,svm_linear,9827d3c32f,2,s2_f3,classical,400,100,2,3,0.510000,0.510000,0.566372,0.440400,0.0029,0.0012,18d224d
85bee7f14ba8,2026-07-06T16:36:18+00:00,e1_baselines_default,circles,svm_linear,9827d3c32f,2,s2_f4,classical,400,100,2,3,0.500000,0.500000,0.576271,0.380800,0.0029,0.0012,18d224d
2faa0e108197,2026-07-06T16:36:18+00:00,e1_baselines_default,circles,svm_linear,9827d3c32f,3,s3_f0,classical,400,100,2,3,0.530000,0.530000,0.591304,0.462800,0.0030,0.0012,18d224d
9b100c9070f7,2026-07-06T16:36:18+00:00,e1_baselines_default,circles,svm_linear,9827d3c32f,3,s3_f1,classical,400,100,2,3,0.460000,0.460000,0.517857,0.430000,0.0028,0.0013,18d224d
cf0e9e8b056d,2026-07-06T16:36:18+00:00,e1_baselines_default,circles,svm_linear,9827d3c32f,3,s3_f2,classical,400,100,2,3,0.500000,0.500000,0.568966,0.427600,0.0029,0.0012,18d224d
65410a0de9a3,2026-07-06T16:36:18+00:00,e1_baselines_default,circles,svm_linear,9827d3c32f,3,s3_f3,classical,400,100,2,3,0.510000,0.510000,0.588235,0.397200,0.0030,0.0013,18d224d
12f99dfbb6cb,2026-07-06T16:36:18+00:00,e1_baselines_default,circles,svm_linear,9827d3c32f,3,s3_f4,classical,400,100,2,3,0.530000,0.530000,0.591304,0.459200,0.0029,0.0013,18d224d
39e44b536c61,2026-07-06T16:36:18+00:00,e1_baselines_default,circles,svm_linear,9827d3c32f,4,s4_f0,classical,400,100,2,3,0.450000,0.450000,0.529915,0.364400,0.0031,0.0013,18d224d
b0c8496d4344,2026-07-06T16:36:18+00:00,e1_baselines_default,circles,svm_linear,9827d3c32f,4,s4_f1,classical,400,100,2,3,0.530000,0.530000,0.598291,0.423600,0.0032,0.0013,18d224d
c4b6a86206e3,2026-07-06T16:36:18+00:00,e1_baselines_default,circles,svm_linear,9827d3c32f,4,s4_f2,classical,400,100,2,3,0.480000,0.480000,0.551724,0.400400,0.0031,0.0013,18d224d
fcbda3024d01,2026-07-06T16:36:18+00:00,e1_baselines_default,circles,svm_linear,9827d3c32f,4,s4_f3,classical,400,100,2,3,0.480000,0.480000,0.527273,0.425200,0.0030,0.0013,18d224d
26b05d4e2a8b,2026-07-06T16:36:18+00:00,e1_baselines_default,circles,svm_linear,9827d3c32f,4,s4_f4,classical,400,100,2,3,0.410000,0.410000,0.448598,0.436800,0.0029,0.0013,18d224d
bd24579412d8,2026-07-06T16:36:21+00:00,e1_baselines_default,circles,svm_rbf,d7d85e543b,0,s0_f0,classical,400,100,2,,0.990000,0.990000,0.990099,1.000000,0.0034,0.0009,18d224d
81265ffc44ab,2026-07-06T16:36:21+00:00,e1_baselines_default,circles,svm_rbf,d7d85e543b,0,s0_f1,classical,400,100,2,,0.990000,0.990000,0.990099,1.000000,0.0019,0.0007,18d224d
6bc8d17fa032,2026-07-06T16:36:21+00:00,e1_baselines_default,circles,svm_rbf,d7d85e543b,0,s0_f2,classical,400,100,2,,1.000000,1.000000,1.000000,1.000000,0.0016,0.0008,18d224d
c85a2b1a1a4b,2026-07-06T16:36:21+00:00,e1_baselines_default,circles,svm_rbf,d7d85e543b,0,s0_f3,classical,400,100,2,,0.970000,0.970000,0.970874,1.000000,0.0016,0.0008,18d224d
c87bb992f47b,2026-07-06T16:36:21+00:00,e1_baselines_default,circles,svm_rbf,d7d85e543b,0,s0_f4,classical,400,100,2,,1.000000,1.000000,1.000000,1.000000,0.0016,0.0007,18d224d
360b951a43de,2026-07-06T16:36:21+00:00,e1_baselines_default,circles,svm_rbf,d7d85e543b,1,s1_f0,classical,400,100,2,,1.000000,1.000000,1.000000,1.000000,0.0017,0.0008,18d224d
af25571afeb9,2026-07-06T16:36:21+00:00,e1_baselines_default,circles,svm_rbf,d7d85e543b,1,s1_f1,classical,400,100,2,,0.990000,0.990000,0.990099,1.000000,0.0017,0.0007,18d224d
2739f9783c70,2026-07-06T16:36:21+00:00,e1_baselines_default,circles,svm_rbf,d7d85e543b,1,s1_f2,classical,400,100,2,,1.000000,1.000000,1.000000,1.000000,0.0018,0.0014,18d224d
c675542be7b2,2026-07-06T16:36:21+00:00,e1_baselines_default,circles,svm_rbf,d7d85e543b,1,s1_f3,classical,400,100,2,,0.970000,0.970000,0.970874,1.000000,0.0017,0.0008,18d224d
a8b636f0ca0a,2026-07-06T16:36:21+00:00,e1_baselines_default,circles,svm_rbf,d7d85e543b,1,s1_f4,classical,400,100,2,,1.000000,1.000000,1.000000,1.000000,0.0018,0.0008,18d224d
6f98781fe7aa,2026-07-06T16:36:21+00:00,e1_baselines_default,circles,svm_rbf,d7d85e543b,2,s2_f0,classical,400,100,2,,0.980000,0.980000,0.980392,1.000000,0.0017,0.0007,18d224d
a1057be06ea3,2026-07-06T16:36:21+00:00,e1_baselines_default,circles,svm_rbf,d7d85e543b,2,s2_f1,classical,400,100,2,,0.990000,0.990000,0.990099,1.000000,0.0016,0.0008,18d224d
4cd7d8819b64,2026-07-06T16:36:21+00:00,e1_baselines_default,circles,svm_rbf,d7d85e543b,2,s2_f2,classical,400,100,2,,0.980000,0.980000,0.980392,0.999600,0.0016,0.0007,18d224d
485127cc33e9,2026-07-06T16:36:21+00:00,e1_baselines_default,circles,svm_rbf,d7d85e543b,2,s2_f3,classical,400,100,2,,1.000000,1.000000,1.000000,1.000000,0.0020,0.0008,18d224d
e3131c5760fb,2026-07-06T16:36:21+00:00,e1_baselines_default,circles,svm_rbf,d7d85e543b,2,s2_f4,classical,400,100,2,,0.980000,0.980000,0.980392,1.000000,0.0018,0.0011,18d224d
a1e6b2772784,2026-07-06T16:36:21+00:00,e1_baselines_default,circles,svm_rbf,d7d85e543b,3,s3_f0,classical,400,100,2,,0.990000,0.990000,0.990099,0.999600,0.0016,0.0008,18d224d
0f16df6d6bf4,2026-07-06T16:36:21+00:00,e1_baselines_default,circles,svm_rbf,d7d85e543b,3,s3_f1,classical,400,100,2,,0.980000,0.980000,0.980392,1.000000,0.0019,0.0007,18d224d
e370aa022c7b,2026-07-06T16:36:21+00:00,e1_baselines_default,circles,svm_rbf,d7d85e543b,3,s3_f2,classical,400,100,2,,1.000000,1.000000,1.000000,1.000000,0.0017,0.0008,18d224d
e1b579d90339,2026-07-06T16:36:21+00:00,e1_baselines_default,circles,svm_rbf,d7d85e543b,3,s3_f3,classical,400,100,2,,1.000000,1.000000,1.000000,1.000000,0.0019,0.0008,18d224d
a7d2f9faebe8,2026-07-06T16:36:21+00:00,e1_baselines_default,circles,svm_rbf,d7d85e543b,3,s3_f4,classical,400,100,2,,1.000000,1.000000,1.000000,1.000000,0.0019,0.0007,18d224d
45d333eccb65,2026-07-06T16:36:21+00:00,e1_baselines_default,circles,svm_rbf,d7d85e543b,4,s4_f0,classical,400,100,2,,0.970000,0.970000,0.970874,1.000000,0.0017,0.0012,18d224d
c7a40fd485b9,2026-07-06T16:36:21+00:00,e1_baselines_default,circles,svm_rbf,d7d85e543b,4,s4_f1,classical,400,100,2,,1.000000,1.000000,1.000000,1.000000,0.0017,0.0008,18d224d
23c62f063068,2026-07-06T16:36:21+00:00,e1_baselines_default,circles,svm_rbf,d7d85e543b,4,s4_f2,classical,400,100,2,,1.000000,1.000000,1.000000,1.000000,0.0015,0.0008,18d224d
b5bc3fb68e51,2026-07-06T16:36:21+00:00,e1_baselines_default,circles,svm_rbf,d7d85e543b,4,s4_f3,classical,400,100,2,,1.000000,1.000000,1.000000,1.000000,0.0017,0.0007,18d224d
372c058e649c,2026-07-06T16:36:21+00:00,e1_baselines_default,circles,svm_rbf,d7d85e543b,4,s4_f4,classical,400,100,2,,1.000000,1.000000,1.000000,1.000000,0.0016,0.0007,18d224d
4ceeb0243c9f,2026-07-06T16:36:24+00:00,e1_baselines_default,circles,xgboost,e774cc22d1,0,s0_f0,classical,400,100,2,,0.970000,0.970000,0.970297,0.997600,0.0145,0.0015,18d224d
9374a196245d,2026-07-06T16:36:24+00:00,e1_baselines_default,circles,xgboost,e774cc22d1,0,s0_f1,classical,400,100,2,,0.990000,0.990000,0.989899,0.997800,0.0121,0.0012,18d224d
d170fa979107,2026-07-06T16:36:24+00:00,e1_baselines_default,circles,xgboost,e774cc22d1,0,s0_f2,classical,400,100,2,,1.000000,1.000000,1.000000,1.000000,0.0121,0.0012,18d224d
1c264c859396,2026-07-06T16:36:24+00:00,e1_baselines_default,circles,xgboost,e774cc22d1,0,s0_f3,classical,400,100,2,,0.980000,0.980000,0.980392,0.998400,0.0116,0.0011,18d224d
21ed947768c1,2026-07-06T16:36:24+00:00,e1_baselines_default,circles,xgboost,e774cc22d1,0,s0_f4,classical,400,100,2,,1.000000,1.000000,1.000000,1.000000,0.0120,0.0011,18d224d
6c94efa90e55,2026-07-06T16:36:24+00:00,e1_baselines_default,circles,xgboost,e774cc22d1,1,s1_f0,classical,400,100,2,,0.970000,0.970000,0.969072,0.996000,0.0118,0.0011,18d224d
d0af56a254bd,2026-07-06T16:36:24+00:00,e1_baselines_default,circles,xgboost,e774cc22d1,1,s1_f1,classical,400,100,2,,0.990000,0.990000,0.990099,0.999200,0.0116,0.0011,18d224d
63a1ceaf0726,2026-07-06T16:36:24+00:00,e1_baselines_default,circles,xgboost,e774cc22d1,1,s1_f2,classical,400,100,2,,0.980000,0.980000,0.980392,0.999600,0.0119,0.0011,18d224d
0168fac51a7d,2026-07-06T16:36:24+00:00,e1_baselines_default,circles,xgboost,e774cc22d1,1,s1_f3,classical,400,100,2,,0.970000,0.970000,0.969697,0.996800,0.0129,0.0011,18d224d
3321da259182,2026-07-06T16:36:24+00:00,e1_baselines_default,circles,xgboost,e774cc22d1,1,s1_f4,classical,400,100,2,,1.000000,1.000000,1.000000,1.000000,0.0118,0.0011,18d224d
0f1fc3b17bef,2026-07-06T16:36:24+00:00,e1_baselines_default,circles,xgboost,e774cc22d1,2,s2_f0,classical,400,100,2,,1.000000,1.000000,1.000000,1.000000,0.0122,0.0011,18d224d
3ee166b79513,2026-07-06T16:36:24+00:00,e1_baselines_default,circles,xgboost,e774cc22d1,2,s2_f1,classical,400,100,2,,1.000000,1.000000,1.000000,1.000000,0.0118,0.0012,18d224d
b6ccbdc028b6,2026-07-06T16:36:24+00:00,e1_baselines_default,circles,xgboost,e774cc22d1,2,s2_f2,classical,400,100,2,,0.960000,0.960000,0.960000,0.991400,0.0110,0.0011,18d224d
316a7934bc7c,2026-07-06T16:36:24+00:00,e1_baselines_default,circles,xgboost,e774cc22d1,2,s2_f3,classical,400,100,2,,1.000000,1.000000,1.000000,1.000000,0.0121,0.0011,18d224d
898d65051e9b,2026-07-06T16:36:24+00:00,e1_baselines_default,circles,xgboost,e774cc22d1,2,s2_f4,classical,400,100,2,,0.990000,0.990000,0.990099,1.000000,0.0119,0.0011,18d224d
13ebf05b46f4,2026-07-06T16:36:24+00:00,e1_baselines_default,circles,xgboost,e774cc22d1,3,s3_f0,classical,400,100,2,,1.000000,1.000000,1.000000,1.000000,0.0119,0.0011,18d224d
e1401023e3d2,2026-07-06T16:36:24+00:00,e1_baselines_default,circles,xgboost,e774cc22d1,3,s3_f1,classical,400,100,2,,0.960000,0.960000,0.959184,0.987000,0.0113,0.0012,18d224d
ad718c2557dc,2026-07-06T16:36:24+00:00,e1_baselines_default,circles,xgboost,e774cc22d1,3,s3_f2,classical,400,100,2,,0.980000,0.980000,0.980000,0.999200,0.0121,0.0012,18d224d
355cb2be170b,2026-07-06T16:36:24+00:00,e1_baselines_default,circles,xgboost,e774cc22d1,3,s3_f3,classical,400,100,2,,0.980000,0.980000,0.980392,1.000000,0.0115,0.0013,18d224d
6c9f8404ecd1,2026-07-06T16:36:24+00:00,e1_baselines_default,circles,xgboost,e774cc22d1,3,s3_f4,classical,400,100,2,,1.000000,1.000000,1.000000,1.000000,0.0121,0.0011,18d224d
8b98f4debddf,2026-07-06T16:36:24+00:00,e1_baselines_default,circles,xgboost,e774cc22d1,4,s4_f0,classical,400,100,2,,0.970000,0.970000,0.970297,0.991800,0.0111,0.0011,18d224d
ca1db4ff5e5c,2026-07-06T16:36:24+00:00,e1_baselines_default,circles,xgboost,e774cc22d1,4,s4_f1,classical,400,100,2,,0.990000,0.990000,0.990099,0.999600,0.0132,0.0012,18d224d
27dbc8a982d3,2026-07-06T16:36:24+00:00,e1_baselines_default,circles,xgboost,e774cc22d1,4,s4_f2,classical,400,100,2,,0.970000,0.970000,0.969697,0.996800,0.0118,0.0011,18d224d
0a20c4962db2,2026-07-06T16:36:24+00:00,e1_baselines_default,circles,xgboost,e774cc22d1,4,s4_f3,classical,400,100,2,,1.000000,1.000000,1.000000,1.000000,0.0121,0.0012,18d224d
4c7b2f03082b,2026-07-06T16:36:24+00:00,e1_baselines_default,circles,xgboost,e774cc22d1,4,s4_f4,classical,400,100,2,,1.000000,1.000000,1.000000,1.000000,0.0120,0.0012,18d224d
2b49e567fcf8,2026-07-06T16:36:27+00:00,e1_baselines_default,digits_3v5,knn,95f180b9ed,0,s0_f0,classical,292,73,64,,0.986301,0.986111,0.985915,0.986111,0.0014,0.0189,18d224d
515afaa8cbbb,2026-07-06T16:36:27+00:00,e1_baselines_default,digits_3v5,knn,95f180b9ed,0,s0_f1,classical,292,73,64,,0.986301,0.986486,0.986301,0.999625,0.0006,0.0025,18d224d
124cae631c70,2026-07-06T16:36:27+00:00,e1_baselines_default,digits_3v5,knn,95f180b9ed,0,s0_f2,classical,292,73,64,,1.000000,1.000000,1.000000,1.000000,0.0005,0.0023,18d224d
c688afb1250c,2026-07-06T16:36:27+00:00,e1_baselines_default,digits_3v5,knn,95f180b9ed,0,s0_f3,classical,292,73,64,,1.000000,1.000000,1.000000,1.000000,0.0005,0.0021,18d224d
083c40105775,2026-07-06T16:36:27+00:00,e1_baselines_default,digits_3v5,knn,95f180b9ed,0,s0_f4,classical,292,73,64,,1.000000,1.000000,1.000000,1.000000,0.0005,0.0020,18d224d
336a27004a36,2026-07-06T16:36:27+00:00,e1_baselines_default,digits_3v5,knn,95f180b9ed,1,s1_f0,classical,292,73,64,,1.000000,1.000000,1.000000,1.000000,0.0006,0.0019,18d224d
fd644ac49c2e,2026-07-06T16:36:27+00:00,e1_baselines_default,digits_3v5,knn,95f180b9ed,1,s1_f1,classical,292,73,64,,1.000000,1.000000,1.000000,1.000000,0.0006,0.0019,18d224d
e3421eb731b1,2026-07-06T16:36:27+00:00,e1_baselines_default,digits_3v5,knn,95f180b9ed,1,s1_f2,classical,292,73,64,,0.986301,0.986111,0.985915,0.986111,0.0007,0.0020,18d224d
b3fb6c202962,2026-07-06T16:36:27+00:00,e1_baselines_default,digits_3v5,knn,95f180b9ed,1,s1_f3,classical,292,73,64,,1.000000,1.000000,1.000000,1.000000,0.0005,0.0021,18d224d
0fe752645345,2026-07-06T16:36:27+00:00,e1_baselines_default,digits_3v5,knn,95f180b9ed,1,s1_f4,classical,292,73,64,,1.000000,1.000000,1.000000,1.000000,0.0005,0.0020,18d224d
878946d682a3,2026-07-06T16:36:27+00:00,e1_baselines_default,digits_3v5,knn,95f180b9ed,2,s2_f0,classical,292,73,64,,1.000000,1.000000,1.000000,1.000000,0.0005,0.0020,18d224d
02ae39376e63,2026-07-06T16:36:27+00:00,e1_baselines_default,digits_3v5,knn,95f180b9ed,2,s2_f1,classical,292,73,64,,0.986301,0.986111,0.985915,1.000000,0.0005,0.0018,18d224d
442e30bc5714,2026-07-06T16:36:27+00:00,e1_baselines_default,digits_3v5,knn,95f180b9ed,2,s2_f2,classical,292,73,64,,0.986301,0.986111,0.985915,0.985736,0.0005,0.0019,18d224d
7540b9f69375,2026-07-06T16:36:27+00:00,e1_baselines_default,digits_3v5,knn,95f180b9ed,2,s2_f3,classical,292,73,64,,1.000000,1.000000,1.000000,1.000000,0.0005,0.0018,18d224d
6b6d11c2c3fd,2026-07-06T16:36:27+00:00,e1_baselines_default,digits_3v5,knn,95f180b9ed,2,s2_f4,classical,292,73,64,,1.000000,1.000000,1.000000,1.000000,0.0006,0.0019,18d224d
6f3e4fc00fda,2026-07-06T16:36:27+00:00,e1_baselines_default,digits_3v5,knn,95f180b9ed,3,s3_f0,classical,292,73,64,,1.000000,1.000000,1.000000,1.000000,0.0005,0.0019,18d224d
0cf745833780,2026-07-06T16:36:27+00:00,e1_baselines_default,digits_3v5,knn,95f180b9ed,3,s3_f1,classical,292,73,64,,1.000000,1.000000,1.000000,1.000000,0.0005,0.0019,18d224d
9892841e1b95,2026-07-06T16:36:27+00:00,e1_baselines_default,digits_3v5,knn,95f180b9ed,3,s3_f2,classical,292,73,64,,1.000000,1.000000,1.000000,1.000000,0.0005,0.0019,18d224d
cc10d2d81db0,2026-07-06T16:36:27+00:00,e1_baselines_default,digits_3v5,knn,95f180b9ed,3,s3_f3,classical,292,73,64,,1.000000,1.000000,1.000000,1.000000,0.0005,0.0019,18d224d
4523ed9cfe10,2026-07-06T16:36:27+00:00,e1_baselines_default,digits_3v5,knn,95f180b9ed,3,s3_f4,classical,292,73,64,,0.972603,0.972598,0.972973,0.986111,0.0005,0.0019,18d224d
d49b4a397c83,2026-07-06T16:36:27+00:00,e1_baselines_default,digits_3v5,knn,95f180b9ed,4,s4_f0,classical,292,73,64,,1.000000,1.000000,1.000000,1.000000,0.0006,0.0019,18d224d
d83e7b37b975,2026-07-06T16:36:27+00:00,e1_baselines_default,digits_3v5,knn,95f180b9ed,4,s4_f1,classical,292,73,64,,1.000000,1.000000,1.000000,1.000000,0.0005,0.0020,18d224d
6db0096fa08e,2026-07-06T16:36:27+00:00,e1_baselines_default,digits_3v5,knn,95f180b9ed,4,s4_f2,classical,292,73,64,,1.000000,1.000000,1.000000,1.000000,0.0005,0.0019,18d224d
6f11cacfe75b,2026-07-06T16:36:27+00:00,e1_baselines_default,digits_3v5,knn,95f180b9ed,4,s4_f3,classical,292,73,64,,0.986301,0.986486,0.986301,0.986111,0.0005,0.0019,18d224d
717861ae9267,2026-07-06T16:36:27+00:00,e1_baselines_default,digits_3v5,knn,95f180b9ed,4,s4_f4,classical,292,73,64,,1.000000,1.000000,1.000000,1.000000,0.0006,0.0018,18d224d
bfc4e675148a,2026-07-06T16:36:30+00:00,e1_baselines_default,digits_3v5,logreg,58286af014,0,s0_f0,classical,292,73,64,65,0.986301,0.986111,0.985915,0.999249,0.0068,0.0005,18d224d
066a0d721c6d,2026-07-06T16:36:30+00:00,e1_baselines_default,digits_3v5,logreg,58286af014,0,s0_f1,classical,292,73,64,65,1.000000,1.000000,1.000000,1.000000,0.0043,0.0004,18d224d
9910273f93ad,2026-07-06T16:36:30+00:00,e1_baselines_default,digits_3v5,logreg,58286af014,0,s0_f2,classical,292,73,64,65,1.000000,1.000000,1.000000,1.000000,0.0042,0.0006,18d224d
3ed95584dabd,2026-07-06T16:36:30+00:00,e1_baselines_default,digits_3v5,logreg,58286af014,0,s0_f3,classical,292,73,64,65,1.000000,1.000000,1.000000,1.000000,0.0066,0.0004,18d224d
38deb7fc9b10,2026-07-06T16:36:30+00:00,e1_baselines_default,digits_3v5,logreg,58286af014,0,s0_f4,classical,292,73,64,65,1.000000,1.000000,1.000000,1.000000,0.0083,0.0005,18d224d
08871d4573e2,2026-07-06T16:36:30+00:00,e1_baselines_default,digits_3v5,logreg,58286af014,1,s1_f0,classical,292,73,64,65,1.000000,1.000000,1.000000,1.000000,0.0044,0.0005,18d224d
9ec2bceab01f,2026-07-06T16:36:30+00:00,e1_baselines_default,digits_3v5,logreg,58286af014,1,s1_f1,classical,292,73,64,65,1.000000,1.000000,1.000000,1.000000,0.0069,0.0005,18d224d
e8a62f8453b7,2026-07-06T16:36:30+00:00,e1_baselines_default,digits_3v5,logreg,58286af014,1,s1_f2,classical,292,73,64,65,0.986301,0.986111,0.985915,1.000000,0.0042,0.0004,18d224d
1ed7f649bf62,2026-07-06T16:36:30+00:00,e1_baselines_default,digits_3v5,logreg,58286af014,1,s1_f3,classical,292,73,64,65,0.986301,0.986111,0.986667,1.000000,0.0055,0.0005,18d224d
4e5f1f0b77bd,2026-07-06T16:36:30+00:00,e1_baselines_default,digits_3v5,logreg,58286af014,1,s1_f4,classical,292,73,64,65,1.000000,1.000000,1.000000,1.000000,0.0040,0.0004,18d224d
480d306ff674,2026-07-06T16:36:30+00:00,e1_baselines_default,digits_3v5,logreg,58286af014,2,s2_f0,classical,292,73,64,65,1.000000,1.000000,1.000000,1.000000,0.0044,0.0006,18d224d
b37d8c84df5b,2026-07-06T16:36:30+00:00,e1_baselines_default,digits_3v5,logreg,58286af014,2,s2_f1,classical,292,73,64,65,0.986301,0.986486,0.986301,1.000000,0.0037,0.0004,18d224d
40c2f811b3bc,2026-07-06T16:36:30+00:00,e1_baselines_default,digits_3v5,logreg,58286af014,2,s2_f2,classical,292,73,64,65,0.986301,0.986111,0.985915,0.999249,0.0040,0.0005,18d224d
ec414a9bcaf1,2026-07-06T16:36:30+00:00,e1_baselines_default,digits_3v5,logreg,58286af014,2,s2_f3,classical,292,73,64,65,1.000000,1.000000,1.000000,1.000000,0.0045,0.0004,18d224d
da0e6ccfac95,2026-07-06T16:36:30+00:00,e1_baselines_default,digits_3v5,logreg,58286af014,2,s2_f4,classical,292,73,64,65,1.000000,1.000000,1.000000,1.000000,0.0040,0.0005,18d224d
e99d5e243faa,2026-07-06T16:36:30+00:00,e1_baselines_default,digits_3v5,logreg,58286af014,3,s3_f0,classical,292,73,64,65,1.000000,1.000000,1.000000,1.000000,0.0056,0.0003,18d224d
7a5371efe684,2026-07-06T16:36:30+00:00,e1_baselines_default,digits_3v5,logreg,58286af014,3,s3_f1,classical,292,73,64,65,0.972603,0.972598,0.972222,0.999249,0.0049,0.0005,18d224d
4a5bc442c347,2026-07-06T16:36:30+00:00,e1_baselines_default,digits_3v5,logreg,58286af014,3,s3_f2,classical,292,73,64,65,0.986301,0.986486,0.986301,1.000000,0.0040,0.0005,18d224d
6dfc2badc0b5,2026-07-06T16:36:30+00:00,e1_baselines_default,digits_3v5,logreg,58286af014,3,s3_f3,classical,292,73,64,65,1.000000,1.000000,1.000000,1.000000,0.0051,0.0006,18d224d
624415bd0358,2026-07-06T16:36:30+00:00,e1_baselines_default,digits_3v5,logreg,58286af014,3,s3_f4,classical,292,73,64,65,0.986301,0.986486,0.986301,0.999249,0.0071,0.0004,18d224d
87972a7444b0,2026-07-06T16:36:30+00:00,e1_baselines_default,digits_3v5,logreg,58286af014,4,s4_f0,classical,292,73,64,65,1.000000,1.000000,1.000000,1.000000,0.0044,0.0005,18d224d
ebf8f6e7d226,2026-07-06T16:36:30+00:00,e1_baselines_default,digits_3v5,logreg,58286af014,4,s4_f1,classical,292,73,64,65,1.000000,1.000000,1.000000,1.000000,0.0066,0.0006,18d224d
f05e016aae07,2026-07-06T16:36:30+00:00,e1_baselines_default,digits_3v5,logreg,58286af014,4,s4_f2,classical,292,73,64,65,1.000000,1.000000,1.000000,1.000000,0.0045,0.0005,18d224d
871f9f9cb60b,2026-07-06T16:36:30+00:00,e1_baselines_default,digits_3v5,logreg,58286af014,4,s4_f3,classical,292,73,64,65,0.972603,0.972973,0.972222,0.998498,0.0045,0.0004,18d224d
c04978967c38,2026-07-06T16:36:30+00:00,e1_baselines_default,digits_3v5,logreg,58286af014,4,s4_f4,classical,292,73,64,65,1.000000,1.000000,1.000000,1.000000,0.0046,0.0005,18d224d
626e2d92e353,2026-07-06T16:36:34+00:00,e1_baselines_default,digits_3v5,mlp,ebe4113b29,0,s0_f0,classical,292,73,64,529,0.972603,0.972598,0.972222,0.996246,0.1547,0.0006,18d224d
9309d6ac8333,2026-07-06T16:36:34+00:00,e1_baselines_default,digits_3v5,mlp,ebe4113b29,0,s0_f1,classical,292,73,64,529,1.000000,1.000000,1.000000,1.000000,0.1789,0.0006,18d224d
3ac4569434bc,2026-07-06T16:36:34+00:00,e1_baselines_default,digits_3v5,mlp,ebe4113b29,0,s0_f2,classical,292,73,64,529,0.986301,0.986486,0.986301,0.999249,0.2127,0.0006,18d224d
7371213f43f6,2026-07-06T16:36:34+00:00,e1_baselines_default,digits_3v5,mlp,ebe4113b29,0,s0_f3,classical,292,73,64,529,0.986301,0.986111,0.986667,1.000000,0.1822,0.0005,18d224d
2d888e74ae4d,2026-07-06T16:36:34+00:00,e1_baselines_default,digits_3v5,mlp,ebe4113b29,0,s0_f4,classical,292,73,64,529,1.000000,1.000000,1.000000,1.000000,0.1829,0.0007,18d224d
7e0b06b5ce1c,2026-07-06T16:36:35+00:00,e1_baselines_default,digits_3v5,mlp,ebe4113b29,1,s1_f0,classical,292,73,64,529,1.000000,1.000000,1.000000,1.000000,0.1924,0.0006,18d224d
c8d24c52e5ff,2026-07-06T16:36:35+00:00,e1_baselines_default,digits_3v5,mlp,ebe4113b29,1,s1_f1,classical,292,73,64,529,1.000000,1.000000,1.000000,1.000000,0.2012,0.0006,18d224d
77c13f20159c,2026-07-06T16:36:35+00:00,e1_baselines_default,digits_3v5,mlp,ebe4113b29,1,s1_f2,classical,292,73,64,529,0.986301,0.986111,0.985915,0.999249,0.1895,0.0005,18d224d
acba71100108,2026-07-06T16:36:35+00:00,e1_baselines_default,digits_3v5,mlp,ebe4113b29,1,s1_f3,classical,292,73,64,529,0.972603,0.972222,0.973684,0.999249,0.1664,0.0006,18d224d
38994d2e99bd,2026-07-06T16:36:35+00:00,e1_baselines_default,digits_3v5,mlp,ebe4113b29,1,s1_f4,classical,292,73,64,529,0.986301,0.986486,0.986301,0.999249,0.1695,0.0006,18d224d
ee1436f2ab9c,2026-07-06T16:36:36+00:00,e1_baselines_default,digits_3v5,mlp,ebe4113b29,2,s2_f0,classical,292,73,64,529,0.986301,0.986486,0.986301,1.000000,0.2485,0.0006,18d224d
aadb21442e89,2026-07-06T16:36:36+00:00,e1_baselines_default,digits_3v5,mlp,ebe4113b29,2,s2_f1,classical,292,73,64,529,0.972603,0.972598,0.972222,0.999249,0.2217,0.0006,18d224d
a2bb9d94e716,2026-07-06T16:36:36+00:00,e1_baselines_default,digits_3v5,mlp,ebe4113b29,2,s2_f2,classical,292,73,64,529,0.972603,0.972598,0.972222,0.996246,0.2392,0.0006,18d224d
09821d7e4c69,2026-07-06T16:36:36+00:00,e1_baselines_default,digits_3v5,mlp,ebe4113b29,2,s2_f3,classical,292,73,64,529,1.000000,1.000000,1.000000,1.000000,0.2871,0.0005,18d224d
d48ede0ade35,2026-07-06T16:36:37+00:00,e1_baselines_default,digits_3v5,mlp,ebe4113b29,2,s2_f4,classical,292,73,64,529,1.000000,1.000000,1.000000,1.000000,0.2554,0.0005,18d224d
6a7031554d0e,2026-07-06T16:36:37+00:00,e1_baselines_default,digits_3v5,mlp,ebe4113b29,3,s3_f0,classical,292,73,64,529,1.000000,1.000000,1.000000,1.000000,0.1456,0.0006,18d224d
12a998b254a0,2026-07-06T16:36:37+00:00,e1_baselines_default,digits_3v5,mlp,ebe4113b29,3,s3_f1,classical,292,73,64,529,1.000000,1.000000,1.000000,1.000000,0.1589,0.0005,18d224d
f96b48e12827,2026-07-06T16:36:37+00:00,e1_baselines_default,digits_3v5,mlp,ebe4113b29,3,s3_f2,classical,292,73,64,529,1.000000,1.000000,1.000000,1.000000,0.1901,0.0006,18d224d
d5bb4897771a,2026-07-06T16:36:37+00:00,e1_baselines_default,digits_3v5,mlp,ebe4113b29,3,s3_f3,classical,292,73,64,529,1.000000,1.000000,1.000000,1.000000,0.1607,0.0005,18d224d
5630952b262c,2026-07-06T16:36:37+00:00,e1_baselines_default,digits_3v5,mlp,ebe4113b29,3,s3_f4,classical,292,73,64,529,0.986301,0.986486,0.986301,0.998498,0.1389,0.0006,18d224d
ebf1a3d688c5,2026-07-06T16:36:38+00:00,e1_baselines_default,digits_3v5,mlp,ebe4113b29,4,s4_f0,classical,292,73,64,529,1.000000,1.000000,1.000000,1.000000,0.1751,0.0006,18d224d
7ad69e5726c8,2026-07-06T16:36:38+00:00,e1_baselines_default,digits_3v5,mlp,ebe4113b29,4,s4_f1,classical,292,73,64,529,1.000000,1.000000,1.000000,1.000000,0.1948,0.0006,18d224d
a96c04c7ef20,2026-07-06T16:36:38+00:00,e1_baselines_default,digits_3v5,mlp,ebe4113b29,4,s4_f2,classical,292,73,64,529,1.000000,1.000000,1.000000,1.000000,0.1823,0.0005,18d224d
739205d91e04,2026-07-06T16:36:38+00:00,e1_baselines_default,digits_3v5,mlp,ebe4113b29,4,s4_f3,classical,292,73,64,529,0.958904,0.959084,0.958904,0.997748,0.1469,0.0005,18d224d
3d511188b818,2026-07-06T16:36:38+00:00,e1_baselines_default,digits_3v5,mlp,ebe4113b29,4,s4_f4,classical,292,73,64,529,0.986301,0.986111,0.986667,1.000000,0.1938,0.0005,18d224d
8174bc6962f5,2026-07-06T16:36:41+00:00,e1_baselines_default,digits_3v5,rf,e6d62bfe5f,0,s0_f0,classical,292,73,64,,0.986301,0.986111,0.985915,0.999249,0.1264,0.0142,18d224d
c2cb619967a4,2026-07-06T16:36:42+00:00,e1_baselines_default,digits_3v5,rf,e6d62bfe5f,0,s0_f1,classical,292,73,64,,0.986301,0.986111,0.985915,0.997748,0.1222,0.0138,18d224d
c4fd1b231968,2026-07-06T16:36:42+00:00,e1_baselines_default,digits_3v5,rf,e6d62bfe5f,0,s0_f2,classical,292,73,64,,1.000000,1.000000,1.000000,1.000000,0.1253,0.0145,18d224d
ce27ccb46410,2026-07-06T16:36:42+00:00,e1_baselines_default,digits_3v5,rf,e6d62bfe5f,0,s0_f3,classical,292,73,64,,1.000000,1.000000,1.000000,1.000000,0.1294,0.0144,18d224d
bcb2f5a29a7e,2026-07-06T16:36:42+00:00,e1_baselines_default,digits_3v5,rf,e6d62bfe5f,0,s0_f4,classical,292,73,64,,1.000000,1.000000,1.000000,1.000000,0.1276,0.0140,18d224d
c190364234e3,2026-07-06T16:36:42+00:00,e1_baselines_default,digits_3v5,rf,e6d62bfe5f,1,s1_f0,classical,292,73,64,,1.000000,1.000000,1.000000,1.000000,0.1420,0.0156,18d224d
d2e8e03487a1,2026-07-06T16:36:42+00:00,e1_baselines_default,digits_3v5,rf,e6d62bfe5f,1,s1_f1,classical,292,73,64,,0.986301,0.986111,0.985915,1.000000,0.1298,0.0139,18d224d
99923f05158c,2026-07-06T16:36:42+00:00,e1_baselines_default,digits_3v5,rf,e6d62bfe5f,1,s1_f2,classical,292,73,64,,0.986301,0.986111,0.985915,0.997372,0.1216,0.0137,18d224d
eeb686a7dc0d,2026-07-06T16:36:43+00:00,e1_baselines_default,digits_3v5,rf,e6d62bfe5f,1,s1_f3,classical,292,73,64,,0.972603,0.972222,0.973684,1.000000,0.1212,0.0143,18d224d
f1b2de13a516,2026-07-06T16:36:43+00:00,e1_baselines_default,digits_3v5,rf,e6d62bfe5f,1,s1_f4,classical,292,73,64,,1.000000,1.000000,1.000000,1.000000,0.1305,0.0150,18d224d
07dd1f96b6ac,2026-07-06T16:36:43+00:00,e1_baselines_default,digits_3v5,rf,e6d62bfe5f,2,s2_f0,classical,292,73,64,,1.000000,1.000000,1.000000,1.000000,0.1330,0.0144,18d224d
6a0d11e6224d,2026-07-06T16:36:43+00:00,e1_baselines_default,digits_3v5,rf,e6d62bfe5f,2,s2_f1,classical,292,73,64,,0.986301,0.986111,0.985915,0.999249,0.1260,0.0136,18d224d
00ce682f7b4c,2026-07-06T16:36:43+00:00,e1_baselines_default,digits_3v5,rf,e6d62bfe5f,2,s2_f2,classical,292,73,64,,0.986301,0.986111,0.985915,0.997748,0.1260,0.0135,18d224d
a721b0a860dd,2026-07-06T16:36:43+00:00,e1_baselines_default,digits_3v5,rf,e6d62bfe5f,2,s2_f3,classical,292,73,64,,1.000000,1.000000,1.000000,1.000000,0.1215,0.0138,18d224d
e518748c3198,2026-07-06T16:36:43+00:00,e1_baselines_default,digits_3v5,rf,e6d62bfe5f,2,s2_f4,classical,292,73,64,,1.000000,1.000000,1.000000,1.000000,0.1234,0.0136,18d224d
021cede394b5,2026-07-06T16:36:44+00:00,e1_baselines_default,digits_3v5,rf,e6d62bfe5f,3,s3_f0,classical,292,73,64,,1.000000,1.000000,1.000000,1.000000,0.1242,0.0134,18d224d
9d157fc35b21,2026-07-06T16:36:44+00:00,e1_baselines_default,digits_3v5,rf,e6d62bfe5f,3,s3_f1,classical,292,73,64,,0.986301,0.986111,0.985915,1.000000,0.1222,0.0136,18d224d
6f51dc7a6f70,2026-07-06T16:36:44+00:00,e1_baselines_default,digits_3v5,rf,e6d62bfe5f,3,s3_f2,classical,292,73,64,,1.000000,1.000000,1.000000,1.000000,0.1221,0.0132,18d224d
2890b27677c4,2026-07-06T16:36:44+00:00,e1_baselines_default,digits_3v5,rf,e6d62bfe5f,3,s3_f3,classical,292,73,64,,1.000000,1.000000,1.000000,1.000000,0.1208,0.0134,18d224d
a1739d31f11f,2026-07-06T16:36:44+00:00,e1_baselines_default,digits_3v5,rf,e6d62bfe5f,3,s3_f4,classical,292,73,64,,0.972603,0.972598,0.972973,0.997748,0.1176,0.0131,18d224d
3219851132a7,2026-07-06T16:36:44+00:00,e1_baselines_default,digits_3v5,rf,e6d62bfe5f,4,s4_f0,classical,292,73,64,,1.000000,1.000000,1.000000,1.000000,0.1174,0.0131,18d224d
44fb6d115c06,2026-07-06T16:36:44+00:00,e1_baselines_default,digits_3v5,rf,e6d62bfe5f,4,s4_f1,classical,292,73,64,,1.000000,1.000000,1.000000,1.000000,0.1276,0.0191,18d224d
1d70c4294539,2026-07-06T16:36:45+00:00,e1_baselines_default,digits_3v5,rf,e6d62bfe5f,4,s4_f2,classical,292,73,64,,1.000000,1.000000,1.000000,1.000000,0.1244,0.0130,18d224d
7e088b0c6eab,2026-07-06T16:36:45+00:00,e1_baselines_default,digits_3v5,rf,e6d62bfe5f,4,s4_f3,classical,292,73,64,,0.958904,0.959084,0.958904,0.998498,0.1181,0.0133,18d224d
913b905942f5,2026-07-06T16:36:45+00:00,e1_baselines_default,digits_3v5,rf,e6d62bfe5f,4,s4_f4,classical,292,73,64,,1.000000,1.000000,1.000000,1.000000,0.1179,0.0133,18d224d
7c63fa65b2dd,2026-07-06T16:36:48+00:00,e1_baselines_default,digits_3v5,svm_linear,4987542438,0,s0_f0,classical,292,73,64,65,0.986301,0.986111,0.985915,1.000000,0.0028,0.0008,18d224d
7501132559f2,2026-07-06T16:36:48+00:00,e1_baselines_default,digits_3v5,svm_linear,4987542438,0,s0_f1,classical,292,73,64,65,1.000000,1.000000,1.000000,1.000000,0.0017,0.0005,18d224d
aa66eb2a82e8,2026-07-06T16:36:48+00:00,e1_baselines_default,digits_3v5,svm_linear,4987542438,0,s0_f2,classical,292,73,64,65,0.986301,0.986486,0.986301,1.000000,0.0016,0.0005,18d224d
9630f8265b17,2026-07-06T16:36:48+00:00,e1_baselines_default,digits_3v5,svm_linear,4987542438,0,s0_f3,classical,292,73,64,65,1.000000,1.000000,1.000000,1.000000,0.0016,0.0005,18d224d
bcd417900d62,2026-07-06T16:36:48+00:00,e1_baselines_default,digits_3v5,svm_linear,4987542438,0,s0_f4,classical,292,73,64,65,1.000000,1.000000,1.000000,1.000000,0.0017,0.0004,18d224d
6252ecc83fe3,2026-07-06T16:36:48+00:00,e1_baselines_default,digits_3v5,svm_linear,4987542438,1,s1_f0,classical,292,73,64,65,0.986301,0.986486,0.986301,1.000000,0.0017,0.0005,18d224d
553ba6083028,2026-07-06T16:36:48+00:00,e1_baselines_default,digits_3v5,svm_linear,4987542438,1,s1_f1,classical,292,73,64,65,1.000000,1.000000,1.000000,1.000000,0.0016,0.0005,18d224d
043e315ccf68,2026-07-06T16:36:48+00:00,e1_baselines_default,digits_3v5,svm_linear,4987542438,1,s1_f2,classical,292,73,64,65,0.986301,0.986111,0.985915,0.999249,0.0017,0.0005,18d224d
503bde9cfcab,2026-07-06T16:36:48+00:00,e1_baselines_default,digits_3v5,svm_linear,4987542438,1,s1_f3,classical,292,73,64,65,0.986301,0.986111,0.986667,1.000000,0.0015,0.0004,18d224d
b6c35309a17a,2026-07-06T16:36:48+00:00,e1_baselines_default,digits_3v5,svm_linear,4987542438,1,s1_f4,classical,292,73,64,65,1.000000,1.000000,1.000000,1.000000,0.0017,0.0004,18d224d
498acbae0f4a,2026-07-06T16:36:48+00:00,e1_baselines_default,digits_3v5,svm_linear,4987542438,2,s2_f0,classical,292,73,64,65,0.986301,0.986111,0.985915,1.000000,0.0016,0.0005,18d224d
ba051ea8a28a,2026-07-06T16:36:48+00:00,e1_baselines_default,digits_3v5,svm_linear,4987542438,2,s2_f1,classical,292,73,64,65,0.986301,0.986486,0.986301,1.000000,0.0016,0.0005,18d224d
826b99a4f51e,2026-07-06T16:36:48+00:00,e1_baselines_default,digits_3v5,svm_linear,4987542438,2,s2_f2,classical,292,73,64,65,0.986301,0.986111,0.985915,0.999249,0.0017,0.0005,18d224d
508aa040b234,2026-07-06T16:36:48+00:00,e1_baselines_default,digits_3v5,svm_linear,4987542438,2,s2_f3,classical,292,73,64,65,1.000000,1.000000,1.000000,1.000000,0.0018,0.0004,18d224d
ad1b33642546,2026-07-06T16:36:48+00:00,e1_baselines_default,digits_3v5,svm_linear,4987542438,2,s2_f4,classical,292,73,64,65,1.000000,1.000000,1.000000,1.000000,0.0018,0.0005,18d224d
349f0681fdc4,2026-07-06T16:36:48+00:00,e1_baselines_default,digits_3v5,svm_linear,4987542438,3,s3_f0,classical,292,73,64,65,1.000000,1.000000,1.000000,1.000000,0.0016,0.0006,18d224d
c2805b59aaf1,2026-07-06T16:36:48+00:00,e1_baselines_default,digits_3v5,svm_linear,4987542438,3,s3_f1,classical,292,73,64,65,0.986301,0.986486,0.986301,0.999249,0.0015,0.0005,18d224d
3f42cb57342a,2026-07-06T16:36:48+00:00,e1_baselines_default,digits_3v5,svm_linear,4987542438,3,s3_f2,classical,292,73,64,65,0.986301,0.986486,0.986301,1.000000,0.0017,0.0007,18d224d
1e55e7ebf3a0,2026-07-06T16:36:48+00:00,e1_baselines_default,digits_3v5,svm_linear,4987542438,3,s3_f3,classical,292,73,64,65,1.000000,1.000000,1.000000,1.000000,0.0019,0.0005,18d224d
ab26d44d00b8,2026-07-06T16:36:48+00:00,e1_baselines_default,digits_3v5,svm_linear,4987542438,3,s3_f4,classical,292,73,64,65,0.986301,0.986486,0.986301,0.999249,0.0016,0.0005,18d224d
09b0e8e98822,2026-07-06T16:36:48+00:00,e1_baselines_default,digits_3v5,svm_linear,4987542438,4,s4_f0,classical,292,73,64,65,0.986301,0.986486,0.986301,1.000000,0.0016,0.0004,18d224d
9a6b4a671f42,2026-07-06T16:36:48+00:00,e1_baselines_default,digits_3v5,svm_linear,4987542438,4,s4_f1,classical,292,73,64,65,1.000000,1.000000,1.000000,1.000000,0.0018,0.0006,18d224d
5361e6524c92,2026-07-06T16:36:48+00:00,e1_baselines_default,digits_3v5,svm_linear,4987542438,4,s4_f2,classical,292,73,64,65,1.000000,1.000000,1.000000,1.000000,0.0018,0.0005,18d224d
8595b7b7e3cc,2026-07-06T16:36:48+00:00,e1_baselines_default,digits_3v5,svm_linear,4987542438,4,s4_f3,classical,292,73,64,65,0.972603,0.972973,0.972222,1.000000,0.0017,0.0006,18d224d
ca581df567e3,2026-07-06T16:36:48+00:00,e1_baselines_default,digits_3v5,svm_linear,4987542438,4,s4_f4,classical,292,73,64,65,1.000000,1.000000,1.000000,1.000000,0.0016,0.0005,18d224d
eef062c04a76,2026-07-06T16:36:51+00:00,e1_baselines_default,digits_3v5,svm_rbf,d3a67f9258,0,s0_f0,classical,292,73,64,,0.986301,0.986111,0.985915,0.999249,0.0028,0.0010,18d224d
2caefa2a0e27,2026-07-06T16:36:51+00:00,e1_baselines_default,digits_3v5,svm_rbf,d3a67f9258,0,s0_f1,classical,292,73,64,,0.972603,0.972598,0.972222,0.999249,0.0019,0.0010,18d224d
dbf1c07310da,2026-07-06T16:36:51+00:00,e1_baselines_default,digits_3v5,svm_rbf,d3a67f9258,0,s0_f2,classical,292,73,64,,1.000000,1.000000,1.000000,1.000000,0.0018,0.0010,18d224d
a03ebee58cdc,2026-07-06T16:36:51+00:00,e1_baselines_default,digits_3v5,svm_rbf,d3a67f9258,0,s0_f3,classical,292,73,64,,1.000000,1.000000,1.000000,1.000000,0.0020,0.0010,18d224d
0e92c4a370f3,2026-07-06T16:36:51+00:00,e1_baselines_default,digits_3v5,svm_rbf,d3a67f9258,0,s0_f4,classical,292,73,64,,1.000000,1.000000,1.000000,1.000000,0.0021,0.0009,18d224d
8aca578a73d2,2026-07-06T16:36:51+00:00,e1_baselines_default,digits_3v5,svm_rbf,d3a67f9258,1,s1_f0,classical,292,73,64,,1.000000,1.000000,1.000000,1.000000,0.0020,0.0009,18d224d
1fe12a274497,2026-07-06T16:36:51+00:00,e1_baselines_default,digits_3v5,svm_rbf,d3a67f9258,1,s1_f1,classical,292,73,64,,0.986301,0.986111,0.985915,1.000000,0.0020,0.0010,18d224d
449fd5f2fdaf,2026-07-06T16:36:51+00:00,e1_baselines_default,digits_3v5,svm_rbf,d3a67f9258,1,s1_f2,classical,292,73,64,,0.986301,0.986111,0.985915,0.999249,0.0019,0.0010,18d224d
9b4d807a8a18,2026-07-06T16:36:51+00:00,e1_baselines_default,digits_3v5,svm_rbf,d3a67f9258,1,s1_f3,classical,292,73,64,,0.972603,0.972222,0.973684,1.000000,0.0018,0.0009,18d224d
8dcfd517574f,2026-07-06T16:36:51+00:00,e1_baselines_default,digits_3v5,svm_rbf,d3a67f9258,1,s1_f4,classical,292,73,64,,1.000000,1.000000,1.000000,1.000000,0.0018,0.0009,18d224d
c62e5a94b3f1,2026-07-06T16:36:51+00:00,e1_baselines_default,digits_3v5,svm_rbf,d3a67f9258,2,s2_f0,classical,292,73,64,,1.000000,1.000000,1.000000,1.000000,0.0019,0.0009,18d224d
5c4c5d0e07db,2026-07-06T16:36:51+00:00,e1_baselines_default,digits_3v5,svm_rbf,d3a67f9258,2,s2_f1,classical,292,73,64,,0.986301,0.986111,0.985915,1.000000,0.0020,0.0009,18d224d
0b40a7970d8a,2026-07-06T16:36:51+00:00,e1_baselines_default,digits_3v5,svm_rbf,d3a67f9258,2,s2_f2,classical,292,73,64,,0.986301,0.986111,0.985915,0.999249,0.0019,0.0009,18d224d
1de607efec0c,2026-07-06T16:36:51+00:00,e1_baselines_default,digits_3v5,svm_rbf,d3a67f9258,2,s2_f3,classical,292,73,64,,1.000000,1.000000,1.000000,1.000000,0.0018,0.0009,18d224d
55711884246e,2026-07-06T16:36:51+00:00,e1_baselines_default,digits_3v5,svm_rbf,d3a67f9258,2,s2_f4,classical,292,73,64,,1.000000,1.000000,1.000000,1.000000,0.0020,0.0010,18d224d
9c052e7f45fc,2026-07-06T16:36:51+00:00,e1_baselines_default,digits_3v5,svm_rbf,d3a67f9258,3,s3_f0,classical,292,73,64,,1.000000,1.000000,1.000000,1.000000,0.0020,0.0009,18d224d
76292845eb6b,2026-07-06T16:36:51+00:00,e1_baselines_default,digits_3v5,svm_rbf,d3a67f9258,3,s3_f1,classical,292,73,64,,0.986301,0.986111,0.985915,1.000000,0.0021,0.0010,18d224d
2416315e3783,2026-07-06T16:36:51+00:00,e1_baselines_default,digits_3v5,svm_rbf,d3a67f9258,3,s3_f2,classical,292,73,64,,0.986301,0.986486,0.986301,1.000000,0.0019,0.0009,18d224d
4d1fb744b892,2026-07-06T16:36:51+00:00,e1_baselines_default,digits_3v5,svm_rbf,d3a67f9258,3,s3_f3,classical,292,73,64,,1.000000,1.000000,1.000000,1.000000,0.0018,0.0009,18d224d
670fb664a38f,2026-07-06T16:36:51+00:00,e1_baselines_default,digits_3v5,svm_rbf,d3a67f9258,3,s3_f4,classical,292,73,64,,0.972603,0.972598,0.972973,0.999249,0.0018,0.0008,18d224d
ffd70504286d,2026-07-06T16:36:51+00:00,e1_baselines_default,digits_3v5,svm_rbf,d3a67f9258,4,s4_f0,classical,292,73,64,,1.000000,1.000000,1.000000,1.000000,0.0018,0.0009,18d224d
8520d3337a63,2026-07-06T16:36:51+00:00,e1_baselines_default,digits_3v5,svm_rbf,d3a67f9258,4,s4_f1,classical,292,73,64,,1.000000,1.000000,1.000000,1.000000,0.0020,0.0009,18d224d
e8bbf7484bf3,2026-07-06T16:36:51+00:00,e1_baselines_default,digits_3v5,svm_rbf,d3a67f9258,4,s4_f2,classical,292,73,64,,1.000000,1.000000,1.000000,1.000000,0.0018,0.0009,18d224d
ac66e0c6a3ff,2026-07-06T16:36:51+00:00,e1_baselines_default,digits_3v5,svm_rbf,d3a67f9258,4,s4_f3,classical,292,73,64,,0.972603,0.972973,0.972222,0.999249,0.0019,0.0009,18d224d
2d787b960aaf,2026-07-06T16:36:51+00:00,e1_baselines_default,digits_3v5,svm_rbf,d3a67f9258,4,s4_f4,classical,292,73,64,,1.000000,1.000000,1.000000,1.000000,0.0019,0.0009,18d224d
267006310ca7,2026-07-06T16:36:54+00:00,e1_baselines_default,digits_3v5,xgboost,6a1f1814da,0,s0_f0,classical,292,73,64,,0.986301,0.986111,0.985915,1.000000,0.0167,0.0016,18d224d
75ae86980f3e,2026-07-06T16:36:54+00:00,e1_baselines_default,digits_3v5,xgboost,6a1f1814da,0,s0_f1,classical,292,73,64,,0.958904,0.959084,0.958904,0.993994,0.0139,0.0013,18d224d
0463047724d4,2026-07-06T16:36:54+00:00,e1_baselines_default,digits_3v5,xgboost,6a1f1814da,0,s0_f2,classical,292,73,64,,0.972603,0.972598,0.972222,0.999249,0.0130,0.0012,18d224d
aaada7b048a7,2026-07-06T16:36:54+00:00,e1_baselines_default,digits_3v5,xgboost,6a1f1814da,0,s0_f3,classical,292,73,64,,1.000000,1.000000,1.000000,1.000000,0.0131,0.0012,18d224d
0cb6b4346f95,2026-07-06T16:36:54+00:00,e1_baselines_default,digits_3v5,xgboost,6a1f1814da,0,s0_f4,classical,292,73,64,,1.000000,1.000000,1.000000,1.000000,0.0132,0.0012,18d224d
80434ee1f9a0,2026-07-06T16:36:54+00:00,e1_baselines_default,digits_3v5,xgboost,6a1f1814da,1,s1_f0,classical,292,73,64,,0.986301,0.986111,0.985915,1.000000,0.0123,0.0012,18d224d
5618b7884b5d,2026-07-06T16:36:54+00:00,e1_baselines_default,digits_3v5,xgboost,6a1f1814da,1,s1_f1,classical,292,73,64,,0.972603,0.972598,0.972222,0.999249,0.0124,0.0012,18d224d
f3f34c5881d5,2026-07-06T16:36:54+00:00,e1_baselines_default,digits_3v5,xgboost,6a1f1814da,1,s1_f2,classical,292,73,64,,0.972603,0.972598,0.972222,0.999249,0.0116,0.0011,18d224d
e1c4e44079b6,2026-07-06T16:36:54+00:00,e1_baselines_default,digits_3v5,xgboost,6a1f1814da,1,s1_f3,classical,292,73,64,,1.000000,1.000000,1.000000,1.000000,0.0120,0.0012,18d224d
239189bfe654,2026-07-06T16:36:54+00:00,e1_baselines_default,digits_3v5,xgboost,6a1f1814da,1,s1_f4,classical,292,73,64,,0.986301,0.986111,0.986667,1.000000,0.0119,0.0011,18d224d
1a64e5594faf,2026-07-06T16:36:54+00:00,e1_baselines_default,digits_3v5,xgboost,6a1f1814da,2,s2_f0,classical,292,73,64,,0.986301,0.986111,0.985915,1.000000,0.0118,0.0011,18d224d
deed74982c81,2026-07-06T16:36:54+00:00,e1_baselines_default,digits_3v5,xgboost,6a1f1814da,2,s2_f1,classical,292,73,64,,0.986301,0.986111,0.985915,0.998498,0.0122,0.0012,18d224d
968a7d04dbf4,2026-07-06T16:36:54+00:00,e1_baselines_default,digits_3v5,xgboost,6a1f1814da,2,s2_f2,classical,292,73,64,,0.986301,0.986111,0.985915,1.000000,0.0120,0.0010,18d224d
23bd9e8dcf3d,2026-07-06T16:36:54+00:00,e1_baselines_default,digits_3v5,xgboost,6a1f1814da,2,s2_f3,classical,292,73,64,,0.986301,0.986111,0.986667,1.000000,0.0115,0.0011,18d224d
2140e88c4829,2026-07-06T16:36:54+00:00,e1_baselines_default,digits_3v5,xgboost,6a1f1814da,2,s2_f4,classical,292,73,64,,1.000000,1.000000,1.000000,1.000000,0.0118,0.0011,18d224d
ef04b396413f,2026-07-06T16:36:54+00:00,e1_baselines_default,digits_3v5,xgboost,6a1f1814da,3,s3_f0,classical,292,73,64,,0.986301,0.986111,0.985915,1.000000,0.0120,0.0011,18d224d
2a24a1a20f9e,2026-07-06T16:36:54+00:00,e1_baselines_default,digits_3v5,xgboost,6a1f1814da,3,s3_f1,classical,292,73,64,,0.986301,0.986111,0.985915,1.000000,0.0118,0.0011,18d224d
057ef33d9dce,2026-07-06T16:36:54+00:00,e1_baselines_default,digits_3v5,xgboost,6a1f1814da,3,s3_f2,classical,292,73,64,,0.958904,0.959459,0.960000,1.000000,0.0115,0.0010,18d224d
46f0b058a224,2026-07-06T16:36:54+00:00,e1_baselines_default,digits_3v5,xgboost,6a1f1814da,3,s3_f3,classical,292,73,64,,0.958904,0.958709,0.960000,0.998498,0.0122,0.0013,18d224d
7eea52293f7d,2026-07-06T16:36:54+00:00,e1_baselines_default,digits_3v5,xgboost,6a1f1814da,3,s3_f4,classical,292,73,64,,0.986301,0.986486,0.986301,1.000000,0.0120,0.0010,18d224d
cc40d720a0f7,2026-07-06T16:36:54+00:00,e1_baselines_default,digits_3v5,xgboost,6a1f1814da,4,s4_f0,classical,292,73,64,,0.945205,0.945571,0.945946,0.996246,0.0115,0.0011,18d224d
fa4ac0c5509f,2026-07-06T16:36:54+00:00,e1_baselines_default,digits_3v5,xgboost,6a1f1814da,4,s4_f1,classical,292,73,64,,1.000000,1.000000,1.000000,1.000000,0.0119,0.0011,18d224d
9c388f43a27c,2026-07-06T16:36:54+00:00,e1_baselines_default,digits_3v5,xgboost,6a1f1814da,4,s4_f2,classical,292,73,64,,1.000000,1.000000,1.000000,1.000000,0.0118,0.0011,18d224d
b4ba3862c6db,2026-07-06T16:36:54+00:00,e1_baselines_default,digits_3v5,xgboost,6a1f1814da,4,s4_f3,classical,292,73,64,,0.972603,0.972973,0.972222,0.998498,0.0120,0.0011,18d224d
3528f40c5ab8,2026-07-06T16:36:54+00:00,e1_baselines_default,digits_3v5,xgboost,6a1f1814da,4,s4_f4,classical,292,73,64,,1.000000,1.000000,1.000000,1.000000,0.0123,0.0011,18d224d
9e7443e96165,2026-07-06T16:36:57+00:00,e1_baselines_default,iris_binary,knn,4f4b093594,0,s0_f0,classical,80,20,4,,0.900000,0.900000,0.900000,0.990000,0.0014,0.0025,18d224d
16c360942d8b,2026-07-06T16:36:57+00:00,e1_baselines_default,iris_binary,knn,4f4b093594,0,s0_f1,classical,80,20,4,,0.950000,0.950000,0.952381,0.995000,0.0006,0.0019,18d224d
4ef8aa8a585c,2026-07-06T16:36:57+00:00,e1_baselines_default,iris_binary,knn,4f4b093594,0,s0_f2,classical,80,20,4,,0.950000,0.950000,0.947368,1.000000,0.0007,0.0017,18d224d
b004d16f721f,2026-07-06T16:36:57+00:00,e1_baselines_default,iris_binary,knn,4f4b093594,0,s0_f3,classical,80,20,4,,0.950000,0.950000,0.952381,1.000000,0.0006,0.0018,18d224d
c28356086c5c,2026-07-06T16:36:57+00:00,e1_baselines_default,iris_binary,knn,4f4b093594,0,s0_f4,classical,80,20,4,,0.900000,0.900000,0.900000,0.980000,0.0007,0.0017,18d224d
a57316b12328,2026-07-06T16:36:57+00:00,e1_baselines_default,iris_binary,knn,4f4b093594,1,s1_f0,classical,80,20,4,,0.950000,0.950000,0.947368,1.000000,0.0006,0.0017,18d224d
3e4e7194b5ed,2026-07-06T16:36:57+00:00,e1_baselines_default,iris_binary,knn,4f4b093594,1,s1_f1,classical,80,20,4,,0.950000,0.950000,0.952381,0.995000,0.0006,0.0016,18d224d
b30b5abd318d,2026-07-06T16:36:57+00:00,e1_baselines_default,iris_binary,knn,4f4b093594,1,s1_f2,classical,80,20,4,,0.900000,0.900000,0.888889,0.950000,0.0006,0.0017,18d224d
d2802a69b0b9,2026-07-06T16:36:57+00:00,e1_baselines_default,iris_binary,knn,4f4b093594,1,s1_f3,classical,80,20,4,,0.950000,0.950000,0.947368,1.000000,0.0006,0.0017,18d224d
1245e24833d3,2026-07-06T16:36:57+00:00,e1_baselines_default,iris_binary,knn,4f4b093594,1,s1_f4,classical,80,20,4,,0.950000,0.950000,0.952381,1.000000,0.0006,0.0017,18d224d
469bf91d3f04,2026-07-06T16:36:57+00:00,e1_baselines_default,iris_binary,knn,4f4b093594,2,s2_f0,classical,80,20,4,,1.000000,1.000000,1.000000,1.000000,0.0006,0.0016,18d224d
1ab813fd17e9,2026-07-06T16:36:57+00:00,e1_baselines_default,iris_binary,knn,4f4b093594,2,s2_f1,classical,80,20,4,,0.950000,0.950000,0.952381,1.000000,0.0006,0.0016,18d224d
95926ee9123a,2026-07-06T16:36:57+00:00,e1_baselines_default,iris_binary,knn,4f4b093594,2,s2_f2,classical,80,20,4,,0.900000,0.900000,0.900000,0.990000,0.0006,0.0017,18d224d
b97742af9156,2026-07-06T16:36:57+00:00,e1_baselines_default,iris_binary,knn,4f4b093594,2,s2_f3,classical,80,20,4,,0.850000,0.850000,0.842105,0.965000,0.0007,0.0016,18d224d
3836753d67f6,2026-07-06T16:36:57+00:00,e1_baselines_default,iris_binary,knn,4f4b093594,2,s2_f4,classical,80,20,4,,0.950000,0.950000,0.947368,0.940000,0.0006,0.0017,18d224d
3c85bed41261,2026-07-06T16:36:57+00:00,e1_baselines_default,iris_binary,knn,4f4b093594,3,s3_f0,classical,80,20,4,,0.850000,0.850000,0.857143,0.980000,0.0006,0.0015,18d224d
a6dc70cee2fa,2026-07-06T16:36:57+00:00,e1_baselines_default,iris_binary,knn,4f4b093594,3,s3_f1,classical,80,20,4,,0.950000,0.950000,0.947368,1.000000,0.0006,0.0017,18d224d
f91a0f61a17d,2026-07-06T16:36:57+00:00,e1_baselines_default,iris_binary,knn,4f4b093594,3,s3_f2,classical,80,20,4,,0.950000,0.950000,0.952381,0.990000,0.0006,0.0018,18d224d
a8ecf387ff0a,2026-07-06T16:36:57+00:00,e1_baselines_default,iris_binary,knn,4f4b093594,3,s3_f3,classical,80,20,4,,1.000000,1.000000,1.000000,1.000000,0.0006,0.0018,18d224d
8d0a3de49f48,2026-07-06T16:36:57+00:00,e1_baselines_default,iris_binary,knn,4f4b093594,3,s3_f4,classical,80,20,4,,0.900000,0.900000,0.888889,0.950000,0.0006,0.0016,18d224d
8926abde280c,2026-07-06T16:36:57+00:00,e1_baselines_default,iris_binary,knn,4f4b093594,4,s4_f0,classical,80,20,4,,0.950000,0.950000,0.947368,1.000000,0.0006,0.0016,18d224d
f87026972c80,2026-07-06T16:36:57+00:00,e1_baselines_default,iris_binary,knn,4f4b093594,4,s4_f1,classical,80,20,4,,0.850000,0.850000,0.857143,0.980000,0.0006,0.0016,18d224d
f26e8602487b,2026-07-06T16:36:57+00:00,e1_baselines_default,iris_binary,knn,4f4b093594,4,s4_f2,classical,80,20,4,,1.000000,1.000000,1.000000,1.000000,0.0006,0.0016,18d224d
94333904b535,2026-07-06T16:36:57+00:00,e1_baselines_default,iris_binary,knn,4f4b093594,4,s4_f3,classical,80,20,4,,0.950000,0.950000,0.947368,0.945000,0.0006,0.0015,18d224d
216f5b15746e,2026-07-06T16:36:57+00:00,e1_baselines_default,iris_binary,knn,4f4b093594,4,s4_f4,classical,80,20,4,,0.900000,0.900000,0.900000,0.975000,0.0006,0.0016,18d224d
543bd318693d,2026-07-06T16:37:00+00:00,e1_baselines_default,iris_binary,logreg,327c889ad3,0,s0_f0,classical,80,20,4,5,0.900000,0.900000,0.900000,0.990000,0.0049,0.0005,18d224d
c3baa6783046,2026-07-06T16:37:00+00:00,e1_baselines_default,iris_binary,logreg,327c889ad3,0,s0_f1,classical,80,20,4,5,0.950000,0.950000,0.952381,1.000000,0.0030,0.0004,18d224d
b002c2f64b7a,2026-07-06T16:37:00+00:00,e1_baselines_default,iris_binary,logreg,327c889ad3,0,s0_f2,classical,80,20,4,5,1.000000,1.000000,1.000000,1.000000,0.0031,0.0003,18d224d
9192c1f751e6,2026-07-06T16:37:00+00:00,e1_baselines_default,iris_binary,logreg,327c889ad3,0,s0_f3,classical,80,20,4,5,1.000000,1.000000,1.000000,1.000000,0.0027,0.0003,18d224d
d00f21a13652,2026-07-06T16:37:00+00:00,e1_baselines_default,iris_binary,logreg,327c889ad3,0,s0_f4,classical,80,20,4,5,0.900000,0.900000,0.900000,0.980000,0.0030,0.0003,18d224d
7a9ead1ab16f,2026-07-06T16:37:00+00:00,e1_baselines_default,iris_binary,logreg,327c889ad3,1,s1_f0,classical,80,20,4,5,0.950000,0.950000,0.947368,1.000000,0.0031,0.0003,18d224d
1fb4062ba624,2026-07-06T16:37:00+00:00,e1_baselines_default,iris_binary,logreg,327c889ad3,1,s1_f1,classical,80,20,4,5,0.900000,0.900000,0.909091,1.000000,0.0030,0.0003,18d224d
5a9909980745,2026-07-06T16:37:00+00:00,e1_baselines_default,iris_binary,logreg,327c889ad3,1,s1_f2,classical,80,20,4,5,0.900000,0.900000,0.888889,1.000000,0.0032,0.0004,18d224d
149039fb6ce4,2026-07-06T16:37:00+00:00,e1_baselines_default,iris_binary,logreg,327c889ad3,1,s1_f3,classical,80,20,4,5,1.000000,1.000000,1.000000,1.000000,0.0027,0.0003,18d224d
472429652f51,2026-07-06T16:37:00+00:00,e1_baselines_default,iris_binary,logreg,327c889ad3,1,s1_f4,classical,80,20,4,5,0.950000,0.950000,0.952381,1.000000,0.0029,0.0003,18d224d
95b6958fd993,2026-07-06T16:37:00+00:00,e1_baselines_default,iris_binary,logreg,327c889ad3,2,s2_f0,classical,80,20,4,5,1.000000,1.000000,1.000000,1.000000,0.0029,0.0003,18d224d
8069dda16087,2026-07-06T16:37:00+00:00,e1_baselines_default,iris_binary,logreg,327c889ad3,2,s2_f1,classical,80,20,4,5,0.950000,0.950000,0.952381,1.000000,0.0025,0.0004,18d224d
4e5a0c752d85,2026-07-06T16:37:00+00:00,e1_baselines_default,iris_binary,logreg,327c889ad3,2,s2_f2,classical,80,20,4,5,0.950000,0.950000,0.952381,0.990000,0.0028,0.0003,18d224d
2c9c55bbe265,2026-07-06T16:37:00+00:00,e1_baselines_default,iris_binary,logreg,327c889ad3,2,s2_f3,classical,80,20,4,5,0.850000,0.850000,0.842105,0.980000,0.0030,0.0003,18d224d
26ee5438d18f,2026-07-06T16:37:00+00:00,e1_baselines_default,iris_binary,logreg,327c889ad3,2,s2_f4,classical,80,20,4,5,0.950000,0.950000,0.947368,1.000000,0.0026,0.0003,18d224d
686ab4533ca2,2026-07-06T16:37:00+00:00,e1_baselines_default,iris_binary,logreg,327c889ad3,3,s3_f0,classical,80,20,4,5,0.850000,0.850000,0.857143,0.980000,0.0030,0.0003,18d224d
3005dff36d3c,2026-07-06T16:37:00+00:00,e1_baselines_default,iris_binary,logreg,327c889ad3,3,s3_f1,classical,80,20,4,5,1.000000,1.000000,1.000000,1.000000,0.0028,0.0003,18d224d
8529d6da25f4,2026-07-06T16:37:00+00:00,e1_baselines_default,iris_binary,logreg,327c889ad3,3,s3_f2,classical,80,20,4,5,0.950000,0.950000,0.952381,1.000000,0.0029,0.0003,18d224d
8b55aff046ad,2026-07-06T16:37:00+00:00,e1_baselines_default,iris_binary,logreg,327c889ad3,3,s3_f3,classical,80,20,4,5,1.000000,1.000000,1.000000,1.000000,0.0032,0.0003,18d224d
38c100b4fc13,2026-07-06T16:37:00+00:00,e1_baselines_default,iris_binary,logreg,327c889ad3,3,s3_f4,classical,80,20,4,5,0.900000,0.900000,0.888889,1.000000,0.0031,0.0003,18d224d
403bd44a7b49,2026-07-06T16:37:00+00:00,e1_baselines_default,iris_binary,logreg,327c889ad3,4,s4_f0,classical,80,20,4,5,1.000000,1.000000,1.000000,1.000000,0.0031,0.0003,18d224d
38f27e64b1c2,2026-07-06T16:37:00+00:00,e1_baselines_default,iris_binary,logreg,327c889ad3,4,s4_f1,classical,80,20,4,5,0.900000,0.900000,0.900000,0.990000,0.0031,0.0003,18d224d
6df47acfaec2,2026-07-06T16:37:00+00:00,e1_baselines_default,iris_binary,logreg,327c889ad3,4,s4_f2,classical,80,20,4,5,1.000000,1.000000,1.000000,1.000000,0.0029,0.0003,18d224d
fcc7c11ccc6c,2026-07-06T16:37:00+00:00,e1_baselines_default,iris_binary,logreg,327c889ad3,4,s4_f3,classical,80,20,4,5,0.900000,0.900000,0.900000,0.990000,0.0028,0.0003,18d224d
bdc8adbfcdfb,2026-07-06T16:37:00+00:00,e1_baselines_default,iris_binary,logreg,327c889ad3,4,s4_f4,classical,80,20,4,5,0.950000,0.950000,0.952381,0.990000,0.0031,0.0003,18d224d
88d986e51377,2026-07-06T16:37:03+00:00,e1_baselines_default,iris_binary,mlp,6ff7394aba,0,s0_f0,classical,80,20,4,49,1.000000,1.000000,1.000000,1.000000,0.2445,0.0006,18d224d
d649f4f564b4,2026-07-06T16:37:03+00:00,e1_baselines_default,iris_binary,mlp,6ff7394aba,0,s0_f1,classical,80,20,4,49,0.950000,0.950000,0.952381,0.990000,0.2457,0.0005,18d224d
2857ee24da98,2026-07-06T16:37:04+00:00,e1_baselines_default,iris_binary,mlp,6ff7394aba,0,s0_f2,classical,80,20,4,49,1.000000,1.000000,1.000000,1.000000,0.2517,0.0005,18d224d
faf627d0bb0c,2026-07-06T16:37:04+00:00,e1_baselines_default,iris_binary,mlp,6ff7394aba,0,s0_f3,classical,80,20,4,49,0.950000,0.950000,0.952381,1.000000,0.2746,0.0005,18d224d
69b72e97d10d,2026-07-06T16:37:04+00:00,e1_baselines_default,iris_binary,mlp,6ff7394aba,0,s0_f4,classical,80,20,4,49,0.900000,0.900000,0.900000,0.980000,0.2932,0.0006,18d224d
c5310ed8f59e,2026-07-06T16:37:04+00:00,e1_baselines_default,iris_binary,mlp,6ff7394aba,1,s1_f0,classical,80,20,4,49,1.000000,1.000000,1.000000,1.000000,0.1927,0.0005,18d224d
6bdacdf92184,2026-07-06T16:37:05+00:00,e1_baselines_default,iris_binary,mlp,6ff7394aba,1,s1_f1,classical,80,20,4,49,0.900000,0.900000,0.909091,0.990000,0.2199,0.0006,18d224d
f6c0b335446f,2026-07-06T16:37:05+00:00,e1_baselines_default,iris_binary,mlp,6ff7394aba,1,s1_f2,classical,80,20,4,49,0.900000,0.900000,0.900000,0.990000,0.2354,0.0005,18d224d
9bbf7ba007dc,2026-07-06T16:37:05+00:00,e1_baselines_default,iris_binary,mlp,6ff7394aba,1,s1_f3,classical,80,20,4,49,0.950000,0.950000,0.947368,1.000000,0.2137,0.0005,18d224d
827bd1f3214f,2026-07-06T16:37:05+00:00,e1_baselines_default,iris_binary,mlp,6ff7394aba,1,s1_f4,classical,80,20,4,49,0.900000,0.900000,0.909091,1.000000,0.2159,0.0006,18d224d
cb7d66ae079d,2026-07-06T16:37:05+00:00,e1_baselines_default,iris_binary,mlp,6ff7394aba,2,s2_f0,classical,80,20,4,49,1.000000,1.000000,1.000000,1.000000,0.2506,0.0006,18d224d
25f9742ac542,2026-07-06T16:37:06+00:00,e1_baselines_default,iris_binary,mlp,6ff7394aba,2,s2_f1,classical,80,20,4,49,1.000000,1.000000,1.000000,1.000000,0.2660,0.0004,18d224d
5eeb27cf2b6d,2026-07-06T16:37:06+00:00,e1_baselines_default,iris_binary,mlp,6ff7394aba,2,s2_f2,classical,80,20,4,49,0.900000,0.900000,0.909091,1.000000,0.2597,0.0006,18d224d
149ef6fe2946,2026-07-06T16:37:06+00:00,e1_baselines_default,iris_binary,mlp,6ff7394aba,2,s2_f3,classical,80,20,4,49,0.900000,0.900000,0.909091,1.000000,0.2679,0.0006,18d224d
3cb332713897,2026-07-06T16:37:07+00:00,e1_baselines_default,iris_binary,mlp,6ff7394aba,2,s2_f4,classical,80,20,4,49,0.950000,0.950000,0.947368,1.000000,0.2847,0.0006,18d224d
b1f7fd2b4dca,2026-07-06T16:37:07+00:00,e1_baselines_default,iris_binary,mlp,6ff7394aba,3,s3_f0,classical,80,20,4,49,0.950000,0.950000,0.952381,1.000000,0.2364,0.0005,18d224d
c3436495884b,2026-07-06T16:37:07+00:00,e1_baselines_default,iris_binary,mlp,6ff7394aba,3,s3_f1,classical,80,20,4,49,1.000000,1.000000,1.000000,1.000000,0.2088,0.0005,18d224d
2208d221d5e6,2026-07-06T16:37:07+00:00,e1_baselines_default,iris_binary,mlp,6ff7394aba,3,s3_f2,classical,80,20,4,49,0.900000,0.900000,0.909091,0.990000,0.2215,0.0005,18d224d
2d538a803e08,2026-07-06T16:37:08+00:00,e1_baselines_default,iris_binary,mlp,6ff7394aba,3,s3_f3,classical,80,20,4,49,0.950000,0.950000,0.952381,0.990000,0.2155,0.0005,18d224d
2291b2c5baf9,2026-07-06T16:37:08+00:00,e1_baselines_default,iris_binary,mlp,6ff7394aba,3,s3_f4,classical,80,20,4,49,0.900000,0.900000,0.888889,1.000000,0.2189,0.0005,18d224d
90da091b8215,2026-07-06T16:37:08+00:00,e1_baselines_default,iris_binary,mlp,6ff7394aba,4,s4_f0,classical,80,20,4,49,1.000000,1.000000,1.000000,1.000000,0.2513,0.0005,18d224d
2fed33b06a13,2026-07-06T16:37:08+00:00,e1_baselines_default,iris_binary,mlp,6ff7394aba,4,s4_f1,classical,80,20,4,49,0.900000,0.900000,0.909091,1.000000,0.2578,0.0005,18d224d
3966d082ad4c,2026-07-06T16:37:09+00:00,e1_baselines_default,iris_binary,mlp,6ff7394aba,4,s4_f2,classical,80,20,4,49,0.950000,0.950000,0.952381,1.000000,0.2704,0.0004,18d224d
acfebb3c9dec,2026-07-06T16:37:09+00:00,e1_baselines_default,iris_binary,mlp,6ff7394aba,4,s4_f3,classical,80,20,4,49,0.950000,0.950000,0.947368,0.990000,0.2418,0.0005,18d224d
94d0f5c3746f,2026-07-06T16:37:09+00:00,e1_baselines_default,iris_binary,mlp,6ff7394aba,4,s4_f4,classical,80,20,4,49,0.950000,0.950000,0.952381,0.990000,0.2476,0.0005,18d224d
36e22c4489fb,2026-07-06T16:37:12+00:00,e1_baselines_default,iris_binary,rf,e78a6e6464,0,s0_f0,classical,80,20,4,,0.900000,0.900000,0.900000,0.980000,0.1186,0.0137,18d224d
f0f3afdb4aa2,2026-07-06T16:37:12+00:00,e1_baselines_default,iris_binary,rf,e78a6e6464,0,s0_f1,classical,80,20,4,,0.950000,0.950000,0.952381,0.990000,0.1083,0.0136,18d224d
ec51f852fb94,2026-07-06T16:37:12+00:00,e1_baselines_default,iris_binary,rf,e78a6e6464,0,s0_f2,classical,80,20,4,,0.950000,0.950000,0.947368,1.000000,0.1061,0.0143,18d224d
faede6785198,2026-07-06T16:37:12+00:00,e1_baselines_default,iris_binary,rf,e78a6e6464,0,s0_f3,classical,80,20,4,,0.950000,0.950000,0.947368,1.000000,0.1106,0.0142,18d224d
b57b3917010f,2026-07-06T16:37:13+00:00,e1_baselines_default,iris_binary,rf,e78a6e6464,0,s0_f4,classical,80,20,4,,0.900000,0.900000,0.888889,0.980000,0.1150,0.0146,18d224d
9642f877323d,2026-07-06T16:37:13+00:00,e1_baselines_default,iris_binary,rf,e78a6e6464,1,s1_f0,classical,80,20,4,,0.950000,0.950000,0.947368,0.980000,0.1071,0.0128,18d224d
8c0d74204767,2026-07-06T16:37:13+00:00,e1_baselines_default,iris_binary,rf,e78a6e6464,1,s1_f1,classical,80,20,4,,0.850000,0.850000,0.857143,0.975000,0.1131,0.0130,18d224d
367b37ed82a5,2026-07-06T16:37:13+00:00,e1_baselines_default,iris_binary,rf,e78a6e6464,1,s1_f2,classical,80,20,4,,0.900000,0.900000,0.888889,0.990000,0.1051,0.0128,18d224d
2a62b63ffe2d,2026-07-06T16:37:13+00:00,e1_baselines_default,iris_binary,rf,e78a6e6464,1,s1_f3,classical,80,20,4,,0.950000,0.950000,0.947368,1.000000,0.1083,0.0133,18d224d
31038662d233,2026-07-06T16:37:13+00:00,e1_baselines_default,iris_binary,rf,e78a6e6464,1,s1_f4,classical,80,20,4,,0.950000,0.950000,0.952381,0.990000,0.1130,0.0148,18d224d
5c27f1601b8d,2026-07-06T16:37:13+00:00,e1_baselines_default,iris_binary,rf,e78a6e6464,2,s2_f0,classical,80,20,4,,1.000000,1.000000,1.000000,1.000000,0.1129,0.0138,18d224d
503fba7284d5,2026-07-06T16:37:14+00:00,e1_baselines_default,iris_binary,rf,e78a6e6464,2,s2_f1,classical,80,20,4,,0.950000,0.950000,0.952381,1.000000,0.1092,0.0136,18d224d
9c85f28a63a0,2026-07-06T16:37:14+00:00,e1_baselines_default,iris_binary,rf,e78a6e6464,2,s2_f2,classical,80,20,4,,0.900000,0.900000,0.900000,0.990000,0.1072,0.0141,18d224d
cd863af5f7ff,2026-07-06T16:37:14+00:00,e1_baselines_default,iris_binary,rf,e78a6e6464,2,s2_f3,classical,80,20,4,,0.850000,0.850000,0.842105,0.955000,0.1065,0.0134,18d224d
948e48aa4303,2026-07-06T16:37:14+00:00,e1_baselines_default,iris_binary,rf,e78a6e6464,2,s2_f4,classical,80,20,4,,0.900000,0.900000,0.888889,1.000000,0.1068,0.0130,18d224d
7b68a649a6d0,2026-07-06T16:37:14+00:00,e1_baselines_default,iris_binary,rf,e78a6e6464,3,s3_f0,classical,80,20,4,,0.850000,0.850000,0.857143,0.970000,0.1078,0.0126,18d224d
fdacfba4dc41,2026-07-06T16:37:14+00:00,e1_baselines_default,iris_binary,rf,e78a6e6464,3,s3_f1,classical,80,20,4,,0.950000,0.950000,0.947368,1.000000,0.1067,0.0134,18d224d
1a1a2450844c,2026-07-06T16:37:14+00:00,e1_baselines_default,iris_binary,rf,e78a6e6464,3,s3_f2,classical,80,20,4,,0.950000,0.950000,0.952381,1.000000,0.1096,0.0138,18d224d
8fc09682f3d9,2026-07-06T16:37:14+00:00,e1_baselines_default,iris_binary,rf,e78a6e6464,3,s3_f3,classical,80,20,4,,0.950000,0.950000,0.947368,1.000000,0.1076,0.0132,18d224d
05784b6c7c03,2026-07-06T16:37:15+00:00,e1_baselines_default,iris_binary,rf,e78a6e6464,3,s3_f4,classical,80,20,4,,0.850000,0.850000,0.823529,0.990000,0.1066,0.0132,18d224d
1962dd112375,2026-07-06T16:37:15+00:00,e1_baselines_default,iris_binary,rf,e78a6e6464,4,s4_f0,classical,80,20,4,,0.950000,0.950000,0.947368,1.000000,0.1082,0.0132,18d224d
ff98ea31fc4c,2026-07-06T16:37:15+00:00,e1_baselines_default,iris_binary,rf,e78a6e6464,4,s4_f1,classical,80,20,4,,0.850000,0.850000,0.857143,0.955000,0.1231,0.0134,18d224d
90fc14f21e14,2026-07-06T16:37:15+00:00,e1_baselines_default,iris_binary,rf,e78a6e6464,4,s4_f2,classical,80,20,4,,1.000000,1.000000,1.000000,1.000000,0.1130,0.0131,18d224d
4fddf2cd38da,2026-07-06T16:37:15+00:00,e1_baselines_default,iris_binary,rf,e78a6e6464,4,s4_f3,classical,80,20,4,,0.800000,0.800000,0.777778,0.960000,0.1083,0.0134,18d224d
ef8c29c331cb,2026-07-06T16:37:15+00:00,e1_baselines_default,iris_binary,rf,e78a6e6464,4,s4_f4,classical,80,20,4,,0.900000,0.900000,0.900000,0.990000,0.1057,0.0133,18d224d
4ec02e5964c8,2026-07-06T16:37:18+00:00,e1_baselines_default,iris_binary,svm_linear,2bef283b4c,0,s0_f0,classical,80,20,4,5,0.950000,0.950000,0.952381,1.000000,0.0020,0.0006,18d224d
eecba44b6411,2026-07-06T16:37:18+00:00,e1_baselines_default,iris_binary,svm_linear,2bef283b4c,0,s0_f1,classical,80,20,4,5,0.950000,0.950000,0.952381,1.000000,0.0011,0.0004,18d224d
e5bb8af88095,2026-07-06T16:37:18+00:00,e1_baselines_default,iris_binary,svm_linear,2bef283b4c,0,s0_f2,classical,80,20,4,5,1.000000,1.000000,1.000000,1.000000,0.0010,0.0004,18d224d
4249a01b128a,2026-07-06T16:37:18+00:00,e1_baselines_default,iris_binary,svm_linear,2bef283b4c,0,s0_f3,classical,80,20,4,5,0.950000,0.950000,0.952381,1.000000,0.0011,0.0004,18d224d
4908ed4938da,2026-07-06T16:37:18+00:00,e1_baselines_default,iris_binary,svm_linear,2bef283b4c,0,s0_f4,classical,80,20,4,5,0.900000,0.900000,0.909091,0.980000,0.0010,0.0004,18d224d
7b8c30cc8409,2026-07-06T16:37:18+00:00,e1_baselines_default,iris_binary,svm_linear,2bef283b4c,1,s1_f0,classical,80,20,4,5,1.000000,1.000000,1.000000,1.000000,0.0010,0.0003,18d224d
4f4ab3611337,2026-07-06T16:37:18+00:00,e1_baselines_default,iris_binary,svm_linear,2bef283b4c,1,s1_f1,classical,80,20,4,5,0.900000,0.900000,0.909091,0.990000,0.0010,0.0004,18d224d
1f3629e2dcf5,2026-07-06T16:37:18+00:00,e1_baselines_default,iris_binary,svm_linear,2bef283b4c,1,s1_f2,classical,80,20,4,5,0.900000,0.900000,0.900000,0.990000,0.0011,0.0004,18d224d
eb70c7b1bce1,2026-07-06T16:37:18+00:00,e1_baselines_default,iris_binary,svm_linear,2bef283b4c,1,s1_f3,classical,80,20,4,5,1.000000,1.000000,1.000000,1.000000,0.0011,0.0004,18d224d
4a0c2d26ada9,2026-07-06T16:37:18+00:00,e1_baselines_default,iris_binary,svm_linear,2bef283b4c,1,s1_f4,classical,80,20,4,5,0.900000,0.900000,0.909091,1.000000,0.0010,0.0004,18d224d
2357ea892369,2026-07-06T16:37:18+00:00,e1_baselines_default,iris_binary,svm_linear,2bef283b4c,2,s2_f0,classical,80,20,4,5,1.000000,1.000000,1.000000,1.000000,0.0010,0.0003,18d224d
cd1e6abd9a1f,2026-07-06T16:37:18+00:00,e1_baselines_default,iris_binary,svm_linear,2bef283b4c,2,s2_f1,classical,80,20,4,5,0.950000,0.950000,0.952381,1.000000,0.0011,0.0004,18d224d
b612b59352db,2026-07-06T16:37:18+00:00,e1_baselines_default,iris_binary,svm_linear,2bef283b4c,2,s2_f2,classical,80,20,4,5,0.900000,0.900000,0.909091,1.000000,0.0010,0.0004,18d224d
bd0ed4c846de,2026-07-06T16:37:18+00:00,e1_baselines_default,iris_binary,svm_linear,2bef283b4c,2,s2_f3,classical,80,20,4,5,0.900000,0.900000,0.909091,1.000000,0.0010,0.0004,18d224d
c0dc6f3e7fea,2026-07-06T16:37:18+00:00,e1_baselines_default,iris_binary,svm_linear,2bef283b4c,2,s2_f4,classical,80,20,4,5,0.950000,0.950000,0.947368,1.000000,0.0010,0.0003,18d224d
009140a3ce78,2026-07-06T16:37:18+00:00,e1_baselines_default,iris_binary,svm_linear,2bef283b4c,3,s3_f0,classical,80,20,4,5,0.850000,0.850000,0.857143,0.980000,0.0010,0.0004,18d224d
630db83679fa,2026-07-06T16:37:18+00:00,e1_baselines_default,iris_binary,svm_linear,2bef283b4c,3,s3_f1,classical,80,20,4,5,1.000000,1.000000,1.000000,1.000000,0.0010,0.0004,18d224d
5bab8cf6beda,2026-07-06T16:37:18+00:00,e1_baselines_default,iris_binary,svm_linear,2bef283b4c,3,s3_f2,classical,80,20,4,5,0.900000,0.900000,0.909091,0.990000,0.0011,0.0004,18d224d
f7516da12bfb,2026-07-06T16:37:18+00:00,e1_baselines_default,iris_binary,svm_linear,2bef283b4c,3,s3_f3,classical,80,20,4,5,0.950000,0.950000,0.952381,1.000000,0.0010,0.0004,18d224d
1639154b94ff,2026-07-06T16:37:18+00:00,e1_baselines_default,iris_binary,svm_linear,2bef283b4c,3,s3_f4,classical,80,20,4,5,0.850000,0.850000,0.823529,1.000000,0.0010,0.0004,18d224d
686219bf2fc9,2026-07-06T16:37:18+00:00,e1_baselines_default,iris_binary,svm_linear,2bef283b4c,4,s4_f0,classical,80,20,4,5,1.000000,1.000000,1.000000,1.000000,0.0010,0.0004,18d224d
cb6a08a760e4,2026-07-06T16:37:18+00:00,e1_baselines_default,iris_binary,svm_linear,2bef283b4c,4,s4_f1,classical,80,20,4,5,0.900000,0.900000,0.909091,1.000000,0.0010,0.0004,18d224d
ff533eaff742,2026-07-06T16:37:18+00:00,e1_baselines_default,iris_binary,svm_linear,2bef283b4c,4,s4_f2,classical,80,20,4,5,0.950000,0.950000,0.952381,1.000000,0.0010,0.0004,18d224d
273b9f784f88,2026-07-06T16:37:18+00:00,e1_baselines_default,iris_binary,svm_linear,2bef283b4c,4,s4_f3,classical,80,20,4,5,0.950000,0.950000,0.952381,1.000000,0.0010,0.0004,18d224d
c729b4e0c314,2026-07-06T16:37:18+00:00,e1_baselines_default,iris_binary,svm_linear,2bef283b4c,4,s4_f4,classical,80,20,4,5,0.950000,0.950000,0.952381,0.990000,0.0009,0.0004,18d224d
b48d61fd2840,2026-07-06T16:37:21+00:00,e1_baselines_default,iris_binary,svm_rbf,4db145d790,0,s0_f0,classical,80,20,4,,0.900000,0.900000,0.900000,0.990000,0.0021,0.0006,18d224d
c3d2eab24c01,2026-07-06T16:37:21+00:00,e1_baselines_default,iris_binary,svm_rbf,4db145d790,0,s0_f1,classical,80,20,4,,0.950000,0.950000,0.952381,1.000000,0.0012,0.0004,18d224d
4cf80b7016f0,2026-07-06T16:37:21+00:00,e1_baselines_default,iris_binary,svm_rbf,4db145d790,0,s0_f2,classical,80,20,4,,1.000000,1.000000,1.000000,1.000000,0.0012,0.0004,18d224d
b407592b385a,2026-07-06T16:37:21+00:00,e1_baselines_default,iris_binary,svm_rbf,4db145d790,0,s0_f3,classical,80,20,4,,1.000000,1.000000,1.000000,1.000000,0.0011,0.0005,18d224d
a0125d153b78,2026-07-06T16:37:21+00:00,e1_baselines_default,iris_binary,svm_rbf,4db145d790,0,s0_f4,classical,80,20,4,,0.900000,0.900000,0.900000,0.980000,0.0012,0.0004,18d224d
eb800c882314,2026-07-06T16:37:21+00:00,e1_baselines_default,iris_binary,svm_rbf,4db145d790,1,s1_f0,classical,80,20,4,,0.950000,0.950000,0.947368,1.000000,0.0011,0.0004,18d224d
6a1a4eca227a,2026-07-06T16:37:21+00:00,e1_baselines_default,iris_binary,svm_rbf,4db145d790,1,s1_f1,classical,80,20,4,,0.900000,0.900000,0.909091,0.990000,0.0010,0.0004,18d224d
9dd923a4031e,2026-07-06T16:37:21+00:00,e1_baselines_default,iris_binary,svm_rbf,4db145d790,1,s1_f2,classical,80,20,4,,0.900000,0.900000,0.888889,1.000000,0.0011,0.0005,18d224d
a12612cdc3a1,2026-07-06T16:37:21+00:00,e1_baselines_default,iris_binary,svm_rbf,4db145d790,1,s1_f3,classical,80,20,4,,0.950000,0.950000,0.947368,1.000000,0.0010,0.0004,18d224d
3680e93ec5b5,2026-07-06T16:37:21+00:00,e1_baselines_default,iris_binary,svm_rbf,4db145d790,1,s1_f4,classical,80,20,4,,0.950000,0.950000,0.952381,1.000000,0.0010,0.0004,18d224d
594785fd0aa7,2026-07-06T16:37:21+00:00,e1_baselines_default,iris_binary,svm_rbf,4db145d790,2,s2_f0,classical,80,20,4,,1.000000,1.000000,1.000000,1.000000,0.0010,0.0005,18d224d
534bd188961b,2026-07-06T16:37:21+00:00,e1_baselines_default,iris_binary,svm_rbf,4db145d790,2,s2_f1,classical,80,20,4,,0.950000,0.950000,0.952381,1.000000,0.0010,0.0004,18d224d
38cac91e52bc,2026-07-06T16:37:21+00:00,e1_baselines_default,iris_binary,svm_rbf,4db145d790,2,s2_f2,classical,80,20,4,,0.950000,0.950000,0.952381,0.990000,0.0011,0.0004,18d224d
a009d0ebfbf3,2026-07-06T16:37:21+00:00,e1_baselines_default,iris_binary,svm_rbf,4db145d790,2,s2_f3,classical,80,20,4,,0.900000,0.900000,0.900000,0.980000,0.0011,0.0004,18d224d
48ec9b2c2d5e,2026-07-06T16:37:21+00:00,e1_baselines_default,iris_binary,svm_rbf,4db145d790,2,s2_f4,classical,80,20,4,,0.950000,0.950000,0.947368,1.000000,0.0011,0.0005,18d224d
f7c283ef1155,2026-07-06T16:37:21+00:00,e1_baselines_default,iris_binary,svm_rbf,4db145d790,3,s3_f0,classical,80,20,4,,0.850000,0.850000,0.857143,0.980000,0.0013,0.0008,18d224d
ecfbf8c7485b,2026-07-06T16:37:21+00:00,e1_baselines_default,iris_binary,svm_rbf,4db145d790,3,s3_f1,classical,80,20,4,,1.000000,1.000000,1.000000,1.000000,0.0010,0.0004,18d224d
5b4b3b1566c5,2026-07-06T16:37:21+00:00,e1_baselines_default,iris_binary,svm_rbf,4db145d790,3,s3_f2,classical,80,20,4,,0.900000,0.900000,0.909091,0.980000,0.0010,0.0005,18d224d
247170cfd7e3,2026-07-06T16:37:21+00:00,e1_baselines_default,iris_binary,svm_rbf,4db145d790,3,s3_f3,classical,80,20,4,,0.950000,0.950000,0.952381,1.000000,0.0011,0.0004,18d224d
9a02e521f60e,2026-07-06T16:37:21+00:00,e1_baselines_default,iris_binary,svm_rbf,4db145d790,3,s3_f4,classical,80,20,4,,0.900000,0.900000,0.888889,1.000000,0.0010,0.0004,18d224d
7d8a50e55551,2026-07-06T16:37:21+00:00,e1_baselines_default,iris_binary,svm_rbf,4db145d790,4,s4_f0,classical,80,20,4,,1.000000,1.000000,1.000000,1.000000,0.0010,0.0004,18d224d
202b50e4688f,2026-07-06T16:37:21+00:00,e1_baselines_default,iris_binary,svm_rbf,4db145d790,4,s4_f1,classical,80,20,4,,0.900000,0.900000,0.900000,0.980000,0.0010,0.0005,18d224d
3a692d92f449,2026-07-06T16:37:21+00:00,e1_baselines_default,iris_binary,svm_rbf,4db145d790,4,s4_f2,classical,80,20,4,,1.000000,1.000000,1.000000,1.000000,0.0010,0.0004,18d224d
60c9d54c4fe4,2026-07-06T16:37:21+00:00,e1_baselines_default,iris_binary,svm_rbf,4db145d790,4,s4_f3,classical,80,20,4,,0.900000,0.900000,0.900000,0.990000,0.0011,0.0004,18d224d
423fd893ce60,2026-07-06T16:37:21+00:00,e1_baselines_default,iris_binary,svm_rbf,4db145d790,4,s4_f4,classical,80,20,4,,0.900000,0.900000,0.900000,0.980000,0.0010,0.0004,18d224d
289f493031f7,2026-07-06T16:37:24+00:00,e1_baselines_default,iris_binary,xgboost,67492233ab,0,s0_f0,classical,80,20,4,,0.900000,0.900000,0.900000,0.960000,0.0096,0.0012,18d224d
d532e8e812eb,2026-07-06T16:37:24+00:00,e1_baselines_default,iris_binary,xgboost,67492233ab,0,s0_f1,classical,80,20,4,,0.900000,0.900000,0.900000,0.980000,0.0079,0.0010,18d224d
d95088c12f34,2026-07-06T16:37:24+00:00,e1_baselines_default,iris_binary,xgboost,67492233ab,0,s0_f2,classical,80,20,4,,1.000000,1.000000,1.000000,1.000000,0.0077,0.0010,18d224d
e48cf09e976d,2026-07-06T16:37:24+00:00,e1_baselines_default,iris_binary,xgboost,67492233ab,0,s0_f3,classical,80,20,4,,0.900000,0.900000,0.900000,0.990000,0.0077,0.0011,18d224d
9e46ed11c854,2026-07-06T16:37:24+00:00,e1_baselines_default,iris_binary,xgboost,67492233ab,0,s0_f4,classical,80,20,4,,0.900000,0.900000,0.900000,0.980000,0.0074,0.0010,18d224d
d686b6450346,2026-07-06T16:37:24+00:00,e1_baselines_default,iris_binary,xgboost,67492233ab,1,s1_f0,classical,80,20,4,,0.900000,0.900000,0.888889,0.920000,0.0075,0.0009,18d224d
24ed47e5c273,2026-07-06T16:37:24+00:00,e1_baselines_default,iris_binary,xgboost,67492233ab,1,s1_f1,classical,80,20,4,,0.900000,0.900000,0.909091,0.950000,0.0069,0.0009,18d224d
9061db8876d3,2026-07-06T16:37:24+00:00,e1_baselines_default,iris_binary,xgboost,67492233ab,1,s1_f2,classical,80,20,4,,0.950000,0.950000,0.947368,1.000000,0.0074,0.0010,18d224d
2f6d729f7646,2026-07-06T16:37:24+00:00,e1_baselines_default,iris_binary,xgboost,67492233ab,1,s1_f3,classical,80,20,4,,1.000000,1.000000,1.000000,1.000000,0.0074,0.0009,18d224d
0c2c5c802a61,2026-07-06T16:37:24+00:00,e1_baselines_default,iris_binary,xgboost,67492233ab,1,s1_f4,classical,80,20,4,,0.900000,0.900000,0.909091,0.990000,0.0075,0.0010,18d224d
1116d91854d8,2026-07-06T16:37:24+00:00,e1_baselines_default,iris_binary,xgboost,67492233ab,2,s2_f0,classical,80,20,4,,1.000000,1.000000,1.000000,1.000000,0.0075,0.0010,18d224d
fdd4f7705da3,2026-07-06T16:37:24+00:00,e1_baselines_default,iris_binary,xgboost,67492233ab,2,s2_f1,classical,80,20,4,,0.950000,0.950000,0.952381,0.970000,0.0070,0.0010,18d224d
a5118c451de0,2026-07-06T16:37:24+00:00,e1_baselines_default,iris_binary,xgboost,67492233ab,2,s2_f2,classical,80,20,4,,0.900000,0.900000,0.900000,0.990000,0.0076,0.0011,18d224d
088b08b8568a,2026-07-06T16:37:24+00:00,e1_baselines_default,iris_binary,xgboost,67492233ab,2,s2_f3,classical,80,20,4,,0.900000,0.900000,0.900000,0.925000,0.0074,0.0009,18d224d
15494da3db7b,2026-07-06T16:37:24+00:00,e1_baselines_default,iris_binary,xgboost,67492233ab,2,s2_f4,classical,80,20,4,,0.850000,0.850000,0.823529,1.000000,0.0077,0.0009,18d224d
46f561663f67,2026-07-06T16:37:24+00:00,e1_baselines_default,iris_binary,xgboost,67492233ab,3,s3_f0,classical,80,20,4,,0.850000,0.850000,0.857143,0.900000,0.0067,0.0010,18d224d
67b4a8137bc2,2026-07-06T16:37:24+00:00,e1_baselines_default,iris_binary,xgboost,67492233ab,3,s3_f1,classical,80,20,4,,1.000000,1.000000,1.000000,1.000000,0.0075,0.0010,18d224d
1e42774fada8,2026-07-06T16:37:24+00:00,e1_baselines_default,iris_binary,xgboost,67492233ab,3,s3_f2,classical,80,20,4,,0.900000,0.900000,0.909091,0.990000,0.0074,0.0009,18d224d
8e420a78090b,2026-07-06T16:37:24+00:00,e1_baselines_default,iris_binary,xgboost,67492233ab,3,s3_f3,classical,80,20,4,,0.950000,0.950000,0.947368,1.000000,0.0079,0.0015,18d224d
8a548aecb5c1,2026-07-06T16:37:24+00:00,e1_baselines_default,iris_binary,xgboost,67492233ab,3,s3_f4,classical,80,20,4,,0.850000,0.850000,0.823529,1.000000,0.0083,0.0009,18d224d
c3b3272f740e,2026-07-06T16:37:24+00:00,e1_baselines_default,iris_binary,xgboost,67492233ab,4,s4_f0,classical,80,20,4,,1.000000,1.000000,1.000000,1.000000,0.0076,0.0010,18d224d
c8586c7eec06,2026-07-06T16:37:24+00:00,e1_baselines_default,iris_binary,xgboost,67492233ab,4,s4_f1,classical,80,20,4,,0.800000,0.800000,0.818182,0.920000,0.0077,0.0010,18d224d
78d877569b3c,2026-07-06T16:37:24+00:00,e1_baselines_default,iris_binary,xgboost,67492233ab,4,s4_f2,classical,80,20,4,,1.000000,1.000000,1.000000,1.000000,0.0079,0.0011,18d224d
d6f2d05c137e,2026-07-06T16:37:24+00:00,e1_baselines_default,iris_binary,xgboost,67492233ab,4,s4_f3,classical,80,20,4,,0.850000,0.850000,0.842105,0.950000,0.0070,0.0010,18d224d
4e47dd1acc22,2026-07-06T16:37:24+00:00,e1_baselines_default,iris_binary,xgboost,67492233ab,4,s4_f4,classical,80,20,4,,0.900000,0.900000,0.900000,0.980000,0.0074,0.0010,18d224d
a00c36d0f104,2026-07-06T16:37:27+00:00,e1_baselines_default,moons,knn,527ba4a7b1,0,s0_f0,classical,400,100,2,,0.980000,0.980000,0.980392,0.998000,0.0014,0.0029,18d224d
17d76160a511,2026-07-06T16:37:27+00:00,e1_baselines_default,moons,knn,527ba4a7b1,0,s0_f1,classical,400,100,2,,0.980000,0.980000,0.980392,0.998600,0.0006,0.0020,18d224d
36252966fb28,2026-07-06T16:37:27+00:00,e1_baselines_default,moons,knn,527ba4a7b1,0,s0_f2,classical,400,100,2,,0.990000,0.990000,0.989899,0.999200,0.0007,0.0019,18d224d
ada95052b0b3,2026-07-06T16:37:27+00:00,e1_baselines_default,moons,knn,527ba4a7b1,0,s0_f3,classical,400,100,2,,0.950000,0.950000,0.949495,0.977000,0.0008,0.0022,18d224d
c6a6ce09d826,2026-07-06T16:37:27+00:00,e1_baselines_default,moons,knn,527ba4a7b1,0,s0_f4,classical,400,100,2,,0.960000,0.960000,0.960000,0.997400,0.0007,0.0023,18d224d
5594a58c3b5d,2026-07-06T16:37:27+00:00,e1_baselines_default,moons,knn,527ba4a7b1,1,s1_f0,classical,400,100,2,,0.980000,0.980000,0.979592,0.999400,0.0007,0.0019,18d224d
ef6bb8d136a9,2026-07-06T16:37:27+00:00,e1_baselines_default,moons,knn,527ba4a7b1,1,s1_f1,classical,400,100,2,,0.970000,0.970000,0.970297,0.998600,0.0007,0.0021,18d224d
da7ac272c36b,2026-07-06T16:37:27+00:00,e1_baselines_default,moons,knn,527ba4a7b1,1,s1_f2,classical,400,100,2,,0.970000,0.970000,0.969072,0.986200,0.0007,0.0020,18d224d
2733f99373c6,2026-07-06T16:37:27+00:00,e1_baselines_default,moons,knn,527ba4a7b1,1,s1_f3,classical,400,100,2,,0.950000,0.950000,0.951456,0.977200,0.0007,0.0020,18d224d
562a821d9e02,2026-07-06T16:37:27+00:00,e1_baselines_default,moons,knn,527ba4a7b1,1,s1_f4,classical,400,100,2,,0.980000,0.980000,0.980392,0.988800,0.0007,0.0020,18d224d
eb59bcc15cf3,2026-07-06T16:37:27+00:00,e1_baselines_default,moons,knn,527ba4a7b1,2,s2_f0,classical,400,100,2,,0.980000,0.980000,0.980392,1.000000,0.0007,0.0019,18d224d
51aa7f5653f2,2026-07-06T16:37:27+00:00,e1_baselines_default,moons,knn,527ba4a7b1,2,s2_f1,classical,400,100,2,,0.960000,0.960000,0.960784,0.997200,0.0007,0.0021,18d224d
c2408abc0562,2026-07-06T16:37:27+00:00,e1_baselines_default,moons,knn,527ba4a7b1,2,s2_f2,classical,400,100,2,,0.960000,0.960000,0.960000,0.986600,0.0006,0.0019,18d224d
f1d43bf25685,2026-07-06T16:37:27+00:00,e1_baselines_default,moons,knn,527ba4a7b1,2,s2_f3,classical,400,100,2,,0.970000,0.970000,0.969072,0.986600,0.0007,0.0019,18d224d
ac920d733d26,2026-07-06T16:37:27+00:00,e1_baselines_default,moons,knn,527ba4a7b1,2,s2_f4,classical,400,100,2,,0.980000,0.980000,0.980000,0.979200,0.0007,0.0019,18d224d
5d888d680599,2026-07-06T16:37:27+00:00,e1_baselines_default,moons,knn,527ba4a7b1,3,s3_f0,classical,400,100,2,,0.970000,0.970000,0.970874,1.000000,0.0008,0.0020,18d224d
903577b0cc01,2026-07-06T16:37:27+00:00,e1_baselines_default,moons,knn,527ba4a7b1,3,s3_f1,classical,400,100,2,,0.990000,0.990000,0.990099,0.989200,0.0007,0.0018,18d224d
853d88afce60,2026-07-06T16:37:27+00:00,e1_baselines_default,moons,knn,527ba4a7b1,3,s3_f2,classical,400,100,2,,0.970000,0.970000,0.969072,0.997200,0.0007,0.0019,18d224d
5a9e96c3b82d,2026-07-06T16:37:27+00:00,e1_baselines_default,moons,knn,527ba4a7b1,3,s3_f3,classical,400,100,2,,0.950000,0.950000,0.950495,0.995200,0.0007,0.0019,18d224d
06ad40bbb70b,2026-07-06T16:37:27+00:00,e1_baselines_default,moons,knn,527ba4a7b1,3,s3_f4,classical,400,100,2,,0.960000,0.960000,0.960000,0.996000,0.0006,0.0019,18d224d
fd7ac2262bf0,2026-07-06T16:37:27+00:00,e1_baselines_default,moons,knn,527ba4a7b1,4,s4_f0,classical,400,100,2,,0.950000,0.950000,0.950495,0.986200,0.0006,0.0019,18d224d
f1b2e455c3f2,2026-07-06T16:37:27+00:00,e1_baselines_default,moons,knn,527ba4a7b1,4,s4_f1,classical,400,100,2,,0.970000,0.970000,0.969072,0.980000,0.0008,0.0017,18d224d
72767c5cf62f,2026-07-06T16:37:27+00:00,e1_baselines_default,moons,knn,527ba4a7b1,4,s4_f2,classical,400,100,2,,0.960000,0.960000,0.960784,0.994600,0.0007,0.0019,18d224d
0d31cb5dbe96,2026-07-06T16:37:27+00:00,e1_baselines_default,moons,knn,527ba4a7b1,4,s4_f3,classical,400,100,2,,0.970000,0.970000,0.970297,0.998600,0.0007,0.0019,18d224d
51ad4b6448db,2026-07-06T16:37:27+00:00,e1_baselines_default,moons,knn,527ba4a7b1,4,s4_f4,classical,400,100,2,,0.980000,0.980000,0.980392,1.000000,0.0006,0.0019,18d224d
076f22b8cec2,2026-07-06T16:37:30+00:00,e1_baselines_default,moons,logreg,a26520bb8d,0,s0_f0,classical,400,100,2,3,0.900000,0.900000,0.900000,0.974000,0.0052,0.0005,18d224d
1fdb225ac8fc,2026-07-06T16:37:30+00:00,e1_baselines_default,moons,logreg,a26520bb8d,0,s0_f1,classical,400,100,2,3,0.850000,0.850000,0.851485,0.945600,0.0033,0.0004,18d224d
0af41e350639,2026-07-06T16:37:30+00:00,e1_baselines_default,moons,logreg,a26520bb8d,0,s0_f2,classical,400,100,2,3,0.830000,0.830000,0.834951,0.959600,0.0032,0.0004,18d224d
0c8cc7b1eb1a,2026-07-06T16:37:30+00:00,e1_baselines_default,moons,logreg,a26520bb8d,0,s0_f3,classical,400,100,2,3,0.810000,0.810000,0.808081,0.941600,0.0028,0.0004,18d224d
519bc310d8ea,2026-07-06T16:37:30+00:00,e1_baselines_default,moons,logreg,a26520bb8d,0,s0_f4,classical,400,100,2,3,0.880000,0.880000,0.877551,0.953200,0.0031,0.0004,18d224d
56f1f2e589fc,2026-07-06T16:37:30+00:00,e1_baselines_default,moons,logreg,a26520bb8d,1,s1_f0,classical,400,100,2,3,0.870000,0.870000,0.865979,0.948800,0.0028,0.0004,18d224d
cd6af00ef8f9,2026-07-06T16:37:30+00:00,e1_baselines_default,moons,logreg,a26520bb8d,1,s1_f1,classical,400,100,2,3,0.820000,0.820000,0.816327,0.942800,0.0023,0.0004,18d224d
3f864068a57c,2026-07-06T16:37:30+00:00,e1_baselines_default,moons,logreg,a26520bb8d,1,s1_f2,classical,400,100,2,3,0.840000,0.840000,0.843137,0.942400,0.0030,0.0004,18d224d
c884cef1194a,2026-07-06T16:37:30+00:00,e1_baselines_default,moons,logreg,a26520bb8d,1,s1_f3,classical,400,100,2,3,0.830000,0.830000,0.834951,0.955200,0.0086,0.0004,18d224d
59760f46cffe,2026-07-06T16:37:30+00:00,e1_baselines_default,moons,logreg,a26520bb8d,1,s1_f4,classical,400,100,2,3,0.910000,0.910000,0.910891,0.983200,0.0029,0.0004,18d224d
6f2cf67c268b,2026-07-06T16:37:30+00:00,e1_baselines_default,moons,logreg,a26520bb8d,2,s2_f0,classical,400,100,2,3,0.850000,0.850000,0.848485,0.948800,0.0027,0.0003,18d224d
8f51f8fb37f9,2026-07-06T16:37:30+00:00,e1_baselines_default,moons,logreg,a26520bb8d,2,s2_f1,classical,400,100,2,3,0.800000,0.800000,0.800000,0.917200,0.0028,0.0004,18d224d
723b1bfb6f49,2026-07-06T16:37:30+00:00,e1_baselines_default,moons,logreg,a26520bb8d,2,s2_f2,classical,400,100,2,3,0.850000,0.850000,0.851485,0.951200,0.0029,0.0003,18d224d
d1486128b7bf,2026-07-06T16:37:30+00:00,e1_baselines_default,moons,logreg,a26520bb8d,2,s2_f3,classical,400,100,2,3,0.880000,0.880000,0.884615,0.963600,0.0029,0.0004,18d224d
102cce5ea999,2026-07-06T16:37:30+00:00,e1_baselines_default,moons,logreg,a26520bb8d,2,s2_f4,classical,400,100,2,3,0.900000,0.900000,0.895833,0.974400,0.0030,0.0004,18d224d
00483e148ff5,2026-07-06T16:37:30+00:00,e1_baselines_default,moons,logreg,a26520bb8d,3,s3_f0,classical,400,100,2,3,0.880000,0.880000,0.877551,0.960800,0.0027,0.0004,18d224d
7a1e1179b474,2026-07-06T16:37:30+00:00,e1_baselines_default,moons,logreg,a26520bb8d,3,s3_f1,classical,400,100,2,3,0.830000,0.830000,0.841121,0.939600,0.0027,0.0004,18d224d
55c81b9344e6,2026-07-06T16:37:30+00:00,e1_baselines_default,moons,logreg,a26520bb8d,3,s3_f2,classical,400,100,2,3,0.880000,0.880000,0.877551,0.961600,0.0027,0.0004,18d224d
623ac3986eb6,2026-07-06T16:37:30+00:00,e1_baselines_default,moons,logreg,a26520bb8d,3,s3_f3,classical,400,100,2,3,0.870000,0.870000,0.865979,0.956000,0.0025,0.0004,18d224d
9ed6047cc7a2,2026-07-06T16:37:30+00:00,e1_baselines_default,moons,logreg,a26520bb8d,3,s3_f4,classical,400,100,2,3,0.850000,0.850000,0.851485,0.948000,0.0026,0.0003,18d224d
59a8a4141e24,2026-07-06T16:37:30+00:00,e1_baselines_default,moons,logreg,a26520bb8d,4,s4_f0,classical,400,100,2,3,0.890000,0.890000,0.893204,0.958400,0.0026,0.0003,18d224d
33973029194c,2026-07-06T16:37:30+00:00,e1_baselines_default,moons,logreg,a26520bb8d,4,s4_f1,classical,400,100,2,3,0.780000,0.780000,0.780000,0.914000,0.0032,0.0004,18d224d
214b15562333,2026-07-06T16:37:30+00:00,e1_baselines_default,moons,logreg,a26520bb8d,4,s4_f2,classical,400,100,2,3,0.850000,0.850000,0.851485,0.941200,0.0025,0.0005,18d224d
5a0e447b748a,2026-07-06T16:37:30+00:00,e1_baselines_default,moons,logreg,a26520bb8d,4,s4_f3,classical,400,100,2,3,0.920000,0.920000,0.920000,0.981200,0.0027,0.0004,18d224d
e9b876222a5b,2026-07-06T16:37:30+00:00,e1_baselines_default,moons,logreg,a26520bb8d,4,s4_f4,classical,400,100,2,3,0.840000,0.840000,0.833333,0.959600,0.0031,0.0004,18d224d
f585fda63d7b,2026-07-06T16:37:33+00:00,e1_baselines_default,moons,mlp,0a80cd01c9,0,s0_f0,classical,400,100,2,33,0.900000,0.900000,0.900000,0.971200,0.1502,0.0006,18d224d
4adc4f129853,2026-07-06T16:37:33+00:00,e1_baselines_default,moons,mlp,0a80cd01c9,0,s0_f1,classical,400,100,2,33,0.830000,0.830000,0.828283,0.946800,0.1682,0.0006,18d224d
bd3cfcfb8331,2026-07-06T16:37:34+00:00,e1_baselines_default,moons,mlp,0a80cd01c9,0,s0_f2,classical,400,100,2,33,0.850000,0.850000,0.851485,0.961200,0.1884,0.0008,18d224d
aa88f24430c2,2026-07-06T16:37:34+00:00,e1_baselines_default,moons,mlp,0a80cd01c9,0,s0_f3,classical,400,100,2,33,0.810000,0.810000,0.808081,0.942400,0.1488,0.0006,18d224d
1e04c000eb6c,2026-07-06T16:37:34+00:00,e1_baselines_default,moons,mlp,0a80cd01c9,0,s0_f4,classical,400,100,2,33,0.890000,0.890000,0.888889,0.952800,0.1753,0.0005,18d224d
8816c7c8c7d1,2026-07-06T16:37:34+00:00,e1_baselines_default,moons,mlp,0a80cd01c9,1,s1_f0,classical,400,100,2,33,0.840000,0.840000,0.829787,0.949600,0.3845,0.0005,18d224d
8bc5d1424f98,2026-07-06T16:37:35+00:00,e1_baselines_default,moons,mlp,0a80cd01c9,1,s1_f1,classical,400,100,2,33,0.810000,0.810000,0.808081,0.936000,0.3253,0.0006,18d224d
059aae78ec6c,2026-07-06T16:37:35+00:00,e1_baselines_default,moons,mlp,0a80cd01c9,1,s1_f2,classical,400,100,2,33,0.810000,0.810000,0.808081,0.936000,0.3446,0.0005,18d224d
2215d2fbd133,2026-07-06T16:37:35+00:00,e1_baselines_default,moons,mlp,0a80cd01c9,1,s1_f3,classical,400,100,2,33,0.830000,0.830000,0.831683,0.950400,0.3307,0.0005,18d224d
7e8169547957,2026-07-06T16:37:36+00:00,e1_baselines_default,moons,mlp,0a80cd01c9,1,s1_f4,classical,400,100,2,33,0.880000,0.880000,0.875000,0.976400,0.3176,0.0006,18d224d
e0d5c9bb2828,2026-07-06T16:37:36+00:00,e1_baselines_default,moons,mlp,0a80cd01c9,2,s2_f0,classical,400,100,2,33,0.860000,0.860000,0.857143,0.953200,0.4574,0.0005,18d224d
87635055b953,2026-07-06T16:37:37+00:00,e1_baselines_default,moons,mlp,0a80cd01c9,2,s2_f1,classical,400,100,2,33,0.830000,0.830000,0.831683,0.914800,0.5530,0.0006,18d224d
4596b614a6a7,2026-07-06T16:37:37+00:00,e1_baselines_default,moons,mlp,0a80cd01c9,2,s2_f2,classical,400,100,2,33,0.850000,0.850000,0.854369,0.953600,0.4984,0.0005,18d224d
6f53d1ea13c3,2026-07-06T16:37:38+00:00,e1_baselines_default,moons,mlp,0a80cd01c9,2,s2_f3,classical,400,100,2,33,0.880000,0.880000,0.884615,0.970400,0.4678,0.0005,18d224d
a8b0249399d2,2026-07-06T16:37:38+00:00,e1_baselines_default,moons,mlp,0a80cd01c9,2,s2_f4,classical,400,100,2,33,0.900000,0.900000,0.895833,0.978000,0.4056,0.0005,18d224d
06cfdc7f3243,2026-07-06T16:37:38+00:00,e1_baselines_default,moons,mlp,0a80cd01c9,3,s3_f0,classical,400,100,2,33,0.880000,0.880000,0.877551,0.956800,0.3113,0.0006,18d224d
7f1c6bc2156b,2026-07-06T16:37:39+00:00,e1_baselines_default,moons,mlp,0a80cd01c9,3,s3_f1,classical,400,100,2,33,0.840000,0.840000,0.849057,0.940400,0.3021,0.0006,18d224d
94374962c992,2026-07-06T16:37:39+00:00,e1_baselines_default,moons,mlp,0a80cd01c9,3,s3_f2,classical,400,100,2,33,0.860000,0.860000,0.857143,0.958400,0.3197,0.0006,18d224d
6ade690a9587,2026-07-06T16:37:39+00:00,e1_baselines_default,moons,mlp,0a80cd01c9,3,s3_f3,classical,400,100,2,33,0.880000,0.880000,0.877551,0.962800,0.3313,0.0005,18d224d
f7cbf9d3f54c,2026-07-06T16:37:40+00:00,e1_baselines_default,moons,mlp,0a80cd01c9,3,s3_f4,classical,400,100,2,33,0.820000,0.820000,0.816327,0.945200,0.3236,0.0005,18d224d
9310fcef2b34,2026-07-06T16:37:40+00:00,e1_baselines_default,moons,mlp,0a80cd01c9,4,s4_f0,classical,400,100,2,33,0.840000,0.840000,0.840000,0.945200,0.3320,0.0004,18d224d
381211819cf7,2026-07-06T16:37:40+00:00,e1_baselines_default,moons,mlp,0a80cd01c9,4,s4_f1,classical,400,100,2,33,0.790000,0.790000,0.787879,0.912000,0.3248,0.0005,18d224d
ba2da6cc5e22,2026-07-06T16:37:41+00:00,e1_baselines_default,moons,mlp,0a80cd01c9,4,s4_f2,classical,400,100,2,33,0.810000,0.810000,0.808081,0.933600,0.3425,0.0005,18d224d
05c5ecb594aa,2026-07-06T16:37:41+00:00,e1_baselines_default,moons,mlp,0a80cd01c9,4,s4_f3,classical,400,100,2,33,0.870000,0.870000,0.865979,0.972400,0.2939,0.0005,18d224d
4aacd8f685fa,2026-07-06T16:37:41+00:00,e1_baselines_default,moons,mlp,0a80cd01c9,4,s4_f4,classical,400,100,2,33,0.830000,0.830000,0.821053,0.954400,0.3285,0.0005,18d224d
d0f3b9ba0382,2026-07-06T16:37:44+00:00,e1_baselines_default,moons,rf,5324e25aa1,0,s0_f0,classical,400,100,2,,0.970000,0.970000,0.970297,0.997600,0.1219,0.0149,18d224d
78a47834c04b,2026-07-06T16:37:44+00:00,e1_baselines_default,moons,rf,5324e25aa1,0,s0_f1,classical,400,100,2,,0.960000,0.960000,0.960784,0.982000,0.1179,0.0133,18d224d
57aac397edbe,2026-07-06T16:37:44+00:00,e1_baselines_default,moons,rf,5324e25aa1,0,s0_f2,classical,400,100,2,,0.990000,0.990000,0.989899,0.999600,0.1170,0.0137,18d224d
3400e2a9ad07,2026-07-06T16:37:45+00:00,e1_baselines_default,moons,rf,5324e25aa1,0,s0_f3,classical,400,100,2,,0.940000,0.940000,0.938776,0.985800,0.1194,0.0137,18d224d
d028758f8802,2026-07-06T16:37:45+00:00,e1_baselines_default,moons,rf,5324e25aa1,0,s0_f4,classical,400,100,2,,0.970000,0.970000,0.970874,0.996000,0.1178,0.0140,18d224d
28219edf685d,2026-07-06T16:37:45+00:00,e1_baselines_default,moons,rf,5324e25aa1,1,s1_f0,classical,400,100,2,,0.950000,0.950000,0.949495,0.988800,0.1162,0.0145,18d224d
7a98154b137d,2026-07-06T16:37:45+00:00,e1_baselines_default,moons,rf,5324e25aa1,1,s1_f1,classical,400,100,2,,0.970000,0.970000,0.969697,0.993800,0.1151,0.0133,18d224d
a28530f4085d,2026-07-06T16:37:45+00:00,e1_baselines_default,moons,rf,5324e25aa1,1,s1_f2,classical,400,100,2,,0.970000,0.970000,0.969072,0.997800,0.1186,0.0134,18d224d
56ac3a783563,2026-07-06T16:37:45+00:00,e1_baselines_default,moons,rf,5324e25aa1,1,s1_f3,classical,400,100,2,,0.950000,0.950000,0.951456,0.994600,0.1153,0.0144,18d224d
9776d4247d7b,2026-07-06T16:37:45+00:00,e1_baselines_default,moons,rf,5324e25aa1,1,s1_f4,classical,400,100,2,,0.980000,0.980000,0.980392,0.999200,0.1171,0.0137,18d224d
d8efea62ee05,2026-07-06T16:37:46+00:00,e1_baselines_default,moons,rf,5324e25aa1,2,s2_f0,classical,400,100,2,,0.980000,0.980000,0.980392,0.998800,0.1167,0.0138,18d224d
06aaaea8a06f,2026-07-06T16:37:46+00:00,e1_baselines_default,moons,rf,5324e25aa1,2,s2_f1,classical,400,100,2,,0.960000,0.960000,0.960784,0.994200,0.1265,0.0150,18d224d
5f24ea5e8098,2026-07-06T16:37:46+00:00,e1_baselines_default,moons,rf,5324e25aa1,2,s2_f2,classical,400,100,2,,0.950000,0.950000,0.949495,0.995200,0.1201,0.0147,18d224d
395f295b207f,2026-07-06T16:37:46+00:00,e1_baselines_default,moons,rf,5324e25aa1,2,s2_f3,classical,400,100,2,,0.980000,0.980000,0.979592,0.993400,0.1172,0.0135,18d224d
2ebd153f1642,2026-07-06T16:37:46+00:00,e1_baselines_default,moons,rf,5324e25aa1,2,s2_f4,classical,400,100,2,,0.980000,0.980000,0.980000,0.995400,0.1177,0.0133,18d224d
b63cf469b24c,2026-07-06T16:37:46+00:00,e1_baselines_default,moons,rf,5324e25aa1,3,s3_f0,classical,400,100,2,,0.970000,0.970000,0.970874,0.999600,0.1139,0.0134,18d224d
d85f7ec47c08,2026-07-06T16:37:46+00:00,e1_baselines_default,moons,rf,5324e25aa1,3,s3_f1,classical,400,100,2,,0.960000,0.960000,0.960784,0.997200,0.1164,0.0133,18d224d
c653c2362582,2026-07-06T16:37:47+00:00,e1_baselines_default,moons,rf,5324e25aa1,3,s3_f2,classical,400,100,2,,0.940000,0.940000,0.938776,0.990800,0.1176,0.0137,18d224d
a74a78120e60,2026-07-06T16:37:47+00:00,e1_baselines_default,moons,rf,5324e25aa1,3,s3_f3,classical,400,100,2,,0.970000,0.970000,0.970297,0.996800,0.1160,0.0136,18d224d
8f4aa52e4c24,2026-07-06T16:37:47+00:00,e1_baselines_default,moons,rf,5324e25aa1,3,s3_f4,classical,400,100,2,,0.970000,0.970000,0.970297,0.995000,0.1171,0.0136,18d224d
9ef969719e4a,2026-07-06T16:37:47+00:00,e1_baselines_default,moons,rf,5324e25aa1,4,s4_f0,classical,400,100,2,,0.950000,0.950000,0.950495,0.986200,0.1170,0.0133,18d224d
4349dc4bcce8,2026-07-06T16:37:47+00:00,e1_baselines_default,moons,rf,5324e25aa1,4,s4_f1,classical,400,100,2,,0.940000,0.940000,0.936170,0.986200,0.1174,0.0136,18d224d
6db99f95a0c6,2026-07-06T16:37:47+00:00,e1_baselines_default,moons,rf,5324e25aa1,4,s4_f2,classical,400,100,2,,0.930000,0.930000,0.932039,0.993600,0.1183,0.0134,18d224d
10de865a8012,2026-07-06T16:37:47+00:00,e1_baselines_default,moons,rf,5324e25aa1,4,s4_f3,classical,400,100,2,,0.990000,0.990000,0.990099,1.000000,0.1160,0.0138,18d224d
cd3425265590,2026-07-06T16:37:47+00:00,e1_baselines_default,moons,rf,5324e25aa1,4,s4_f4,classical,400,100,2,,0.990000,0.990000,0.990099,0.999600,0.1179,0.0145,18d224d
765bd1d3bd80,2026-07-06T16:37:50+00:00,e1_baselines_default,moons,svm_linear,8717458561,0,s0_f0,classical,400,100,2,3,0.900000,0.900000,0.900000,0.972400,0.0033,0.0009,18d224d
a218d1b817cd,2026-07-06T16:37:50+00:00,e1_baselines_default,moons,svm_linear,8717458561,0,s0_f1,classical,400,100,2,3,0.850000,0.850000,0.851485,0.945600,0.0020,0.0007,18d224d
40245cba31d3,2026-07-06T16:37:50+00:00,e1_baselines_default,moons,svm_linear,8717458561,0,s0_f2,classical,400,100,2,3,0.830000,0.830000,0.834951,0.959600,0.0019,0.0007,18d224d
b7e902e744ec,2026-07-06T16:37:50+00:00,e1_baselines_default,moons,svm_linear,8717458561,0,s0_f3,classical,400,100,2,3,0.810000,0.810000,0.808081,0.942000,0.0019,0.0007,18d224d
d65e5979107e,2026-07-06T16:37:50+00:00,e1_baselines_default,moons,svm_linear,8717458561,0,s0_f4,classical,400,100,2,3,0.890000,0.890000,0.891089,0.953600,0.0022,0.0007,18d224d
b6abef9831b4,2026-07-06T16:37:50+00:00,e1_baselines_default,moons,svm_linear,8717458561,1,s1_f0,classical,400,100,2,3,0.870000,0.870000,0.865979,0.949200,0.0020,0.0007,18d224d
17b8792458d7,2026-07-06T16:37:50+00:00,e1_baselines_default,moons,svm_linear,8717458561,1,s1_f1,classical,400,100,2,3,0.820000,0.820000,0.816327,0.942400,0.0020,0.0007,18d224d
6d6974efdd08,2026-07-06T16:37:50+00:00,e1_baselines_default,moons,svm_linear,8717458561,1,s1_f2,classical,400,100,2,3,0.840000,0.840000,0.843137,0.942400,0.0020,0.0008,18d224d
fc4c1e5e2d21,2026-07-06T16:37:50+00:00,e1_baselines_default,moons,svm_linear,8717458561,1,s1_f3,classical,400,100,2,3,0.840000,0.840000,0.843137,0.954000,0.0023,0.0007,18d224d
2176c1598ddb,2026-07-06T16:37:50+00:00,e1_baselines_default,moons,svm_linear,8717458561,1,s1_f4,classical,400,100,2,3,0.910000,0.910000,0.910891,0.983600,0.0023,0.0008,18d224d
d65c2f2e56f4,2026-07-06T16:37:50+00:00,e1_baselines_default,moons,svm_linear,8717458561,2,s2_f0,classical,400,100,2,3,0.850000,0.850000,0.848485,0.947600,0.0022,0.0007,18d224d
0ae93776e912,2026-07-06T16:37:50+00:00,e1_baselines_default,moons,svm_linear,8717458561,2,s2_f1,classical,400,100,2,3,0.810000,0.810000,0.808081,0.918000,0.0020,0.0008,18d224d
9a1d82ff7f2c,2026-07-06T16:37:50+00:00,e1_baselines_default,moons,svm_linear,8717458561,2,s2_f2,classical,400,100,2,3,0.850000,0.850000,0.851485,0.950400,0.0019,0.0007,18d224d
76cb636c7aa5,2026-07-06T16:37:50+00:00,e1_baselines_default,moons,svm_linear,8717458561,2,s2_f3,classical,400,100,2,3,0.880000,0.880000,0.884615,0.964000,0.0021,0.0007,18d224d
6c9305504777,2026-07-06T16:37:50+00:00,e1_baselines_default,moons,svm_linear,8717458561,2,s2_f4,classical,400,100,2,3,0.890000,0.890000,0.886598,0.974800,0.0023,0.0006,18d224d
d2d5fdf04c6f,2026-07-06T16:37:50+00:00,e1_baselines_default,moons,svm_linear,8717458561,3,s3_f0,classical,400,100,2,3,0.880000,0.880000,0.877551,0.960400,0.0019,0.0007,18d224d
489a7236b791,2026-07-06T16:37:50+00:00,e1_baselines_default,moons,svm_linear,8717458561,3,s3_f1,classical,400,100,2,3,0.820000,0.820000,0.830189,0.938800,0.0020,0.0006,18d224d
cfeb614bb1bb,2026-07-06T16:37:50+00:00,e1_baselines_default,moons,svm_linear,8717458561,3,s3_f2,classical,400,100,2,3,0.870000,0.870000,0.868687,0.962000,0.0020,0.0007,18d224d
07070a15b564,2026-07-06T16:37:50+00:00,e1_baselines_default,moons,svm_linear,8717458561,3,s3_f3,classical,400,100,2,3,0.880000,0.880000,0.877551,0.956800,0.0023,0.0007,18d224d
7bcd757998d0,2026-07-06T16:37:50+00:00,e1_baselines_default,moons,svm_linear,8717458561,3,s3_f4,classical,400,100,2,3,0.850000,0.850000,0.851485,0.948000,0.0023,0.0007,18d224d
a3a02031d412,2026-07-06T16:37:50+00:00,e1_baselines_default,moons,svm_linear,8717458561,4,s4_f0,classical,400,100,2,3,0.890000,0.890000,0.893204,0.958400,0.0023,0.0007,18d224d
c2a7166faf54,2026-07-06T16:37:50+00:00,e1_baselines_default,moons,svm_linear,8717458561,4,s4_f1,classical,400,100,2,3,0.800000,0.800000,0.803922,0.914000,0.0019,0.0007,18d224d
14c7a3a9c402,2026-07-06T16:37:50+00:00,e1_baselines_default,moons,svm_linear,8717458561,4,s4_f2,classical,400,100,2,3,0.850000,0.850000,0.851485,0.943600,0.0020,0.0006,18d224d
dc4fb341cbdf,2026-07-06T16:37:50+00:00,e1_baselines_default,moons,svm_linear,8717458561,4,s4_f3,classical,400,100,2,3,0.920000,0.920000,0.920000,0.981200,0.0028,0.0008,18d224d
0cfdc540a9a4,2026-07-06T16:37:50+00:00,e1_baselines_default,moons,svm_linear,8717458561,4,s4_f4,classical,400,100,2,3,0.840000,0.840000,0.833333,0.960800,0.0020,0.0007,18d224d
ef025546110b,2026-07-06T16:37:53+00:00,e1_baselines_default,moons,svm_rbf,7d720a5674,0,s0_f0,classical,400,100,2,,0.980000,0.980000,0.980392,0.997600,0.0028,0.0010,18d224d
8d3e17f493db,2026-07-06T16:37:53+00:00,e1_baselines_default,moons,svm_rbf,7d720a5674,0,s0_f1,classical,400,100,2,,0.960000,0.960000,0.960784,0.994400,0.0018,0.0008,18d224d
2f15fd5d0396,2026-07-06T16:37:53+00:00,e1_baselines_default,moons,svm_rbf,7d720a5674,0,s0_f2,classical,400,100,2,,0.990000,0.990000,0.989899,0.997600,0.0019,0.0009,18d224d
bfb3255e47d5,2026-07-06T16:37:53+00:00,e1_baselines_default,moons,svm_rbf,7d720a5674,0,s0_f3,classical,400,100,2,,0.950000,0.950000,0.950495,0.987600,0.0017,0.0009,18d224d
7d59d59fbec2,2026-07-06T16:37:53+00:00,e1_baselines_default,moons,svm_rbf,7d720a5674,0,s0_f4,classical,400,100,2,,0.970000,0.970000,0.970297,0.997600,0.0017,0.0009,18d224d
c9b184569c26,2026-07-06T16:37:53+00:00,e1_baselines_default,moons,svm_rbf,7d720a5674,1,s1_f0,classical,400,100,2,,0.950000,0.950000,0.948454,0.995600,0.0018,0.0008,18d224d
4d3845bbc9d9,2026-07-06T16:37:53+00:00,e1_baselines_default,moons,svm_rbf,7d720a5674,1,s1_f1,classical,400,100,2,,0.940000,0.940000,0.941176,0.990800,0.0019,0.0008,18d224d
3d16754eec5c,2026-07-06T16:37:53+00:00,e1_baselines_default,moons,svm_rbf,7d720a5674,1,s1_f2,classical,400,100,2,,0.960000,0.960000,0.959184,0.995600,0.0018,0.0010,18d224d
af3f221c29a3,2026-07-06T16:37:53+00:00,e1_baselines_default,moons,svm_rbf,7d720a5674,1,s1_f3,classical,400,100,2,,0.960000,0.960000,0.961538,0.997200,0.0018,0.0008,18d224d
7ce7221b5ed5,2026-07-06T16:37:53+00:00,e1_baselines_default,moons,svm_rbf,7d720a5674,1,s1_f4,classical,400,100,2,,0.980000,0.980000,0.980392,0.999600,0.0018,0.0009,18d224d
4e98fc6ea234,2026-07-06T16:37:53+00:00,e1_baselines_default,moons,svm_rbf,7d720a5674,2,s2_f0,classical,400,100,2,,0.970000,0.970000,0.970297,0.997600,0.0017,0.0008,18d224d
dda29f7e26fb,2026-07-06T16:37:53+00:00,e1_baselines_default,moons,svm_rbf,7d720a5674,2,s2_f1,classical,400,100,2,,0.940000,0.940000,0.942308,0.990400,0.0018,0.0008,18d224d
7bb11f916601,2026-07-06T16:37:53+00:00,e1_baselines_default,moons,svm_rbf,7d720a5674,2,s2_f2,classical,400,100,2,,0.970000,0.970000,0.970874,0.997200,0.0019,0.0009,18d224d
c89195ca70e2,2026-07-06T16:37:53+00:00,e1_baselines_default,moons,svm_rbf,7d720a5674,2,s2_f3,classical,400,100,2,,0.960000,0.960000,0.959184,0.998000,0.0017,0.0010,18d224d
bd80659e5d0d,2026-07-06T16:37:53+00:00,e1_baselines_default,moons,svm_rbf,7d720a5674,2,s2_f4,classical,400,100,2,,0.980000,0.980000,0.980000,0.994800,0.0019,0.0009,18d224d
1b44918c6c4b,2026-07-06T16:37:53+00:00,e1_baselines_default,moons,svm_rbf,7d720a5674,3,s3_f0,classical,400,100,2,,0.980000,0.980000,0.980392,0.998400,0.0017,0.0008,18d224d
c01acd1561e1,2026-07-06T16:37:53+00:00,e1_baselines_default,moons,svm_rbf,7d720a5674,3,s3_f1,classical,400,100,2,,0.960000,0.960000,0.961538,0.996800,0.0017,0.0009,18d224d
2ae760eeac40,2026-07-06T16:37:53+00:00,e1_baselines_default,moons,svm_rbf,7d720a5674,3,s3_f2,classical,400,100,2,,0.960000,0.960000,0.960000,0.996400,0.0017,0.0009,18d224d
521fe04c4493,2026-07-06T16:37:53+00:00,e1_baselines_default,moons,svm_rbf,7d720a5674,3,s3_f3,classical,400,100,2,,0.950000,0.950000,0.950495,0.994000,0.0018,0.0009,18d224d
a1f03ff96317,2026-07-06T16:37:53+00:00,e1_baselines_default,moons,svm_rbf,7d720a5674,3,s3_f4,classical,400,100,2,,0.960000,0.960000,0.960000,0.994400,0.0017,0.0008,18d224d
7c1725b92514,2026-07-06T16:37:53+00:00,e1_baselines_default,moons,svm_rbf,7d720a5674,4,s4_f0,classical,400,100,2,,0.940000,0.940000,0.942308,0.993200,0.0021,0.0009,18d224d
6f44fa6ef4a3,2026-07-06T16:37:53+00:00,e1_baselines_default,moons,svm_rbf,7d720a5674,4,s4_f1,classical,400,100,2,,0.940000,0.940000,0.936170,0.996400,0.0019,0.0008,18d224d
cbedb952569e,2026-07-06T16:37:54+00:00,e1_baselines_default,moons,svm_rbf,7d720a5674,4,s4_f2,classical,400,100,2,,0.930000,0.930000,0.933333,0.989600,0.0018,0.0008,18d224d
c24152076334,2026-07-06T16:37:54+00:00,e1_baselines_default,moons,svm_rbf,7d720a5674,4,s4_f3,classical,400,100,2,,0.990000,0.990000,0.990099,0.998800,0.0018,0.0008,18d224d
5cd7c5a42d24,2026-07-06T16:37:54+00:00,e1_baselines_default,moons,svm_rbf,7d720a5674,4,s4_f4,classical,400,100,2,,1.000000,1.000000,1.000000,1.000000,0.0018,0.0009,18d224d
df3f826300cf,2026-07-06T16:37:56+00:00,e1_baselines_default,moons,xgboost,f18a2669a4,0,s0_f0,classical,400,100,2,,0.970000,0.970000,0.970297,0.999200,0.0157,0.0015,18d224d
a283a3634a99,2026-07-06T16:37:56+00:00,e1_baselines_default,moons,xgboost,f18a2669a4,0,s0_f1,classical,400,100,2,,0.960000,0.960000,0.960784,0.965200,0.0131,0.0013,18d224d
975c4fa18744,2026-07-06T16:37:56+00:00,e1_baselines_default,moons,xgboost,f18a2669a4,0,s0_f2,classical,400,100,2,,0.990000,0.990000,0.989899,1.000000,0.0135,0.0012,18d224d
1ded619134d2,2026-07-06T16:37:56+00:00,e1_baselines_default,moons,xgboost,f18a2669a4,0,s0_f3,classical,400,100,2,,0.930000,0.930000,0.929293,0.990600,0.0120,0.0012,18d224d
f588023b6d74,2026-07-06T16:37:57+00:00,e1_baselines_default,moons,xgboost,f18a2669a4,0,s0_f4,classical,400,100,2,,0.950000,0.950000,0.949495,0.997200,0.0132,0.0013,18d224d
7501603de2b1,2026-07-06T16:37:57+00:00,e1_baselines_default,moons,xgboost,f18a2669a4,1,s1_f0,classical,400,100,2,,0.960000,0.960000,0.960000,0.991800,0.0126,0.0012,18d224d
da3798254052,2026-07-06T16:37:57+00:00,e1_baselines_default,moons,xgboost,f18a2669a4,1,s1_f1,classical,400,100,2,,0.970000,0.970000,0.969697,0.989200,0.0130,0.0011,18d224d
246a55e98af2,2026-07-06T16:37:57+00:00,e1_baselines_default,moons,xgboost,f18a2669a4,1,s1_f2,classical,400,100,2,,0.960000,0.960000,0.959184,0.997600,0.0155,0.0020,18d224d
8826b7111007,2026-07-06T16:37:57+00:00,e1_baselines_default,moons,xgboost,f18a2669a4,1,s1_f3,classical,400,100,2,,0.960000,0.960000,0.960784,0.994800,0.0128,0.0012,18d224d
114e2c44cb97,2026-07-06T16:37:57+00:00,e1_baselines_default,moons,xgboost,f18a2669a4,1,s1_f4,classical,400,100,2,,0.980000,0.980000,0.980392,0.999600,0.0135,0.0013,18d224d
85aa502044df,2026-07-06T16:37:57+00:00,e1_baselines_default,moons,xgboost,f18a2669a4,2,s2_f0,classical,400,100,2,,0.990000,0.990000,0.990099,0.999200,0.0133,0.0012,18d224d
dcb5207bbebb,2026-07-06T16:37:57+00:00,e1_baselines_default,moons,xgboost,f18a2669a4,2,s2_f1,classical,400,100,2,,0.960000,0.960000,0.960784,0.995800,0.0129,0.0012,18d224d
f3aeffd85b1f,2026-07-06T16:37:57+00:00,e1_baselines_default,moons,xgboost,f18a2669a4,2,s2_f2,classical,400,100,2,,0.920000,0.920000,0.916667,0.990200,0.0129,0.0013,18d224d
bedafa480d8b,2026-07-06T16:37:57+00:00,e1_baselines_default,moons,xgboost,f18a2669a4,2,s2_f3,classical,400,100,2,,0.980000,0.980000,0.979592,0.999200,0.0130,0.0012,18d224d
f94b2c7a1b70,2026-07-06T16:37:57+00:00,e1_baselines_default,moons,xgboost,f18a2669a4,2,s2_f4,classical,400,100,2,,0.970000,0.970000,0.970297,0.997400,0.0126,0.0012,18d224d
41f4d72e3f08,2026-07-06T16:37:57+00:00,e1_baselines_default,moons,xgboost,f18a2669a4,3,s3_f0,classical,400,100,2,,0.970000,0.970000,0.970874,0.993000,0.0129,0.0012,18d224d
8e67abb2754c,2026-07-06T16:37:57+00:00,e1_baselines_default,moons,xgboost,f18a2669a4,3,s3_f1,classical,400,100,2,,0.960000,0.960000,0.961538,0.997600,0.0128,0.0012,18d224d
859a32b1221a,2026-07-06T16:37:57+00:00,e1_baselines_default,moons,xgboost,f18a2669a4,3,s3_f2,classical,400,100,2,,0.960000,0.960000,0.959184,0.990000,0.0127,0.0012,18d224d
3040a9e8c76b,2026-07-06T16:37:57+00:00,e1_baselines_default,moons,xgboost,f18a2669a4,3,s3_f3,classical,400,100,2,,0.980000,0.980000,0.980392,0.998800,0.0124,0.0011,18d224d
fe63d381b833,2026-07-06T16:37:57+00:00,e1_baselines_default,moons,xgboost,f18a2669a4,3,s3_f4,classical,400,100,2,,0.960000,0.960000,0.960000,0.994000,0.0124,0.0011,18d224d
28ba21fba40a,2026-07-06T16:37:57+00:00,e1_baselines_default,moons,xgboost,f18a2669a4,4,s4_f0,classical,400,100,2,,0.950000,0.950000,0.950495,0.991200,0.0118,0.0011,18d224d
61de9d81b9d1,2026-07-06T16:37:57+00:00,e1_baselines_default,moons,xgboost,f18a2669a4,4,s4_f1,classical,400,100,2,,0.940000,0.940000,0.936170,0.999200,0.0121,0.0012,18d224d
b4dfa99c8e21,2026-07-06T16:37:57+00:00,e1_baselines_default,moons,xgboost,f18a2669a4,4,s4_f2,classical,400,100,2,,0.940000,0.940000,0.941176,0.992800,0.0123,0.0011,18d224d
139b524af979,2026-07-06T16:37:57+00:00,e1_baselines_default,moons,xgboost,f18a2669a4,4,s4_f3,classical,400,100,2,,0.970000,0.970000,0.970297,0.998800,0.0137,0.0012,18d224d
920e679264a9,2026-07-06T16:37:57+00:00,e1_baselines_default,moons,xgboost,f18a2669a4,4,s4_f4,classical,400,100,2,,0.980000,0.980000,0.980392,0.999200,0.0156,0.0011,18d224d
a900ad4ae020,2026-07-06T16:38:00+00:00,e1_baselines_default,wine_binary,knn,35a3342c94,0,s0_f0,classical,95,24,13,,0.916667,0.933333,0.900000,0.996296,0.0015,0.0024,18d224d
4abdb95056fb,2026-07-06T16:38:00+00:00,e1_baselines_default,wine_binary,knn,35a3342c94,0,s0_f1,classical,95,24,13,,0.958333,0.964286,0.952381,0.992857,0.0007,0.0020,18d224d
6bcc9bc62ce2,2026-07-06T16:38:00+00:00,e1_baselines_default,wine_binary,knn,35a3342c94,0,s0_f2,classical,95,24,13,,1.000000,1.000000,1.000000,1.000000,0.0007,0.0018,18d224d
6672c66a7323,2026-07-06T16:38:00+00:00,e1_baselines_default,wine_binary,knn,35a3342c94,0,s0_f3,classical,95,24,13,,0.958333,0.964286,0.952381,1.000000,0.0006,0.0019,18d224d
b9fb399388af,2026-07-06T16:38:00+00:00,e1_baselines_default,wine_binary,knn,35a3342c94,0,s0_f4,classical,96,23,13,,0.956522,0.944444,0.941176,0.996032,0.0006,0.0020,18d224d
4f36d4e948e3,2026-07-06T16:38:00+00:00,e1_baselines_default,wine_binary,knn,35a3342c94,1,s1_f0,classical,95,24,13,,0.916667,0.933333,0.900000,0.966667,0.0007,0.0016,18d224d
ceb9bd0da2af,2026-07-06T16:38:00+00:00,e1_baselines_default,wine_binary,knn,35a3342c94,1,s1_f1,classical,95,24,13,,1.000000,1.000000,1.000000,1.000000,0.0007,0.0017,18d224d
346b03f13fc2,2026-07-06T16:38:00+00:00,e1_baselines_default,wine_binary,knn,35a3342c94,1,s1_f2,classical,95,24,13,,0.916667,0.914286,0.900000,0.957143,0.0006,0.0018,18d224d
f5ea0c8bce73,2026-07-06T16:38:00+00:00,e1_baselines_default,wine_binary,knn,35a3342c94,1,s1_f3,classical,95,24,13,,1.000000,1.000000,1.000000,1.000000,0.0006,0.0017,18d224d
edd28237ddf3,2026-07-06T16:38:00+00:00,e1_baselines_default,wine_binary,knn,35a3342c94,1,s1_f4,classical,96,23,13,,0.956522,0.964286,0.947368,1.000000,0.0006,0.0016,18d224d
fb15dd324100,2026-07-06T16:38:00+00:00,e1_baselines_default,wine_binary,knn,35a3342c94,2,s2_f0,classical,95,24,13,,0.958333,0.966667,0.947368,0.996296,0.0006,0.0016,18d224d
f44acf92075c,2026-07-06T16:38:00+00:00,e1_baselines_default,wine_binary,knn,35a3342c94,2,s2_f1,classical,95,24,13,,1.000000,1.000000,1.000000,1.000000,0.0007,0.0017,18d224d
bfad4f121f2c,2026-07-06T16:38:00+00:00,e1_baselines_default,wine_binary,knn,35a3342c94,2,s2_f2,classical,95,24,13,,1.000000,1.000000,1.000000,1.000000,0.0006,0.0018,18d224d
3f92a945d245,2026-07-06T16:38:00+00:00,e1_baselines_default,wine_binary,knn,35a3342c94,2,s2_f3,classical,95,24,13,,1.000000,1.000000,1.000000,1.000000,0.0006,0.0016,18d224d
c8e5c1a8f20b,2026-07-06T16:38:00+00:00,e1_baselines_default,wine_binary,knn,35a3342c94,2,s2_f4,classical,96,23,13,,0.956522,0.964286,0.947368,0.948413,0.0006,0.0016,18d224d
888d4941c154,2026-07-06T16:38:00+00:00,e1_baselines_default,wine_binary,knn,35a3342c94,3,s3_f0,classical,95,24,13,,1.000000,1.000000,1.000000,1.000000,0.0007,0.0017,18d224d
aa080d60ad3b,2026-07-06T16:38:00+00:00,e1_baselines_default,wine_binary,knn,35a3342c94,3,s3_f1,classical,95,24,13,,1.000000,1.000000,1.000000,1.000000,0.0006,0.0017,18d224d
0e22a2296905,2026-07-06T16:38:00+00:00,e1_baselines_default,wine_binary,knn,35a3342c94,3,s3_f2,classical,95,24,13,,0.916667,0.928571,0.909091,0.996429,0.0006,0.0016,18d224d
1f11ecb57f86,2026-07-06T16:38:00+00:00,e1_baselines_default,wine_binary,knn,35a3342c94,3,s3_f3,classical,95,24,13,,0.958333,0.964286,0.952381,0.960714,0.0006,0.0017,18d224d
2f0c3e3f7a12,2026-07-06T16:38:00+00:00,e1_baselines_default,wine_binary,knn,35a3342c94,3,s3_f4,classical,96,23,13,,0.956522,0.964286,0.947368,0.964286,0.0006,0.0017,18d224d
06baa3c64549,2026-07-06T16:38:00+00:00,e1_baselines_default,wine_binary,knn,35a3342c94,4,s4_f0,classical,95,24,13,,0.958333,0.966667,0.947368,1.000000,0.0006,0.0017,18d224d
da90700fb8b6,2026-07-06T16:38:00+00:00,e1_baselines_default,wine_binary,knn,35a3342c94,4,s4_f1,classical,95,24,13,,1.000000,1.000000,1.000000,1.000000,0.0006,0.0018,18d224d
08922a38d3ca,2026-07-06T16:38:00+00:00,e1_baselines_default,wine_binary,knn,35a3342c94,4,s4_f2,classical,95,24,13,,0.958333,0.950000,0.947368,1.000000,0.0007,0.0017,18d224d
a0fba22befed,2026-07-06T16:38:00+00:00,e1_baselines_default,wine_binary,knn,35a3342c94,4,s4_f3,classical,95,24,13,,0.958333,0.964286,0.952381,1.000000,0.0006,0.0016,18d224d
cfe5ec4ab820,2026-07-06T16:38:00+00:00,e1_baselines_default,wine_binary,knn,35a3342c94,4,s4_f4,classical,96,23,13,,0.913043,0.928571,0.900000,1.000000,0.0007,0.0017,18d224d
df30b244daa3,2026-07-06T16:38:03+00:00,e1_baselines_default,wine_binary,logreg,36dbedaa44,0,s0_f0,classical,95,24,13,14,0.958333,0.966667,0.947368,0.992593,0.0051,0.0005,18d224d
f2f7ee022fd5,2026-07-06T16:38:03+00:00,e1_baselines_default,wine_binary,logreg,36dbedaa44,0,s0_f1,classical,95,24,13,14,1.000000,1.000000,1.000000,1.000000,0.0033,0.0004,18d224d
f4315e2352bb,2026-07-06T16:38:03+00:00,e1_baselines_default,wine_binary,logreg,36dbedaa44,0,s0_f2,classical,95,24,13,14,1.000000,1.000000,1.000000,1.000000,0.0035,0.0004,18d224d
3836590e5d64,2026-07-06T16:38:03+00:00,e1_baselines_default,wine_binary,logreg,36dbedaa44,0,s0_f3,classical,95,24,13,14,1.000000,1.000000,1.000000,1.000000,0.0036,0.0004,18d224d
30b22d82543a,2026-07-06T16:38:03+00:00,e1_baselines_default,wine_binary,logreg,36dbedaa44,0,s0_f4,classical,96,23,13,14,1.000000,1.000000,1.000000,1.000000,0.0035,0.0003,18d224d
247b2ec13486,2026-07-06T16:38:03+00:00,e1_baselines_default,wine_binary,logreg,36dbedaa44,1,s1_f0,classical,95,24,13,14,0.916667,0.933333,0.900000,1.000000,0.0033,0.0003,18d224d
a8d70554556e,2026-07-06T16:38:03+00:00,e1_baselines_default,wine_binary,logreg,36dbedaa44,1,s1_f1,classical,95,24,13,14,1.000000,1.000000,1.000000,1.000000,0.0039,0.0003,18d224d
e8451596b62f,2026-07-06T16:38:03+00:00,e1_baselines_default,wine_binary,logreg,36dbedaa44,1,s1_f2,classical,95,24,13,14,0.958333,0.964286,0.952381,1.000000,0.0034,0.0004,18d224d
56ae50272d4d,2026-07-06T16:38:03+00:00,e1_baselines_default,wine_binary,logreg,36dbedaa44,1,s1_f3,classical,95,24,13,14,1.000000,1.000000,1.000000,1.000000,0.0032,0.0003,18d224d
9bfb9c40084d,2026-07-06T16:38:03+00:00,e1_baselines_default,wine_binary,logreg,36dbedaa44,1,s1_f4,classical,96,23,13,14,1.000000,1.000000,1.000000,1.000000,0.0036,0.0003,18d224d
74b22c58f162,2026-07-06T16:38:03+00:00,e1_baselines_default,wine_binary,logreg,36dbedaa44,2,s2_f0,classical,95,24,13,14,0.958333,0.966667,0.947368,0.992593,0.0034,0.0004,18d224d
5e58a72d8f97,2026-07-06T16:38:03+00:00,e1_baselines_default,wine_binary,logreg,36dbedaa44,2,s2_f1,classical,95,24,13,14,1.000000,1.000000,1.000000,1.000000,0.0031,0.0004,18d224d
cf25ab671891,2026-07-06T16:38:03+00:00,e1_baselines_default,wine_binary,logreg,36dbedaa44,2,s2_f2,classical,95,24,13,14,1.000000,1.000000,1.000000,1.000000,0.0032,0.0003,18d224d
3c670f55c8f1,2026-07-06T16:38:03+00:00,e1_baselines_default,wine_binary,logreg,36dbedaa44,2,s2_f3,classical,95,24,13,14,1.000000,1.000000,1.000000,1.000000,0.0032,0.0004,18d224d
6b23ca114a13,2026-07-06T16:38:03+00:00,e1_baselines_default,wine_binary,logreg,36dbedaa44,2,s2_f4,classical,96,23,13,14,0.956522,0.964286,0.947368,1.000000,0.0034,0.0003,18d224d
9e9fe9f535e7,2026-07-06T16:38:03+00:00,e1_baselines_default,wine_binary,logreg,36dbedaa44,3,s3_f0,classical,95,24,13,14,1.000000,1.000000,1.000000,1.000000,0.0039,0.0003,18d224d
cf274f7ba452,2026-07-06T16:38:03+00:00,e1_baselines_default,wine_binary,logreg,36dbedaa44,3,s3_f1,classical,95,24,13,14,1.000000,1.000000,1.000000,1.000000,0.0035,0.0004,18d224d
0301490c35ab,2026-07-06T16:38:03+00:00,e1_baselines_default,wine_binary,logreg,36dbedaa44,3,s3_f2,classical,95,24,13,14,1.000000,1.000000,1.000000,1.000000,0.0033,0.0003,18d224d
c8440c4eaef6,2026-07-06T16:38:03+00:00,e1_baselines_default,wine_binary,logreg,36dbedaa44,3,s3_f3,classical,95,24,13,14,0.958333,0.964286,0.952381,0.992857,0.0031,0.0003,18d224d
d90720fa4c83,2026-07-06T16:38:03+00:00,e1_baselines_default,wine_binary,logreg,36dbedaa44,3,s3_f4,classical,96,23,13,14,0.956522,0.964286,0.947368,1.000000,0.0035,0.0003,18d224d
8f4d443c188c,2026-07-06T16:38:03+00:00,e1_baselines_default,wine_binary,logreg,36dbedaa44,4,s4_f0,classical,95,24,13,14,1.000000,1.000000,1.000000,1.000000,0.0032,0.0004,18d224d
bf3b5076681a,2026-07-06T16:38:03+00:00,e1_baselines_default,wine_binary,logreg,36dbedaa44,4,s4_f1,classical,95,24,13,14,1.000000,1.000000,1.000000,1.000000,0.0033,0.0004,18d224d
5ab86205fc33,2026-07-06T16:38:03+00:00,e1_baselines_default,wine_binary,logreg,36dbedaa44,4,s4_f2,classical,95,24,13,14,1.000000,1.000000,1.000000,1.000000,0.0036,0.0003,18d224d
5fc786c3a6ad,2026-07-06T16:38:03+00:00,e1_baselines_default,wine_binary,logreg,36dbedaa44,4,s4_f3,classical,95,24,13,14,0.958333,0.964286,0.952381,1.000000,0.0032,0.0004,18d224d
0fe0fc5835f1,2026-07-06T16:38:03+00:00,e1_baselines_default,wine_binary,logreg,36dbedaa44,4,s4_f4,classical,96,23,13,14,1.000000,1.000000,1.000000,1.000000,0.0035,0.0003,18d224d
7e193313e4cd,2026-07-06T16:38:06+00:00,e1_baselines_default,wine_binary,mlp,e3c7505fad,0,s0_f0,classical,95,24,13,121,0.916667,0.933333,0.900000,0.985185,0.1620,0.0006,18d224d
751611986709,2026-07-06T16:38:06+00:00,e1_baselines_default,wine_binary,mlp,e3c7505fad,0,s0_f1,classical,95,24,13,121,0.958333,0.964286,0.952381,1.000000,0.1649,0.0006,18d224d
69b99622fbfc,2026-07-06T16:38:06+00:00,e1_baselines_default,wine_binary,mlp,e3c7505fad,0,s0_f2,classical,95,24,13,121,1.000000,1.000000,1.000000,1.000000,0.1706,0.0005,18d224d
2b147e6805b1,2026-07-06T16:38:07+00:00,e1_baselines_default,wine_binary,mlp,e3c7505fad,0,s0_f3,classical,95,24,13,121,1.000000,1.000000,1.000000,1.000000,0.1709,0.0005,18d224d
927203739d4b,2026-07-06T16:38:07+00:00,e1_baselines_default,wine_binary,mlp,e3c7505fad,0,s0_f4,classical,96,23,13,121,1.000000,1.000000,1.000000,1.000000,0.1750,0.0005,18d224d
32350b81b65e,2026-07-06T16:38:07+00:00,e1_baselines_default,wine_binary,mlp,e3c7505fad,1,s1_f0,classical,95,24,13,121,0.916667,0.933333,0.900000,1.000000,0.2852,0.0005,18d224d
dc30b148f7aa,2026-07-06T16:38:07+00:00,e1_baselines_default,wine_binary,mlp,e3c7505fad,1,s1_f1,classical,95,24,13,121,1.000000,1.000000,1.000000,1.000000,0.2274,0.0005,18d224d
cc25c821ec1f,2026-07-06T16:38:07+00:00,e1_baselines_default,wine_binary,mlp,e3c7505fad,1,s1_f2,classical,95,24,13,121,0.958333,0.964286,0.952381,1.000000,0.1960,0.0006,18d224d
d8504702676c,2026-07-06T16:38:08+00:00,e1_baselines_default,wine_binary,mlp,e3c7505fad,1,s1_f3,classical,95,24,13,121,1.000000,1.000000,1.000000,1.000000,0.1913,0.0005,18d224d
55d1d7edd9a0,2026-07-06T16:38:08+00:00,e1_baselines_default,wine_binary,mlp,e3c7505fad,1,s1_f4,classical,96,23,13,121,1.000000,1.000000,1.000000,1.000000,0.2898,0.0005,18d224d
72c65cc7d943,2026-07-06T16:38:08+00:00,e1_baselines_default,wine_binary,mlp,e3c7505fad,2,s2_f0,classical,95,24,13,121,0.958333,0.966667,0.947368,1.000000,0.1705,0.0006,18d224d
6bc1adc4c925,2026-07-06T16:38:08+00:00,e1_baselines_default,wine_binary,mlp,e3c7505fad,2,s2_f1,classical,95,24,13,121,0.958333,0.964286,0.952381,1.000000,0.1877,0.0005,18d224d
6b0f7c281e37,2026-07-06T16:38:08+00:00,e1_baselines_default,wine_binary,mlp,e3c7505fad,2,s2_f2,classical,95,24,13,121,1.000000,1.000000,1.000000,1.000000,0.1857,0.0005,18d224d
bd083954afd9,2026-07-06T16:38:09+00:00,e1_baselines_default,wine_binary,mlp,e3c7505fad,2,s2_f3,classical,95,24,13,121,1.000000,1.000000,1.000000,1.000000,0.1880,0.0005,18d224d
f0967b5b18f5,2026-07-06T16:38:09+00:00,e1_baselines_default,wine_binary,mlp,e3c7505fad,2,s2_f4,classical,96,23,13,121,0.956522,0.964286,0.947368,1.000000,0.1766,0.0005,18d224d
a0ee3dd4ecbc,2026-07-06T16:38:09+00:00,e1_baselines_default,wine_binary,mlp,e3c7505fad,3,s3_f0,classical,95,24,13,121,1.000000,1.000000,1.000000,1.000000,0.2213,0.0005,18d224d
cd1a8bf57e68,2026-07-06T16:38:09+00:00,e1_baselines_default,wine_binary,mlp,e3c7505fad,3,s3_f1,classical,95,24,13,121,0.958333,0.950000,0.947368,1.000000,0.2070,0.0005,18d224d
31c81a343368,2026-07-06T16:38:09+00:00,e1_baselines_default,wine_binary,mlp,e3c7505fad,3,s3_f2,classical,95,24,13,121,0.958333,0.964286,0.952381,1.000000,0.1911,0.0005,18d224d
ccc5289eecd2,2026-07-06T16:38:10+00:00,e1_baselines_default,wine_binary,mlp,e3c7505fad,3,s3_f3,classical,95,24,13,121,0.916667,0.928571,0.909091,1.000000,0.1953,0.0005,18d224d
ed887e9a94f5,2026-07-06T16:38:10+00:00,e1_baselines_default,wine_binary,mlp,e3c7505fad,3,s3_f4,classical,96,23,13,121,1.000000,1.000000,1.000000,1.000000,0.1976,0.0005,18d224d
18f3a5ddb729,2026-07-06T16:38:10+00:00,e1_baselines_default,wine_binary,mlp,e3c7505fad,4,s4_f0,classical,95,24,13,121,0.958333,0.966667,0.947368,1.000000,0.1653,0.0005,18d224d
be8e943975ec,2026-07-06T16:38:10+00:00,e1_baselines_default,wine_binary,mlp,e3c7505fad,4,s4_f1,classical,95,24,13,121,1.000000,1.000000,1.000000,1.000000,0.1683,0.0004,18d224d
19a4c1b90dd9,2026-07-06T16:38:10+00:00,e1_baselines_default,wine_binary,mlp,e3c7505fad,4,s4_f2,classical,95,24,13,121,1.000000,1.000000,1.000000,1.000000,0.1655,0.0005,18d224d
eb4c3a55e372,2026-07-06T16:38:11+00:00,e1_baselines_default,wine_binary,mlp,e3c7505fad,4,s4_f3,classical,95,24,13,121,1.000000,1.000000,1.000000,1.000000,0.1678,0.0005,18d224d
8d6f4095feda,2026-07-06T16:38:11+00:00,e1_baselines_default,wine_binary,mlp,e3c7505fad,4,s4_f4,classical,96,23,13,121,0.956522,0.964286,0.947368,1.000000,0.1521,0.0005,18d224d
79fe2c5c19e1,2026-07-06T16:38:14+00:00,e1_baselines_default,wine_binary,rf,3fa83a2734,0,s0_f0,classical,95,24,13,,0.958333,0.966667,0.947368,0.985185,0.1079,0.0135,18d224d
3abe5220fb3b,2026-07-06T16:38:14+00:00,e1_baselines_default,wine_binary,rf,3fa83a2734,0,s0_f1,classical,95,24,13,,1.000000,1.000000,1.000000,1.000000,0.1060,0.0126,18d224d
0199cac6a815,2026-07-06T16:38:14+00:00,e1_baselines_default,wine_binary,rf,3fa83a2734,0,s0_f2,classical,95,24,13,,1.000000,1.000000,1.000000,1.000000,0.1079,0.0126,18d224d
986abf59bf0d,2026-07-06T16:38:14+00:00,e1_baselines_default,wine_binary,rf,3fa83a2734,0,s0_f3,classical,95,24,13,,1.000000,1.000000,1.000000,1.000000,0.1040,0.0129,18d224d
0ba0011089ef,2026-07-06T16:38:14+00:00,e1_baselines_default,wine_binary,rf,3fa83a2734,0,s0_f4,classical,96,23,13,,1.000000,1.000000,1.000000,1.000000,0.1044,0.0129,18d224d
5eb600b6feb7,2026-07-06T16:38:14+00:00,e1_baselines_default,wine_binary,rf,3fa83a2734,1,s1_f0,classical,95,24,13,,0.916667,0.933333,0.900000,1.000000,0.1072,0.0127,18d224d
98e7b842581e,2026-07-06T16:38:14+00:00,e1_baselines_default,wine_binary,rf,3fa83a2734,1,s1_f1,classical,95,24,13,,1.000000,1.000000,1.000000,1.000000,0.1080,0.0142,18d224d
1eeede7601e3,2026-07-06T16:38:15+00:00,e1_baselines_default,wine_binary,rf,3fa83a2734,1,s1_f2,classical,95,24,13,,1.000000,1.000000,1.000000,1.000000,0.1203,0.0132,18d224d
5e69bb2ed58a,2026-07-06T16:38:15+00:00,e1_baselines_default,wine_binary,rf,3fa83a2734,1,s1_f3,classical,95,24,13,,1.000000,1.000000,1.000000,1.000000,0.1090,0.0129,18d224d
2686b85552ce,2026-07-06T16:38:15+00:00,e1_baselines_default,wine_binary,rf,3fa83a2734,1,s1_f4,classical,96,23,13,,0.956522,0.964286,0.947368,1.000000,0.1081,0.0129,18d224d
42801f7e1127,2026-07-06T16:38:15+00:00,e1_baselines_default,wine_binary,rf,3fa83a2734,2,s2_f0,classical,95,24,13,,0.958333,0.966667,0.947368,1.000000,0.1090,0.0135,18d224d
03046f56f390,2026-07-06T16:38:15+00:00,e1_baselines_default,wine_binary,rf,3fa83a2734,2,s2_f1,classical,95,24,13,,1.000000,1.000000,1.000000,1.000000,0.1094,0.0127,18d224d
9277f28bb36e,2026-07-06T16:38:15+00:00,e1_baselines_default,wine_binary,rf,3fa83a2734,2,s2_f2,classical,95,24,13,,1.000000,1.000000,1.000000,1.000000,0.1102,0.0129,18d224d
d8e1375f4813,2026-07-06T16:38:15+00:00,e1_baselines_default,wine_binary,rf,3fa83a2734,2,s2_f3,classical,95,24,13,,1.000000,1.000000,1.000000,1.000000,0.1062,0.0131,18d224d
ddf1aefd6de8,2026-07-06T16:38:15+00:00,e1_baselines_default,wine_binary,rf,3fa83a2734,2,s2_f4,classical,96,23,13,,0.956522,0.964286,0.947368,1.000000,0.1082,0.0132,18d224d
cb9c4cc283d7,2026-07-06T16:38:16+00:00,e1_baselines_default,wine_binary,rf,3fa83a2734,3,s3_f0,classical,95,24,13,,1.000000,1.000000,1.000000,1.000000,0.1114,0.0153,18d224d
89c2542b1179,2026-07-06T16:38:16+00:00,e1_baselines_default,wine_binary,rf,3fa83a2734,3,s3_f1,classical,95,24,13,,1.000000,1.000000,1.000000,1.000000,0.1115,0.0134,18d224d
bf0344b55299,2026-07-06T16:38:16+00:00,e1_baselines_default,wine_binary,rf,3fa83a2734,3,s3_f2,classical,95,24,13,,1.000000,1.000000,1.000000,1.000000,0.1091,0.0132,18d224d
bd7427ea8343,2026-07-06T16:38:16+00:00,e1_baselines_default,wine_binary,rf,3fa83a2734,3,s3_f3,classical,95,24,13,,0.958333,0.964286,0.952381,0.992857,0.1080,0.0132,18d224d
9182ff61f046,2026-07-06T16:38:16+00:00,e1_baselines_default,wine_binary,rf,3fa83a2734,3,s3_f4,classical,96,23,13,,1.000000,1.000000,1.000000,1.000000,0.1065,0.0125,18d224d
63dfde354ff3,2026-07-06T16:38:16+00:00,e1_baselines_default,wine_binary,rf,3fa83a2734,4,s4_f0,classical,95,24,13,,1.000000,1.000000,1.000000,1.000000,0.1054,0.0127,18d224d
e40431ef03c3,2026-07-06T16:38:16+00:00,e1_baselines_default,wine_binary,rf,3fa83a2734,4,s4_f1,classical,95,24,13,,1.000000,1.000000,1.000000,1.000000,0.1059,0.0128,18d224d
f99c173a7760,2026-07-06T16:38:16+00:00,e1_baselines_default,wine_binary,rf,3fa83a2734,4,s4_f2,classical,95,24,13,,1.000000,1.000000,1.000000,1.000000,0.1066,0.0129,18d224d
83e87cdc84ea,2026-07-06T16:38:17+00:00,e1_baselines_default,wine_binary,rf,3fa83a2734,4,s4_f3,classical,95,24,13,,0.958333,0.964286,0.952381,1.000000,0.1074,0.0128,18d224d
26cce3d6477e,2026-07-06T16:38:17+00:00,e1_baselines_default,wine_binary,rf,3fa83a2734,4,s4_f4,classical,96,23,13,,0.956522,0.964286,0.947368,1.000000,0.1072,0.0129,18d224d
be8fcfaa446a,2026-07-06T16:38:20+00:00,e1_baselines_default,wine_binary,svm_linear,29a8b25e45,0,s0_f0,classical,95,24,13,14,0.958333,0.966667,0.947368,0.992593,0.0022,0.0006,18d224d
384b113ef4af,2026-07-06T16:38:20+00:00,e1_baselines_default,wine_binary,svm_linear,29a8b25e45,0,s0_f1,classical,95,24,13,14,0.958333,0.964286,0.952381,1.000000,0.0011,0.0004,18d224d
25d84678749b,2026-07-06T16:38:20+00:00,e1_baselines_default,wine_binary,svm_linear,29a8b25e45,0,s0_f2,classical,95,24,13,14,0.958333,0.964286,0.952381,1.000000,0.0011,0.0004,18d224d
df558bcd7646,2026-07-06T16:38:20+00:00,e1_baselines_default,wine_binary,svm_linear,29a8b25e45,0,s0_f3,classical,95,24,13,14,1.000000,1.000000,1.000000,1.000000,0.0011,0.0011,18d224d
341cf57c5eb5,2026-07-06T16:38:20+00:00,e1_baselines_default,wine_binary,svm_linear,29a8b25e45,0,s0_f4,classical,96,23,13,14,1.000000,1.000000,1.000000,1.000000,0.0011,0.0004,18d224d
dba45245f697,2026-07-06T16:38:20+00:00,e1_baselines_default,wine_binary,svm_linear,29a8b25e45,1,s1_f0,classical,95,24,13,14,0.958333,0.966667,0.947368,1.000000,0.0010,0.0004,18d224d
4104a579b047,2026-07-06T16:38:20+00:00,e1_baselines_default,wine_binary,svm_linear,29a8b25e45,1,s1_f1,classical,95,24,13,14,0.958333,0.950000,0.947368,1.000000,0.0011,0.0004,18d224d
a4f94d528c5f,2026-07-06T16:38:20+00:00,e1_baselines_default,wine_binary,svm_linear,29a8b25e45,1,s1_f2,classical,95,24,13,14,0.958333,0.964286,0.952381,0.992857,0.0010,0.0004,18d224d
f6a0a6f79ba3,2026-07-06T16:38:20+00:00,e1_baselines_default,wine_binary,svm_linear,29a8b25e45,1,s1_f3,classical,95,24,13,14,1.000000,1.000000,1.000000,1.000000,0.0011,0.0004,18d224d
07b76eaf7503,2026-07-06T16:38:20+00:00,e1_baselines_default,wine_binary,svm_linear,29a8b25e45,1,s1_f4,classical,96,23,13,14,1.000000,1.000000,1.000000,1.000000,0.0010,0.0004,18d224d
b4ae6e71ef0b,2026-07-06T16:38:20+00:00,e1_baselines_default,wine_binary,svm_linear,29a8b25e45,2,s2_f0,classical,95,24,13,14,0.916667,0.911111,0.888889,0.992593,0.0011,0.0004,18d224d
cfaccf9d4d6c,2026-07-06T16:38:20+00:00,e1_baselines_default,wine_binary,svm_linear,29a8b25e45,2,s2_f1,classical,95,24,13,14,1.000000,1.000000,1.000000,1.000000,0.0011,0.0004,18d224d
256d12248dc4,2026-07-06T16:38:20+00:00,e1_baselines_default,wine_binary,svm_linear,29a8b25e45,2,s2_f2,classical,95,24,13,14,0.958333,0.964286,0.952381,1.000000,0.0010,0.0004,18d224d
248bb62f340c,2026-07-06T16:38:20+00:00,e1_baselines_default,wine_binary,svm_linear,29a8b25e45,2,s2_f3,classical,95,24,13,14,1.000000,1.000000,1.000000,1.000000,0.0012,0.0004,18d224d
0b4a09d13079,2026-07-06T16:38:20+00:00,e1_baselines_default,wine_binary,svm_linear,29a8b25e45,2,s2_f4,classical,96,23,13,14,1.000000,1.000000,1.000000,1.000000,0.0010,0.0004,18d224d
617ab36758d1,2026-07-06T16:38:20+00:00,e1_baselines_default,wine_binary,svm_linear,29a8b25e45,3,s3_f0,classical,95,24,13,14,0.958333,0.944444,0.941176,1.000000,0.0010,0.0004,18d224d
0409e2e09d07,2026-07-06T16:38:20+00:00,e1_baselines_default,wine_binary,svm_linear,29a8b25e45,3,s3_f1,classical,95,24,13,14,1.000000,1.000000,1.000000,1.000000,0.0010,0.0004,18d224d
9b9782d93e1f,2026-07-06T16:38:20+00:00,e1_baselines_default,wine_binary,svm_linear,29a8b25e45,3,s3_f2,classical,95,24,13,14,0.958333,0.964286,0.952381,1.000000,0.0010,0.0004,18d224d
0b71c9cd0529,2026-07-06T16:38:20+00:00,e1_baselines_default,wine_binary,svm_linear,29a8b25e45,3,s3_f3,classical,95,24,13,14,0.916667,0.914286,0.900000,0.992857,0.0010,0.0004,18d224d
d72d752ef805,2026-07-06T16:38:20+00:00,e1_baselines_default,wine_binary,svm_linear,29a8b25e45,3,s3_f4,classical,96,23,13,14,0.913043,0.928571,0.900000,1.000000,0.0010,0.0004,18d224d
227db717ed93,2026-07-06T16:38:20+00:00,e1_baselines_default,wine_binary,svm_linear,29a8b25e45,4,s4_f0,classical,95,24,13,14,0.958333,0.966667,0.947368,1.000000,0.0010,0.0004,18d224d
9914b7032f8e,2026-07-06T16:38:20+00:00,e1_baselines_default,wine_binary,svm_linear,29a8b25e45,4,s4_f1,classical,95,24,13,14,1.000000,1.000000,1.000000,1.000000,0.0012,0.0004,18d224d
65217680d3fd,2026-07-06T16:38:20+00:00,e1_baselines_default,wine_binary,svm_linear,29a8b25e45,4,s4_f2,classical,95,24,13,14,0.958333,0.950000,0.947368,1.000000,0.0012,0.0004,18d224d
cfc73abfe0b4,2026-07-06T16:38:20+00:00,e1_baselines_default,wine_binary,svm_linear,29a8b25e45,4,s4_f3,classical,95,24,13,14,0.958333,0.964286,0.952381,1.000000,0.0011,0.0004,18d224d
206cacf082d6,2026-07-06T16:38:20+00:00,e1_baselines_default,wine_binary,svm_linear,29a8b25e45,4,s4_f4,classical,96,23,13,14,0.913043,0.928571,0.900000,1.000000,0.0011,0.0003,18d224d
a75e1f4c8e95,2026-07-06T16:38:23+00:00,e1_baselines_default,wine_binary,svm_rbf,f779e257ed,0,s0_f0,classical,95,24,13,,0.958333,0.966667,0.947368,0.992593,0.0022,0.0006,18d224d
cda479826500,2026-07-06T16:38:23+00:00,e1_baselines_default,wine_binary,svm_rbf,f779e257ed,0,s0_f1,classical,95,24,13,,0.958333,0.964286,0.952381,1.000000,0.0012,0.0005,18d224d
b505a902f0ec,2026-07-06T16:38:23+00:00,e1_baselines_default,wine_binary,svm_rbf,f779e257ed,0,s0_f2,classical,95,24,13,,1.000000,1.000000,1.000000,1.000000,0.0011,0.0004,18d224d
76a02910900f,2026-07-06T16:38:23+00:00,e1_baselines_default,wine_binary,svm_rbf,f779e257ed,0,s0_f3,classical,95,24,13,,1.000000,1.000000,1.000000,1.000000,0.0012,0.0004,18d224d
9bb9d76e906f,2026-07-06T16:38:23+00:00,e1_baselines_default,wine_binary,svm_rbf,f779e257ed,0,s0_f4,classical,96,23,13,,1.000000,1.000000,1.000000,1.000000,0.0011,0.0004,18d224d
f2a32ffcb597,2026-07-06T16:38:23+00:00,e1_baselines_default,wine_binary,svm_rbf,f779e257ed,1,s1_f0,classical,95,24,13,,0.958333,0.966667,0.947368,1.000000,0.0011,0.0004,18d224d
5e03c38b4535,2026-07-06T16:38:23+00:00,e1_baselines_default,wine_binary,svm_rbf,f779e257ed,1,s1_f1,classical,95,24,13,,1.000000,1.000000,1.000000,1.000000,0.0011,0.0004,18d224d
80628e422508,2026-07-06T16:38:23+00:00,e1_baselines_default,wine_binary,svm_rbf,f779e257ed,1,s1_f2,classical,95,24,13,,0.958333,0.964286,0.952381,1.000000,0.0011,0.0005,18d224d
e472cda7e235,2026-07-06T16:38:23+00:00,e1_baselines_default,wine_binary,svm_rbf,f779e257ed,1,s1_f3,classical,95,24,13,,1.000000,1.000000,1.000000,1.000000,0.0012,0.0004,18d224d
b2693082fefe,2026-07-06T16:38:23+00:00,e1_baselines_default,wine_binary,svm_rbf,f779e257ed,1,s1_f4,classical,96,23,13,,1.000000,1.000000,1.000000,1.000000,0.0012,0.0004,18d224d
63f1c425e0c5,2026-07-06T16:38:23+00:00,e1_baselines_default,wine_binary,svm_rbf,f779e257ed,2,s2_f0,classical,95,24,13,,0.958333,0.966667,0.947368,0.992593,0.0011,0.0004,18d224d
b5e43621b12c,2026-07-06T16:38:23+00:00,e1_baselines_default,wine_binary,svm_rbf,f779e257ed,2,s2_f1,classical,95,24,13,,1.000000,1.000000,1.000000,1.000000,0.0011,0.0004,18d224d
9374f5df7ec5,2026-07-06T16:38:23+00:00,e1_baselines_default,wine_binary,svm_rbf,f779e257ed,2,s2_f2,classical,95,24,13,,1.000000,1.000000,1.000000,1.000000,0.0010,0.0004,18d224d
dcceef975ce1,2026-07-06T16:38:23+00:00,e1_baselines_default,wine_binary,svm_rbf,f779e257ed,2,s2_f3,classical,95,24,13,,1.000000,1.000000,1.000000,1.000000,0.0011,0.0004,18d224d
85ab0dd1fc72,2026-07-06T16:38:23+00:00,e1_baselines_default,wine_binary,svm_rbf,f779e257ed,2,s2_f4,classical,96,23,13,,0.956522,0.964286,0.947368,1.000000,0.0011,0.0004,18d224d
4e3ad5104dba,2026-07-06T16:38:23+00:00,e1_baselines_default,wine_binary,svm_rbf,f779e257ed,3,s3_f0,classical,95,24,13,,1.000000,1.000000,1.000000,1.000000,0.0010,0.0005,18d224d
95c88b3a9118,2026-07-06T16:38:23+00:00,e1_baselines_default,wine_binary,svm_rbf,f779e257ed,3,s3_f1,classical,95,24,13,,1.000000,1.000000,1.000000,1.000000,0.0011,0.0004,18d224d
532c6a040d01,2026-07-06T16:38:23+00:00,e1_baselines_default,wine_binary,svm_rbf,f779e257ed,3,s3_f2,classical,95,24,13,,1.000000,1.000000,1.000000,1.000000,0.0011,0.0005,18d224d
5d1f45dc7ff9,2026-07-06T16:38:23+00:00,e1_baselines_default,wine_binary,svm_rbf,f779e257ed,3,s3_f3,classical,95,24,13,,0.958333,0.964286,0.952381,0.992857,0.0010,0.0004,18d224d
2bbc660206c6,2026-07-06T16:38:23+00:00,e1_baselines_default,wine_binary,svm_rbf,f779e257ed,3,s3_f4,classical,96,23,13,,0.956522,0.964286,0.947368,1.000000,0.0012,0.0004,18d224d
b29ac209bd8e,2026-07-06T16:38:23+00:00,e1_baselines_default,wine_binary,svm_rbf,f779e257ed,4,s4_f0,classical,95,24,13,,0.958333,0.966667,0.947368,1.000000,0.0011,0.0004,18d224d
45ad95416644,2026-07-06T16:38:23+00:00,e1_baselines_default,wine_binary,svm_rbf,f779e257ed,4,s4_f1,classical,95,24,13,,1.000000,1.000000,1.000000,1.000000,0.0011,0.0004,18d224d
7f6a3c56d785,2026-07-06T16:38:23+00:00,e1_baselines_default,wine_binary,svm_rbf,f779e257ed,4,s4_f2,classical,95,24,13,,1.000000,1.000000,1.000000,1.000000,0.0012,0.0005,18d224d
47818a7e2eca,2026-07-06T16:38:23+00:00,e1_baselines_default,wine_binary,svm_rbf,f779e257ed,4,s4_f3,classical,95,24,13,,0.958333,0.964286,0.952381,1.000000,0.0011,0.0005,18d224d
ab49507e8be5,2026-07-06T16:38:23+00:00,e1_baselines_default,wine_binary,svm_rbf,f779e257ed,4,s4_f4,classical,96,23,13,,1.000000,1.000000,1.000000,1.000000,0.0012,0.0004,18d224d
6e2100cba8c3,2026-07-06T16:38:26+00:00,e1_baselines_default,wine_binary,xgboost,a9980cc53d,0,s0_f0,classical,95,24,13,,0.791667,0.766667,0.705882,0.951852,0.0101,0.0013,18d224d
80ceb6edcc9a,2026-07-06T16:38:26+00:00,e1_baselines_default,wine_binary,xgboost,a9980cc53d,0,s0_f1,classical,95,24,13,,0.958333,0.964286,0.952381,1.000000,0.0079,0.0011,18d224d
50e6ebc64022,2026-07-06T16:38:26+00:00,e1_baselines_default,wine_binary,xgboost,a9980cc53d,0,s0_f2,classical,95,24,13,,1.000000,1.000000,1.000000,1.000000,0.0077,0.0010,18d224d
1d30690e472c,2026-07-06T16:38:26+00:00,e1_baselines_default,wine_binary,xgboost,a9980cc53d,0,s0_f3,classical,95,24,13,,0.916667,0.914286,0.900000,0.985714,0.0077,0.0011,18d224d
c339653e7869,2026-07-06T16:38:26+00:00,e1_baselines_default,wine_binary,xgboost,a9980cc53d,0,s0_f4,classical,96,23,13,,1.000000,1.000000,1.000000,1.000000,0.0076,0.0009,18d224d
d0e22320086c,2026-07-06T16:38:26+00:00,e1_baselines_default,wine_binary,xgboost,a9980cc53d,1,s1_f0,classical,95,24,13,,0.875000,0.877778,0.842105,0.985185,0.0077,0.0009,18d224d
574785488869,2026-07-06T16:38:26+00:00,e1_baselines_default,wine_binary,xgboost,a9980cc53d,1,s1_f1,classical,95,24,13,,0.958333,0.950000,0.947368,1.000000,0.0075,0.0010,18d224d
2da666466c45,2026-07-06T16:38:26+00:00,e1_baselines_default,wine_binary,xgboost,a9980cc53d,1,s1_f2,classical,95,24,13,,1.000000,1.000000,1.000000,1.000000,0.0077,0.0009,18d224d
b648c20b5e4b,2026-07-06T16:38:26+00:00,e1_baselines_default,wine_binary,xgboost,a9980cc53d,1,s1_f3,classical,95,24,13,,1.000000,1.000000,1.000000,1.000000,0.0076,0.0010,18d224d
6bd80ad12a11,2026-07-06T16:38:26+00:00,e1_baselines_default,wine_binary,xgboost,a9980cc53d,1,s1_f4,classical,96,23,13,,0.913043,0.908730,0.888889,0.976190,0.0076,0.0009,18d224d
5f9ee38602d2,2026-07-06T16:38:26+00:00,e1_baselines_default,wine_binary,xgboost,a9980cc53d,2,s2_f0,classical,95,24,13,,0.958333,0.966667,0.947368,0.985185,0.0076,0.0009,18d224d
c2c9b3160b77,2026-07-06T16:38:26+00:00,e1_baselines_default,wine_binary,xgboost,a9980cc53d,2,s2_f1,classical,95,24,13,,0.916667,0.914286,0.900000,0.985714,0.0073,0.0011,18d224d
71081a18515b,2026-07-06T16:38:26+00:00,e1_baselines_default,wine_binary,xgboost,a9980cc53d,2,s2_f2,classical,95,24,13,,1.000000,1.000000,1.000000,1.000000,0.0077,0.0009,18d224d
1141c0feff73,2026-07-06T16:38:26+00:00,e1_baselines_default,wine_binary,xgboost,a9980cc53d,2,s2_f3,classical,95,24,13,,0.875000,0.850000,0.823529,0.978571,0.0075,0.0009,18d224d
706c077f1042,2026-07-06T16:38:26+00:00,e1_baselines_default,wine_binary,xgboost,a9980cc53d,2,s2_f4,classical,96,23,13,,0.956522,0.964286,0.947368,0.992063,0.0341,0.0012,18d224d
93c6ece8e0cd,2026-07-06T16:38:26+00:00,e1_baselines_default,wine_binary,xgboost,a9980cc53d,3,s3_f0,classical,95,24,13,,0.958333,0.944444,0.941176,1.000000,0.0079,0.0010,18d224d
c98e121fa8e2,2026-07-06T16:38:26+00:00,e1_baselines_default,wine_binary,xgboost,a9980cc53d,3,s3_f1,classical,95,24,13,,1.000000,1.000000,1.000000,1.000000,0.0080,0.0009,18d224d
60bcb2da2625,2026-07-06T16:38:26+00:00,e1_baselines_default,wine_binary,xgboost,a9980cc53d,3,s3_f2,classical,95,24,13,,1.000000,1.000000,1.000000,1.000000,0.0078,0.0009,18d224d
ef6252c41af0,2026-07-06T16:38:26+00:00,e1_baselines_default,wine_binary,xgboost,a9980cc53d,3,s3_f3,classical,95,24,13,,0.958333,0.964286,0.952381,1.000000,0.0075,0.0010,18d224d
6025a4ab7a9e,2026-07-06T16:38:26+00:00,e1_baselines_default,wine_binary,xgboost,a9980cc53d,3,s3_f4,classical,96,23,13,,0.956522,0.944444,0.941176,1.000000,0.0076,0.0009,18d224d
ba624c1ac066,2026-07-06T16:38:26+00:00,e1_baselines_default,wine_binary,xgboost,a9980cc53d,4,s4_f0,classical,95,24,13,,1.000000,1.000000,1.000000,1.000000,0.0077,0.0010,18d224d
c6e7307a5aa4,2026-07-06T16:38:26+00:00,e1_baselines_default,wine_binary,xgboost,a9980cc53d,4,s4_f1,classical,95,24,13,,1.000000,1.000000,1.000000,1.000000,0.0078,0.0010,18d224d
50efe50f48f7,2026-07-06T16:38:26+00:00,e1_baselines_default,wine_binary,xgboost,a9980cc53d,4,s4_f2,classical,95,24,13,,1.000000,1.000000,1.000000,1.000000,0.0078,0.0010,18d224d
63ed6d67c82f,2026-07-06T16:38:26+00:00,e1_baselines_default,wine_binary,xgboost,a9980cc53d,4,s4_f3,classical,95,24,13,,0.958333,0.964286,0.952381,0.978571,0.0077,0.0009,18d224d
133b41ac0224,2026-07-06T16:38:26+00:00,e1_baselines_default,wine_binary,xgboost,a9980cc53d,4,s4_f4,classical,96,23,13,,0.869565,0.853175,0.823529,0.984127,0.0076,0.0009,18d224d
18ee3400c854,2026-07-06T16:53:46+00:00,e1_baselines_default,xor_gauss,knn,f846f01f19,0,s0_f0,classical,640,160,6,,0.650000,0.649749,0.636364,0.721883,0.0017,0.0040,0eea5b2
b5c177349e90,2026-07-06T16:53:46+00:00,e1_baselines_default,xor_gauss,knn,f846f01f19,0,s0_f1,classical,640,160,6,,0.662500,0.655388,0.590909,0.682409,0.0008,0.0036,0eea5b2
566b823d254d,2026-07-06T16:53:46+00:00,e1_baselines_default,xor_gauss,knn,f846f01f19,0,s0_f2,classical,640,160,6,,0.600000,0.597118,0.561644,0.658365,0.0008,0.0034,0eea5b2
b17ff834ea5c,2026-07-06T16:53:46+00:00,e1_baselines_default,xor_gauss,knn,f846f01f19,0,s0_f3,classical,640,160,6,,0.593750,0.589912,0.545455,0.618656,0.0008,0.0036,0eea5b2
01df671abcde,2026-07-06T16:53:46+00:00,e1_baselines_default,xor_gauss,knn,f846f01f19,0,s0_f4,classical,640,160,6,,0.637500,0.639098,0.637500,0.665335,0.0008,0.0034,0eea5b2
39286240e378,2026-07-06T16:53:46+00:00,e1_baselines_default,xor_gauss,knn,f846f01f19,1,s1_f0,classical,640,160,6,,0.550000,0.545739,0.492958,0.605733,0.0009,0.0032,0eea5b2
870efcad9e67,2026-07-06T16:53:46+00:00,e1_baselines_default,xor_gauss,knn,f846f01f19,1,s1_f1,classical,640,160,6,,0.612500,0.612782,0.602564,0.665335,0.0008,0.0033,0eea5b2
3931044f3920,2026-07-06T16:53:46+00:00,e1_baselines_default,xor_gauss,knn,f846f01f19,1,s1_f2,classical,640,160,6,,0.656250,0.650689,0.598540,0.688910,0.0009,0.0034,0eea5b2
7ec666c814ad,2026-07-06T16:53:46+00:00,e1_baselines_default,xor_gauss,knn,f846f01f19,1,s1_f3,classical,640,160,6,,0.731250,0.729637,0.711409,0.759477,0.0009,0.0032,0eea5b2
21cc3309dd99,2026-07-06T16:53:46+00:00,e1_baselines_default,xor_gauss,knn,f846f01f19,1,s1_f4,classical,640,160,6,,0.600000,0.597744,0.567568,0.628916,0.0008,0.0032,0eea5b2
dfe7bca6b0f7,2026-07-06T16:53:46+00:00,e1_baselines_default,xor_gauss,knn,f846f01f19,2,s2_f0,classical,640,160,6,,0.556250,0.552318,0.503497,0.584586,0.0011,0.0034,0eea5b2
f778bdf565a1,2026-07-06T16:53:46+00:00,e1_baselines_default,xor_gauss,knn,f846f01f19,2,s2_f1,classical,640,160,6,,0.656250,0.656328,0.645161,0.695097,0.0008,0.0033,0eea5b2
611a19eaa3aa,2026-07-06T16:53:47+00:00,e1_baselines_default,xor_gauss,knn,f846f01f19,2,s2_f2,classical,640,160,6,,0.656250,0.655075,0.635762,0.740367,0.0008,0.0033,0eea5b2
81983487cb44,2026-07-06T16:53:47+00:00,e1_baselines_default,xor_gauss,knn,f846f01f19,2,s2_f3,classical,640,160,6,,0.625000,0.621554,0.583333,0.684054,0.0009,0.0032,0eea5b2
c27e944b1e29,2026-07-06T16:53:47+00:00,e1_baselines_default,xor_gauss,knn,f846f01f19,2,s2_f4,classical,640,160,6,,0.575000,0.572055,0.534247,0.618186,0.0008,0.0033,0eea5b2
2eaa9189f8b9,2026-07-06T16:53:47+00:00,e1_baselines_default,xor_gauss,knn,f846f01f19,3,s3_f0,classical,640,160,6,,0.562500,0.560150,0.527027,0.602209,0.0008,0.0033,0eea5b2
6f7f84ab7825,2026-07-06T16:53:47+00:00,e1_baselines_default,xor_gauss,knn,f846f01f19,3,s3_f1,classical,640,160,6,,0.687500,0.686090,0.666667,0.736216,0.0008,0.0033,0eea5b2
5e3c5c9663e0,2026-07-06T16:53:47+00:00,e1_baselines_default,xor_gauss,knn,f846f01f19,3,s3_f2,classical,640,160,6,,0.631250,0.629386,0.604027,0.649828,0.0008,0.0033,0eea5b2
381e1e28eb72,2026-07-06T16:53:47+00:00,e1_baselines_default,xor_gauss,knn,f846f01f19,3,s3_f3,classical,640,160,6,,0.568750,0.564223,0.510638,0.635573,0.0008,0.0034,0eea5b2
d70b45d8d770,2026-07-06T16:53:47+00:00,e1_baselines_default,xor_gauss,knn,f846f01f19,3,s3_f4,classical,640,160,6,,0.700000,0.699248,0.684211,0.728148,0.0008,0.0034,0eea5b2
449744eb9af0,2026-07-06T16:53:47+00:00,e1_baselines_default,xor_gauss,knn,f846f01f19,4,s4_f0,classical,640,160,6,,0.631250,0.629386,0.604027,0.641291,0.0008,0.0033,0eea5b2
b0d3b8878d66,2026-07-06T16:53:47+00:00,e1_baselines_default,xor_gauss,knn,f846f01f19,4,s4_f1,classical,640,160,6,,0.593750,0.592419,0.569536,0.642935,0.0008,0.0034,0eea5b2
5d5234662b48,2026-07-06T16:53:47+00:00,e1_baselines_default,xor_gauss,knn,f846f01f19,4,s4_f2,classical,640,160,6,,0.612500,0.611529,0.592105,0.647556,0.0011,0.0046,0eea5b2
205ecc32cb9c,2026-07-06T16:53:47+00:00,e1_baselines_default,xor_gauss,knn,f846f01f19,4,s4_f3,classical,640,160,6,,0.568750,0.567356,0.543046,0.588659,0.0009,0.0033,0eea5b2
a297d530c013,2026-07-06T16:53:47+00:00,e1_baselines_default,xor_gauss,knn,f846f01f19,4,s4_f4,classical,640,160,6,,0.631250,0.627506,0.587413,0.679903,0.0012,0.0039,0eea5b2
5f42ff933599,2026-07-06T16:53:50+00:00,e1_baselines_default,xor_gauss,logreg,7ba35a123c,0,s0_f0,classical,640,160,6,7,0.556250,0.546053,0.422764,0.537437,0.0053,0.0005,0eea5b2
36d0bdfdc6db,2026-07-06T16:53:50+00:00,e1_baselines_default,xor_gauss,logreg,7ba35a123c,0,s0_f1,classical,640,160,6,7,0.512500,0.499373,0.315789,0.479480,0.0034,0.0004,0eea5b2
20180b9d8c17,2026-07-06T16:53:50+00:00,e1_baselines_default,xor_gauss,logreg,7ba35a123c,0,s0_f2,classical,640,160,6,7,0.512500,0.503759,0.390625,0.486685,0.0033,0.0004,0eea5b2
427dddbc4af9,2026-07-06T16:53:50+00:00,e1_baselines_default,xor_gauss,logreg,7ba35a123c,0,s0_f3,classical,640,160,6,7,0.506250,0.494674,0.336134,0.505169,0.0028,0.0003,0eea5b2
ec1137723d24,2026-07-06T16:53:50+00:00,e1_baselines_default,xor_gauss,logreg,7ba35a123c,0,s0_f4,classical,640,160,6,7,0.525000,0.515664,0.396825,0.502036,0.0037,0.0004,0eea5b2
63a70cfee3aa,2026-07-06T16:53:50+00:00,e1_baselines_default,xor_gauss,logreg,7ba35a123c,1,s1_f0,classical,640,160,6,7,0.518750,0.509085,0.384000,0.506579,0.0028,0.0003,0eea5b2
a5c45f5b3c02,2026-07-06T16:53:50+00:00,e1_baselines_default,xor_gauss,logreg,7ba35a123c,1,s1_f1,classical,640,160,6,7,0.487500,0.478697,0.359375,0.484336,0.0029,0.0004,0eea5b2
ca8cb31bf20c,2026-07-06T16:53:50+00:00,e1_baselines_default,xor_gauss,logreg,7ba35a123c,1,s1_f2,classical,640,160,6,7,0.531250,0.520990,0.390244,0.524123,0.0034,0.0004,0eea5b2
4be842aac47d,2026-07-06T16:53:50+00:00,e1_baselines_default,xor_gauss,logreg,7ba35a123c,1,s1_f3,classical,640,160,6,7,0.493750,0.484649,0.362205,0.518640,0.0032,0.0003,0eea5b2
e47cd24de2a0,2026-07-06T16:53:50+00:00,e1_baselines_default,xor_gauss,logreg,7ba35a123c,1,s1_f4,classical,640,160,6,7,0.475000,0.469925,0.400000,0.480890,0.0035,0.0004,0eea5b2
0cfffa7e807f,2026-07-06T16:53:50+00:00,e1_baselines_default,xor_gauss,logreg,7ba35a123c,2,s2_f0,classical,640,160,6,7,0.512500,0.498120,0.290909,0.519424,0.0036,0.0004,0eea5b2
894f4620a6ad,2026-07-06T16:53:50+00:00,e1_baselines_default,xor_gauss,logreg,7ba35a123c,2,s2_f1,classical,640,160,6,7,0.525000,0.515038,0.387097,0.504073,0.0031,0.0003,0eea5b2
3291627080cb,2026-07-06T16:53:50+00:00,e1_baselines_default,xor_gauss,logreg,7ba35a123c,2,s2_f2,classical,640,160,6,7,0.531250,0.527256,0.475524,0.490915,0.0028,0.0003,0eea5b2
f203ba38f5b7,2026-07-06T16:53:50+00:00,e1_baselines_default,xor_gauss,logreg,7ba35a123c,2,s2_f3,classical,640,160,6,7,0.531250,0.519110,0.358974,0.551065,0.0029,0.0004,0eea5b2
4d47ef0b8b1a,2026-07-06T16:53:50+00:00,e1_baselines_default,xor_gauss,logreg,7ba35a123c,2,s2_f4,classical,640,160,6,7,0.450000,0.441103,0.312500,0.422149,0.0034,0.0003,0eea5b2
4589af73b418,2026-07-06T16:53:50+00:00,e1_baselines_default,xor_gauss,logreg,7ba35a123c,3,s3_f0,classical,640,160,6,7,0.450000,0.442356,0.333333,0.485432,0.0034,0.0003,0eea5b2
b6f97fe1fb30,2026-07-06T16:53:50+00:00,e1_baselines_default,xor_gauss,logreg,7ba35a123c,3,s3_f1,classical,640,160,6,7,0.556250,0.550439,0.481752,0.512375,0.0028,0.0003,0eea5b2
912619157b0b,2026-07-06T16:53:50+00:00,e1_baselines_default,xor_gauss,logreg,7ba35a123c,3,s3_f2,classical,640,160,6,7,0.506250,0.496554,0.368000,0.450815,0.0033,0.0004,0eea5b2
0df729bc565b,2026-07-06T16:53:50+00:00,e1_baselines_default,xor_gauss,logreg,7ba35a123c,3,s3_f3,classical,640,160,6,7,0.518750,0.509712,0.393701,0.521617,0.0039,0.0004,0eea5b2
4ef09fb3c296,2026-07-06T16:53:50+00:00,e1_baselines_default,xor_gauss,logreg,7ba35a123c,3,s3_f4,classical,640,160,6,7,0.543750,0.531642,0.376068,0.512688,0.0031,0.0003,0eea5b2
7679e1053221,2026-07-06T16:53:50+00:00,e1_baselines_default,xor_gauss,logreg,7ba35a123c,4,s4_f0,classical,640,160,6,7,0.506250,0.495301,0.347107,0.503289,0.0027,0.0004,0eea5b2
0016c67bb269,2026-07-06T16:53:50+00:00,e1_baselines_default,xor_gauss,logreg,7ba35a123c,4,s4_f1,classical,640,160,6,7,0.443750,0.437030,0.340741,0.450345,0.0030,0.0004,0eea5b2
130d60719a72,2026-07-06T16:53:50+00:00,e1_baselines_default,xor_gauss,logreg,7ba35a123c,4,s4_f2,classical,640,160,6,7,0.543750,0.529135,0.330275,0.554198,0.0028,0.0004,0eea5b2
9eff87600314,2026-07-06T16:53:50+00:00,e1_baselines_default,xor_gauss,logreg,7ba35a123c,4,s4_f3,classical,640,160,6,7,0.506250,0.500313,0.423358,0.486999,0.0039,0.0003,0eea5b2
fa4ea625b3d3,2026-07-06T16:53:50+00:00,e1_baselines_default,xor_gauss,logreg,7ba35a123c,4,s4_f4,classical,640,160,6,7,0.500000,0.487469,0.310345,0.524123,0.0029,0.0004,0eea5b2
4dabfd8721fd,2026-07-06T16:53:53+00:00,e1_baselines_default,xor_gauss,mlp,ecbce59380,0,s0_f0,classical,640,160,6,65,0.543750,0.533521,0.406504,0.580514,0.1685,0.0007,0eea5b2
005a5f538198,2026-07-06T16:53:53+00:00,e1_baselines_default,xor_gauss,mlp,ecbce59380,0,s0_f1,classical,640,160,6,65,0.518750,0.514098,0.453901,0.549655,0.0974,0.0005,0eea5b2
9d18ac0528d9,2026-07-06T16:53:53+00:00,e1_baselines_default,xor_gauss,mlp,ecbce59380,0,s0_f2,classical,640,160,6,65,0.500000,0.491228,0.375000,0.482456,0.1364,0.0007,0eea5b2
988824f6e908,2026-07-06T16:53:53+00:00,e1_baselines_default,xor_gauss,mlp,ecbce59380,0,s0_f3,classical,640,160,6,65,0.462500,0.454261,0.338462,0.466949,0.1170,0.0006,0eea5b2
edc9d9da8079,2026-07-06T16:53:54+00:00,e1_baselines_default,xor_gauss,mlp,ecbce59380,0,s0_f4,classical,640,160,6,65,0.500000,0.491855,0.384615,0.450188,0.0971,0.0006,0eea5b2
46639fb6dff6,2026-07-06T16:53:54+00:00,e1_baselines_default,xor_gauss,mlp,ecbce59380,1,s1_f0,classical,640,160,6,65,0.487500,0.474311,0.280702,0.407895,0.0660,0.0006,0eea5b2
8bc8a8f9bbc5,2026-07-06T16:53:54+00:00,e1_baselines_default,xor_gauss,mlp,ecbce59380,1,s1_f1,classical,640,160,6,65,0.531250,0.510965,0.175824,0.511748,0.0688,0.0005,0eea5b2
36361a33dbd5,2026-07-06T16:53:54+00:00,e1_baselines_default,xor_gauss,mlp,ecbce59380,1,s1_f2,classical,640,160,6,65,0.487500,0.477444,0.338710,0.507362,0.0695,0.0006,0eea5b2
6c28a64e0d6d,2026-07-06T16:53:54+00:00,e1_baselines_default,xor_gauss,mlp,ecbce59380,1,s1_f3,classical,640,160,6,65,0.525000,0.504386,0.155556,0.445175,0.0762,0.0006,0eea5b2
6694b903ae0d,2026-07-06T16:53:54+00:00,e1_baselines_default,xor_gauss,mlp,ecbce59380,1,s1_f4,classical,640,160,6,65,0.556250,0.534774,0.183908,0.527412,0.0659,0.0006,0eea5b2
e09cfedfdced,2026-07-06T16:53:54+00:00,e1_baselines_default,xor_gauss,mlp,ecbce59380,2,s2_f0,classical,640,160,6,65,0.531250,0.515351,0.285714,0.515508,0.0463,0.0005,0eea5b2
51f9170ca97e,2026-07-06T16:53:54+00:00,e1_baselines_default,xor_gauss,mlp,ecbce59380,2,s2_f1,classical,640,160,6,65,0.506250,0.492168,0.288288,0.497494,0.0643,0.0006,0eea5b2
3d999c259a3a,2026-07-06T16:53:54+00:00,e1_baselines_default,xor_gauss,mlp,ecbce59380,2,s2_f2,classical,640,160,6,65,0.518750,0.499060,0.172043,0.513784,0.1160,0.0006,0eea5b2
5f3165676cb9,2026-07-06T16:53:54+00:00,e1_baselines_default,xor_gauss,mlp,ecbce59380,2,s2_f3,classical,640,160,6,65,0.537500,0.525063,0.362069,0.511591,0.1088,0.0006,0eea5b2
4a12ebf6d9de,2026-07-06T16:53:54+00:00,e1_baselines_default,xor_gauss,mlp,ecbce59380,2,s2_f4,classical,640,160,6,65,0.456250,0.448935,0.345865,0.453477,0.1018,0.0005,0eea5b2
a3ceb002b973,2026-07-06T16:53:54+00:00,e1_baselines_default,xor_gauss,mlp,ecbce59380,3,s3_f0,classical,640,160,6,65,0.500000,0.489975,0.354839,0.515194,0.0394,0.0005,0eea5b2
b90057b08290,2026-07-06T16:53:55+00:00,e1_baselines_default,xor_gauss,mlp,ecbce59380,3,s3_f1,classical,640,160,6,65,0.493750,0.484649,0.362205,0.519424,0.0298,0.0005,0eea5b2
ae1b6ca19bce,2026-07-06T16:53:55+00:00,e1_baselines_default,xor_gauss,mlp,ecbce59380,3,s3_f2,classical,640,160,6,65,0.506250,0.492794,0.300885,0.461623,0.0378,0.0005,0eea5b2
71e327bf7600,2026-07-06T16:53:55+00:00,e1_baselines_default,xor_gauss,mlp,ecbce59380,3,s3_f3,classical,640,160,6,65,0.550000,0.540727,0.428571,0.542450,0.0293,0.0005,0eea5b2
4a628be1cc10,2026-07-06T16:53:55+00:00,e1_baselines_default,xor_gauss,mlp,ecbce59380,3,s3_f4,classical,640,160,6,65,0.562500,0.553885,0.453125,0.550125,0.0300,0.0005,0eea5b2
ebaa378672d6,2026-07-06T16:53:55+00:00,e1_baselines_default,xor_gauss,mlp,ecbce59380,4,s4_f0,classical,640,160,6,65,0.493750,0.485902,0.381679,0.469298,0.4811,0.0006,0eea5b2
b1c90d4e4da4,2026-07-06T16:53:55+00:00,e1_baselines_default,xor_gauss,mlp,ecbce59380,4,s4_f1,classical,640,160,6,65,0.493750,0.486529,0.390977,0.464286,0.2725,0.0006,0eea5b2
8480eab011a8,2026-07-06T16:53:56+00:00,e1_baselines_default,xor_gauss,mlp,ecbce59380,4,s4_f2,classical,640,160,6,65,0.518750,0.508459,0.373984,0.484336,0.1737,0.0006,0eea5b2
b23bd7c08def,2026-07-06T16:53:56+00:00,e1_baselines_default,xor_gauss,mlp,ecbce59380,4,s4_f3,classical,640,160,6,65,0.500000,0.489975,0.354839,0.493891,0.2197,0.0006,0eea5b2
afd08d648ac1,2026-07-06T16:53:56+00:00,e1_baselines_default,xor_gauss,mlp,ecbce59380,4,s4_f4,classical,640,160,6,65,0.487500,0.475564,0.305085,0.472431,0.3240,0.0005,0eea5b2
e5d72ad4f0a0,2026-07-06T16:53:59+00:00,e1_baselines_default,xor_gauss,rf,8b820a952c,0,s0_f0,classical,640,160,6,,0.537500,0.537594,0.525641,0.575423,0.1861,0.0159,0eea5b2
4dd05ff92ed0,2026-07-06T16:54:00+00:00,e1_baselines_default,xor_gauss,rf,8b820a952c,0,s0_f1,classical,640,160,6,,0.600000,0.592105,0.507692,0.619361,0.1820,0.0160,0eea5b2
658b48300666,2026-07-06T16:54:00+00:00,e1_baselines_default,xor_gauss,rf,8b820a952c,0,s0_f2,classical,640,160,6,,0.581250,0.576754,0.524823,0.604323,0.1853,0.0174,0eea5b2
6a503788e0a4,2026-07-06T16:54:00+00:00,e1_baselines_default,xor_gauss,rf,8b820a952c,0,s0_f3,classical,640,160,6,,0.593750,0.589912,0.545455,0.575345,0.1843,0.0165,0eea5b2
0beea015545a,2026-07-06T16:54:00+00:00,e1_baselines_default,xor_gauss,rf,8b820a952c,0,s0_f4,classical,640,160,6,,0.568750,0.564850,0.517483,0.552162,0.1801,0.0158,0eea5b2
b27ad123be52,2026-07-06T16:54:00+00:00,e1_baselines_default,xor_gauss,rf,8b820a952c,1,s1_f0,classical,640,160,6,,0.543750,0.539787,0.489510,0.570254,0.1806,0.0161,0eea5b2
ccf1d3ae6548,2026-07-06T16:54:01+00:00,e1_baselines_default,xor_gauss,rf,8b820a952c,1,s1_f1,classical,640,160,6,,0.562500,0.561404,0.539474,0.595081,0.1785,0.0161,0eea5b2
71c98f1d81ea,2026-07-06T16:54:01+00:00,e1_baselines_default,xor_gauss,rf,8b820a952c,1,s1_f2,classical,640,160,6,,0.600000,0.593985,0.529412,0.625940,0.1792,0.0159,0eea5b2
e9f605f157b7,2026-07-06T16:54:01+00:00,e1_baselines_default,xor_gauss,rf,8b820a952c,1,s1_f3,classical,640,160,6,,0.587500,0.585840,0.560000,0.607613,0.1756,0.0160,0eea5b2
2b3cce316d04,2026-07-06T16:54:01+00:00,e1_baselines_default,xor_gauss,rf,8b820a952c,1,s1_f4,classical,640,160,6,,0.531250,0.527882,0.482759,0.543076,0.1762,0.0162,0eea5b2
334d46688de2,2026-07-06T16:54:01+00:00,e1_baselines_default,xor_gauss,rf,8b820a952c,2,s2_f0,classical,640,160,6,,0.468750,0.462093,0.370370,0.511748,0.1781,0.0223,0eea5b2
10f2abbc0f3f,2026-07-06T16:54:02+00:00,e1_baselines_default,xor_gauss,rf,8b820a952c,2,s2_f1,classical,640,160,6,,0.568750,0.566729,0.536913,0.632675,0.1866,0.0162,0eea5b2
7fe6d18bdb2c,2026-07-06T16:54:02+00:00,e1_baselines_default,xor_gauss,rf,8b820a952c,2,s2_f2,classical,640,160,6,,0.593750,0.589912,0.545455,0.628055,0.1820,0.0161,0eea5b2
4dc32f0af2a6,2026-07-06T16:54:02+00:00,e1_baselines_default,xor_gauss,rf,8b820a952c,2,s2_f3,classical,640,160,6,,0.568750,0.562970,0.496350,0.599859,0.1807,0.0159,0eea5b2
3153d975b1a0,2026-07-06T16:54:02+00:00,e1_baselines_default,xor_gauss,rf,8b820a952c,2,s2_f4,classical,640,160,6,,0.525000,0.520050,0.457143,0.557644,0.1779,0.0158,0eea5b2
bb781ffb5e90,2026-07-06T16:54:02+00:00,e1_baselines_default,xor_gauss,rf,8b820a952c,3,s3_f0,classical,640,160,6,,0.537500,0.535714,0.506667,0.564693,0.1818,0.0169,0eea5b2
760eac7d6653,2026-07-06T16:54:03+00:00,e1_baselines_default,xor_gauss,rf,8b820a952c,3,s3_f1,classical,640,160,6,,0.587500,0.582080,0.521739,0.604088,0.1886,0.0164,0eea5b2
b5fcaf45c2b0,2026-07-06T16:54:03+00:00,e1_baselines_default,xor_gauss,rf,8b820a952c,3,s3_f2,classical,640,160,6,,0.525000,0.519424,0.449275,0.515116,0.1887,0.0165,0eea5b2
c1e853db0284,2026-07-06T16:54:03+00:00,e1_baselines_default,xor_gauss,rf,8b820a952c,3,s3_f3,classical,640,160,6,,0.556250,0.547932,0.449612,0.627193,0.1900,0.0164,0eea5b2
dead6aa592f0,2026-07-06T16:54:03+00:00,e1_baselines_default,xor_gauss,rf,8b820a952c,3,s3_f4,classical,640,160,6,,0.656250,0.654449,0.630872,0.697760,0.1863,0.0165,0eea5b2
18f3242215b0,2026-07-06T16:54:03+00:00,e1_baselines_default,xor_gauss,rf,8b820a952c,4,s4_f0,classical,640,160,6,,0.625000,0.622807,0.594595,0.633615,0.1804,0.0168,0eea5b2
6b6061f07115,2026-07-06T16:54:04+00:00,e1_baselines_default,xor_gauss,rf,8b820a952c,4,s4_f1,classical,640,160,6,,0.618750,0.611216,0.534351,0.629621,0.1824,0.0160,0eea5b2
66ebed4c49f1,2026-07-06T16:54:04+00:00,e1_baselines_default,xor_gauss,rf,8b820a952c,4,s4_f2,classical,640,160,6,,0.500000,0.498747,0.473684,0.533835,0.1813,0.0160,0eea5b2
804663adee04,2026-07-06T16:54:04+00:00,e1_baselines_default,xor_gauss,rf,8b820a952c,4,s4_f3,classical,640,160,6,,0.537500,0.534461,0.493151,0.551613,0.1818,0.0160,0eea5b2
db894b8e7739,2026-07-06T16:54:04+00:00,e1_baselines_default,xor_gauss,rf,8b820a952c,4,s4_f4,classical,640,160,6,,0.575000,0.570175,0.514286,0.617716,0.1760,0.0158,0eea5b2
e430fcd0f6c7,2026-07-06T16:54:07+00:00,e1_baselines_default,xor_gauss,svm_linear,b17f7cedfd,0,s0_f0,classical,640,160,6,7,0.525000,0.500000,0.000000,0.576911,0.0089,0.0036,0eea5b2
c942c5f7cf24,2026-07-06T16:54:07+00:00,e1_baselines_default,xor_gauss,svm_linear,b17f7cedfd,0,s0_f1,classical,640,160,6,7,0.487500,0.473684,0.267857,0.479637,0.0083,0.0032,0eea5b2
a3d7cff9cebf,2026-07-06T16:54:07+00:00,e1_baselines_default,xor_gauss,svm_linear,b17f7cedfd,0,s0_f2,classical,640,160,6,7,0.518750,0.510338,0.403101,0.484962,0.0081,0.0031,0eea5b2
11d6233f66be,2026-07-06T16:54:07+00:00,e1_baselines_default,xor_gauss,svm_linear,b17f7cedfd,0,s0_f3,classical,640,160,6,7,0.525000,0.500000,0.000000,0.504386,0.0081,0.0032,0eea5b2
af99569784ac,2026-07-06T16:54:07+00:00,e1_baselines_default,xor_gauss,svm_linear,b17f7cedfd,0,s0_f4,classical,640,160,6,7,0.525000,0.500000,0.000000,0.490758,0.0082,0.0034,0eea5b2
3bc71788cb41,2026-07-06T16:54:07+00:00,e1_baselines_default,xor_gauss,svm_linear,b17f7cedfd,1,s1_f0,classical,640,160,6,7,0.525000,0.500000,0.000000,0.511435,0.0076,0.0032,0eea5b2
2f31af1a24f3,2026-07-06T16:54:07+00:00,e1_baselines_default,xor_gauss,svm_linear,b17f7cedfd,1,s1_f1,classical,640,160,6,7,0.493750,0.487155,0.400000,0.483866,0.0080,0.0031,0eea5b2
50545ed423f1,2026-07-06T16:54:07+00:00,e1_baselines_default,xor_gauss,svm_linear,b17f7cedfd,1,s1_f2,classical,640,160,6,7,0.525000,0.500000,0.000000,0.519110,0.0081,0.0033,0eea5b2
bc60d333a066,2026-07-06T16:54:07+00:00,e1_baselines_default,xor_gauss,svm_linear,b17f7cedfd,1,s1_f3,classical,640,160,6,7,0.525000,0.500000,0.000000,0.515508,0.0072,0.0031,0eea5b2
cd5a7bdbfff9,2026-07-06T16:54:07+00:00,e1_baselines_default,xor_gauss,svm_linear,b17f7cedfd,1,s1_f4,classical,640,160,6,7,0.481250,0.475877,0.402878,0.469925,0.0078,0.0031,0eea5b2
ddfaaf7bfd75,2026-07-06T16:54:07+00:00,e1_baselines_default,xor_gauss,svm_linear,b17f7cedfd,2,s2_f0,classical,640,160,6,7,0.525000,0.500000,0.000000,0.526942,0.0071,0.0031,0eea5b2
056a3b409869,2026-07-06T16:54:07+00:00,e1_baselines_default,xor_gauss,svm_linear,b17f7cedfd,2,s2_f1,classical,640,160,6,7,0.525000,0.500000,0.000000,0.481673,0.0074,0.0031,0eea5b2
47df83f97fc4,2026-07-06T16:54:07+00:00,e1_baselines_default,xor_gauss,svm_linear,b17f7cedfd,2,s2_f2,classical,640,160,6,7,0.512500,0.504386,0.400000,0.484492,0.0081,0.0033,0eea5b2
1ded74332a67,2026-07-06T16:54:07+00:00,e1_baselines_default,xor_gauss,svm_linear,b17f7cedfd,2,s2_f3,classical,640,160,6,7,0.525000,0.500000,0.000000,0.528509,0.0073,0.0032,0eea5b2
1e76dbc6e8ec,2026-07-06T16:54:07+00:00,e1_baselines_default,xor_gauss,svm_linear,b17f7cedfd,2,s2_f4,classical,640,160,6,7,0.418750,0.411967,0.311111,0.409931,0.0082,0.0032,0eea5b2
8b1cc4fe1f98,2026-07-06T16:54:08+00:00,e1_baselines_default,xor_gauss,svm_linear,b17f7cedfd,3,s3_f0,classical,640,160,6,7,0.525000,0.500000,0.000000,0.484806,0.0087,0.0033,0eea5b2
fb369b91b571,2026-07-06T16:54:08+00:00,e1_baselines_default,xor_gauss,svm_linear,b17f7cedfd,3,s3_f1,classical,640,160,6,7,0.518750,0.510338,0.403101,0.514098,0.0081,0.0032,0eea5b2
6406c125eac0,2026-07-06T16:54:08+00:00,e1_baselines_default,xor_gauss,svm_linear,b17f7cedfd,3,s3_f2,classical,640,160,6,7,0.475000,0.467419,0.363636,0.427632,0.0082,0.0031,0eea5b2
acd8a333919e,2026-07-06T16:54:08+00:00,e1_baselines_default,xor_gauss,svm_linear,b17f7cedfd,3,s3_f3,classical,640,160,6,7,0.525000,0.500000,0.000000,0.507832,0.0086,0.0033,0eea5b2
456458ecfdfd,2026-07-06T16:54:08+00:00,e1_baselines_default,xor_gauss,svm_linear,b17f7cedfd,3,s3_f4,classical,640,160,6,7,0.525000,0.500000,0.000000,0.494361,0.0076,0.0032,0eea5b2
bae174722b7f,2026-07-06T16:54:08+00:00,e1_baselines_default,xor_gauss,svm_linear,b17f7cedfd,4,s4_f0,classical,640,160,6,7,0.537500,0.522556,0.314815,0.493421,0.0079,0.0033,0eea5b2
b0aa64bab9ee,2026-07-06T16:54:08+00:00,e1_baselines_default,xor_gauss,svm_linear,b17f7cedfd,4,s4_f1,classical,640,160,6,7,0.468750,0.463346,0.388489,0.453008,0.0083,0.0032,0eea5b2
0d9105ea8263,2026-07-06T16:54:08+00:00,e1_baselines_default,xor_gauss,svm_linear,b17f7cedfd,4,s4_f2,classical,640,160,6,7,0.525000,0.500000,0.000000,0.586310,0.0075,0.0031,0eea5b2
b8f447c5340c,2026-07-06T16:54:08+00:00,e1_baselines_default,xor_gauss,svm_linear,b17f7cedfd,4,s4_f3,classical,640,160,6,7,0.506250,0.499060,0.406015,0.486059,0.0082,0.0033,0eea5b2
b3509dfc9eca,2026-07-06T16:54:08+00:00,e1_baselines_default,xor_gauss,svm_linear,b17f7cedfd,4,s4_f4,classical,640,160,6,7,0.525000,0.500000,0.000000,0.456610,0.0072,0.0033,0eea5b2
ecb7d140ad34,2026-07-06T16:54:11+00:00,e1_baselines_default,xor_gauss,svm_rbf,ec523be150,0,s0_f0,classical,640,160,6,,0.550000,0.541980,0.446154,0.577224,0.0114,0.0065,0eea5b2
671926b4554c,2026-07-06T16:54:11+00:00,e1_baselines_default,xor_gauss,svm_rbf,ec523be150,0,s0_f1,classical,640,160,6,,0.568750,0.556078,0.400000,0.607143,0.0097,0.0058,0eea5b2
febd048d6e10,2026-07-06T16:54:11+00:00,e1_baselines_default,xor_gauss,svm_rbf,ec523be150,0,s0_f2,classical,640,160,6,,0.518750,0.509712,0.393701,0.552632,0.0095,0.0058,0eea5b2
459a8c67ffcd,2026-07-06T16:54:11+00:00,e1_baselines_default,xor_gauss,svm_rbf,ec523be150,0,s0_f3,classical,640,160,6,,0.543750,0.542920,0.522876,0.554041,0.0096,0.0058,0eea5b2
da8dd84f2703,2026-07-06T16:54:11+00:00,e1_baselines_default,xor_gauss,svm_rbf,ec523be150,0,s0_f4,classical,640,160,6,,0.556250,0.550439,0.481752,0.574561,0.0098,0.0058,0eea5b2
b5e8a5e8cf81,2026-07-06T16:54:11+00:00,e1_baselines_default,xor_gauss,svm_rbf,ec523be150,1,s1_f0,classical,640,160,6,,0.600000,0.592105,0.507692,0.577694,0.0096,0.0057,0eea5b2
e1cc8aeccd30,2026-07-06T16:54:11+00:00,e1_baselines_default,xor_gauss,svm_rbf,ec523be150,1,s1_f1,classical,640,160,6,,0.556250,0.550439,0.481752,0.580514,0.0098,0.0059,0eea5b2
691f00f7d132,2026-07-06T16:54:11+00:00,e1_baselines_default,xor_gauss,svm_rbf,ec523be150,1,s1_f2,classical,640,160,6,,0.537500,0.530075,0.439394,0.588503,0.0097,0.0058,0eea5b2
3e39318bc17d,2026-07-06T16:54:11+00:00,e1_baselines_default,xor_gauss,svm_rbf,ec523be150,1,s1_f3,classical,640,160,6,,0.556250,0.547932,0.449612,0.614035,0.0097,0.0059,0eea5b2
5904e163f58d,2026-07-06T16:54:11+00:00,e1_baselines_default,xor_gauss,svm_rbf,ec523be150,1,s1_f4,classical,640,160,6,,0.531250,0.524749,0.444444,0.518170,0.0097,0.0059,0eea5b2
72eb2c03b26a,2026-07-06T16:54:11+00:00,e1_baselines_default,xor_gauss,svm_rbf,ec523be150,2,s2_f0,classical,640,160,6,,0.550000,0.539474,0.409836,0.588033,0.0096,0.0058,0eea5b2
0160dbde376a,2026-07-06T16:54:11+00:00,e1_baselines_default,xor_gauss,svm_rbf,ec523be150,2,s2_f1,classical,640,160,6,,0.593750,0.584273,0.480000,0.606203,0.0096,0.0058,0eea5b2
245a0e4da902,2026-07-06T16:54:11+00:00,e1_baselines_default,xor_gauss,svm_rbf,ec523be150,2,s2_f2,classical,640,160,6,,0.600000,0.595865,0.549296,0.623590,0.0097,0.0059,0eea5b2
de58b651d35d,2026-07-06T16:54:11+00:00,e1_baselines_default,xor_gauss,svm_rbf,ec523be150,2,s2_f3,classical,640,160,6,,0.606250,0.599937,0.533333,0.607143,0.0097,0.0058,0eea5b2
b2239eb3657d,2026-07-06T16:54:11+00:00,e1_baselines_default,xor_gauss,svm_rbf,ec523be150,2,s2_f4,classical,640,160,6,,0.512500,0.503759,0.390625,0.514411,0.0095,0.0059,0eea5b2
2d3f70f6414b,2026-07-06T16:54:11+00:00,e1_baselines_default,xor_gauss,svm_rbf,ec523be150,3,s3_f0,classical,640,160,6,,0.568750,0.559837,0.456693,0.550595,0.0101,0.0060,0eea5b2
d22fc646e1a6,2026-07-06T16:54:11+00:00,e1_baselines_default,xor_gauss,svm_rbf,ec523be150,3,s3_f1,classical,640,160,6,,0.587500,0.575815,0.440678,0.592888,0.0097,0.0059,0eea5b2
f0432d1570aa,2026-07-06T16:54:11+00:00,e1_baselines_default,xor_gauss,svm_rbf,ec523be150,3,s3_f2,classical,640,160,6,,0.537500,0.528822,0.421875,0.534931,0.0096,0.0057,0eea5b2
c6590dcd0c6b,2026-07-06T16:54:11+00:00,e1_baselines_default,xor_gauss,svm_rbf,ec523be150,3,s3_f3,classical,640,160,6,,0.562500,0.553258,0.444444,0.548089,0.0101,0.0059,0eea5b2
7b2071901b0a,2026-07-06T16:54:11+00:00,e1_baselines_default,xor_gauss,svm_rbf,ec523be150,3,s3_f4,classical,640,160,6,,0.575000,0.564536,0.442623,0.652882,0.0098,0.0058,0eea5b2
a2c472f09e12,2026-07-06T16:54:11+00:00,e1_baselines_default,xor_gauss,svm_rbf,ec523be150,4,s4_f0,classical,640,160,6,,0.550000,0.544486,0.478261,0.569236,0.0095,0.0057,0eea5b2
04baec2e7931,2026-07-06T16:54:11+00:00,e1_baselines_default,xor_gauss,svm_rbf,ec523be150,4,s4_f1,classical,640,160,6,,0.550000,0.543233,0.462687,0.550909,0.0098,0.0059,0eea5b2
9e02b61270e8,2026-07-06T16:54:11+00:00,e1_baselines_default,xor_gauss,svm_rbf,ec523be150,4,s4_f2,classical,640,160,6,,0.587500,0.578321,0.476190,0.590069,0.0100,0.0058,0eea5b2
3fb35637c3ff,2026-07-06T16:54:11+00:00,e1_baselines_default,xor_gauss,svm_rbf,ec523be150,4,s4_f3,classical,640,160,6,,0.568750,0.561090,0.473282,0.573622,0.0095,0.0057,0eea5b2
a38c28a16819,2026-07-06T16:54:11+00:00,e1_baselines_default,xor_gauss,svm_rbf,ec523be150,4,s4_f4,classical,640,160,6,,0.568750,0.564223,0.510638,0.568296,0.0095,0.0059,0eea5b2
78dcbc663063,2026-07-06T16:54:14+00:00,e1_baselines_default,xor_gauss,xgboost,7dcc45b951,0,s0_f0,classical,640,160,6,,0.512500,0.513784,0.512500,0.534148,0.0582,0.0021,0eea5b2
32a3fc61e0ba,2026-07-06T16:54:14+00:00,e1_baselines_default,xor_gauss,xgboost,7dcc45b951,0,s0_f1,classical,640,160,6,,0.637500,0.634712,0.602740,0.661811,0.0540,0.0020,0eea5b2
07492c9e742b,2026-07-06T16:54:14+00:00,e1_baselines_default,xor_gauss,xgboost,7dcc45b951,0,s0_f2,classical,640,160,6,,0.581250,0.574875,0.503704,0.628916,0.0599,0.0019,0eea5b2
28c70eac7e3a,2026-07-06T16:54:14+00:00,e1_baselines_default,xor_gauss,xgboost,7dcc45b951,0,s0_f3,classical,640,160,6,,0.550000,0.550125,0.538462,0.576598,0.0550,0.0020,0eea5b2
ecd0ac3c32a8,2026-07-06T16:54:15+00:00,e1_baselines_default,xor_gauss,xgboost,7dcc45b951,0,s0_f4,classical,640,160,6,,0.575000,0.570175,0.514286,0.528665,0.0583,0.0028,0eea5b2
cf5bf6c71536,2026-07-06T16:54:15+00:00,e1_baselines_default,xor_gauss,xgboost,7dcc45b951,1,s1_f0,classical,640,160,6,,0.587500,0.585213,0.554054,0.618108,0.0596,0.0020,0eea5b2
da8fa8320800,2026-07-06T16:54:15+00:00,e1_baselines_default,xor_gauss,xgboost,7dcc45b951,1,s1_f1,classical,640,160,6,,0.556250,0.557331,0.553459,0.601504,0.0554,0.0019,0eea5b2
698ec045f755,2026-07-06T16:54:15+00:00,e1_baselines_default,xor_gauss,xgboost,7dcc45b951,1,s1_f2,classical,640,160,6,,0.618750,0.613722,0.561151,0.684054,0.0586,0.0023,0eea5b2
1b6c3a6d071b,2026-07-06T16:54:15+00:00,e1_baselines_default,xor_gauss,xgboost,7dcc45b951,1,s1_f3,classical,640,160,6,,0.568750,0.569236,0.560510,0.621397,0.0583,0.0018,0eea5b2
3336c7696615,2026-07-06T16:54:15+00:00,e1_baselines_default,xor_gauss,xgboost,7dcc45b951,1,s1_f4,classical,640,160,6,,0.500000,0.497494,0.459459,0.508302,0.0588,0.0020,0eea5b2
e494504a772e,2026-07-06T16:54:15+00:00,e1_baselines_default,xor_gauss,xgboost,7dcc45b951,2,s2_f0,classical,640,160,6,,0.556250,0.554198,0.523490,0.565633,0.0567,0.0019,0eea5b2
bb5dad19dc18,2026-07-06T16:54:15+00:00,e1_baselines_default,xor_gauss,xgboost,7dcc45b951,2,s2_f1,classical,640,160,6,,0.612500,0.611529,0.592105,0.665414,0.0649,0.0019,0eea5b2
b0345288a993,2026-07-06T16:54:15+00:00,e1_baselines_default,xor_gauss,xgboost,7dcc45b951,2,s2_f2,classical,640,160,6,,0.600000,0.600251,0.589744,0.642544,0.0559,0.0019,0eea5b2
8b2c765129f9,2026-07-06T16:54:15+00:00,e1_baselines_default,xor_gauss,xgboost,7dcc45b951,2,s2_f3,classical,640,160,6,,0.537500,0.536341,0.513158,0.537124,0.0567,0.0019,0eea5b2
34547c2205c0,2026-07-06T16:54:15+00:00,e1_baselines_default,xor_gauss,xgboost,7dcc45b951,2,s2_f4,classical,640,160,6,,0.543750,0.543546,0.529032,0.540257,0.0560,0.0019,0eea5b2
3f70bbb8f698,2026-07-06T16:54:15+00:00,e1_baselines_default,xor_gauss,xgboost,7dcc45b951,3,s3_f0,classical,640,160,6,,0.600000,0.596491,0.555556,0.690476,0.0563,0.0019,0eea5b2
e5799fb3ca2f,2026-07-06T16:54:15+00:00,e1_baselines_default,xor_gauss,xgboost,7dcc45b951,3,s3_f1,classical,640,160,6,,0.531250,0.529135,0.496644,0.551692,0.0566,0.0019,0eea5b2
b568bad6a001,2026-07-06T16:54:15+00:00,e1_baselines_default,xor_gauss,xgboost,7dcc45b951,3,s3_f2,classical,640,160,6,,0.506250,0.505326,0.483660,0.521147,0.0536,0.0018,0eea5b2
fa3f83668029,2026-07-06T16:54:15+00:00,e1_baselines_default,xor_gauss,xgboost,7dcc45b951,3,s3_f3,classical,640,160,6,,0.593750,0.589286,0.539007,0.611059,0.0553,0.0019,0eea5b2
67177702af11,2026-07-06T16:54:15+00:00,e1_baselines_default,xor_gauss,xgboost,7dcc45b951,3,s3_f4,classical,640,160,6,,0.537500,0.535088,0.500000,0.602914,0.0562,0.0020,0eea5b2
a83407583be9,2026-07-06T16:54:16+00:00,e1_baselines_default,xor_gauss,xgboost,7dcc45b951,4,s4_f0,classical,640,160,6,,0.543750,0.543546,0.529032,0.532581,0.0556,0.0019,0eea5b2
3d841a2344cd,2026-07-06T16:54:16+00:00,e1_baselines_default,xor_gauss,xgboost,7dcc45b951,4,s4_f1,classical,640,160,6,,0.543750,0.539160,0.482270,0.591165,0.0589,0.0019,0eea5b2
cba7625e0d6e,2026-07-06T16:54:16+00:00,e1_baselines_default,xor_gauss,xgboost,7dcc45b951,4,s4_f2,classical,640,160,6,,0.531250,0.528509,0.489796,0.544173,0.0545,0.0021,0eea5b2
dfcf357aecf9,2026-07-06T16:54:16+00:00,e1_baselines_default,xor_gauss,xgboost,7dcc45b951,4,s4_f3,classical,640,160,6,,0.631250,0.627506,0.587413,0.681704,0.0575,0.0020,0eea5b2
b5ed8b14980e,2026-07-06T16:54:16+00:00,e1_baselines_default,xor_gauss,xgboost,7dcc45b951,4,s4_f4,classical,640,160,6,,0.618750,0.617481,0.596026,0.636278,0.0588,0.0019,0eea5b2
73728dc4361d,2026-07-06T16:54:55+00:00,e1_baselines_default,pima,knn,d534528991,0,s0_f0,classical,614,154,8,,0.720779,0.661481,0.537634,0.725741,0.0018,0.0044,0eea5b2
242bff7b508f,2026-07-06T16:54:55+00:00,e1_baselines_default,pima,knn,d534528991,0,s0_f1,classical,614,154,8,,0.714286,0.660741,0.541667,0.740741,0.0009,0.0040,0eea5b2
502dce04ac70,2026-07-06T16:54:55+00:00,e1_baselines_default,pima,knn,d534528991,0,s0_f2,classical,614,154,8,,0.759740,0.717037,0.626263,0.764352,0.0010,0.0038,0eea5b2
1a91ae390864,2026-07-06T16:54:55+00:00,e1_baselines_default,pima,knn,d534528991,0,s0_f3,classical,615,153,8,,0.745098,0.711887,0.621359,0.805189,0.0009,0.0039,0eea5b2
e5fe7b290bf7,2026-07-06T16:54:55+00:00,e1_baselines_default,pima,knn,d534528991,0,s0_f4,classical,615,153,8,,0.777778,0.741321,0.660000,0.788302,0.0009,0.0036,0eea5b2
8abff5793012,2026-07-06T16:54:55+00:00,e1_baselines_default,pima,knn,d534528991,1,s1_f0,classical,614,154,8,,0.746753,0.707037,0.613861,0.783611,0.0009,0.0037,0eea5b2
1ba54643f699,2026-07-06T16:54:55+00:00,e1_baselines_default,pima,knn,d534528991,1,s1_f1,classical,614,154,8,,0.740260,0.714815,0.629630,0.778426,0.0010,0.0037,0eea5b2
89e279529d1f,2026-07-06T16:54:56+00:00,e1_baselines_default,pima,knn,d534528991,1,s1_f2,classical,614,154,8,,0.779221,0.723519,0.630435,0.837500,0.0009,0.0035,0eea5b2
8716d76ef90e,2026-07-06T16:54:56+00:00,e1_baselines_default,pima,knn,d534528991,1,s1_f3,classical,615,153,8,,0.666667,0.625283,0.504854,0.737075,0.0009,0.0034,0eea5b2
d68f0a231958,2026-07-06T16:54:56+00:00,e1_baselines_default,pima,knn,d534528991,1,s1_f4,classical,615,153,8,,0.686275,0.640283,0.520000,0.711038,0.0009,0.0036,0eea5b2
b81a056db727,2026-07-06T16:54:56+00:00,e1_baselines_default,pima,knn,d534528991,2,s2_f0,classical,614,154,8,,0.681818,0.652778,0.550459,0.732778,0.0010,0.0036,0eea5b2
89805c7669fa,2026-07-06T16:54:56+00:00,e1_baselines_default,pima,knn,d534528991,2,s2_f1,classical,614,154,8,,0.746753,0.711296,0.621359,0.811667,0.0009,0.0035,0eea5b2
cbfa98256447,2026-07-06T16:54:56+00:00,e1_baselines_default,pima,knn,d534528991,2,s2_f2,classical,614,154,8,,0.727273,0.670741,0.553191,0.787870,0.0009,0.0035,0eea5b2
6df220d28923,2026-07-06T16:54:56+00:00,e1_baselines_default,pima,knn,d534528991,2,s2_f3,classical,615,153,8,,0.745098,0.694151,0.589474,0.775283,0.0009,0.0037,0eea5b2
8daf47bca7bd,2026-07-06T16:54:56+00:00,e1_baselines_default,pima,knn,d534528991,2,s2_f4,classical,615,153,8,,0.745098,0.707453,0.613861,0.766038,0.0010,0.0035,0eea5b2
583363488c3e,2026-07-06T16:54:56+00:00,e1_baselines_default,pima,knn,d534528991,3,s3_f0,classical,614,154,8,,0.707792,0.647222,0.516129,0.711852,0.0009,0.0034,0eea5b2
200254821fd8,2026-07-06T16:54:56+00:00,e1_baselines_default,pima,knn,d534528991,3,s3_f1,classical,614,154,8,,0.779221,0.715000,0.613636,0.812130,0.0009,0.0034,0eea5b2
821793d58785,2026-07-06T16:54:56+00:00,e1_baselines_default,pima,knn,d534528991,3,s3_f2,classical,614,154,8,,0.792208,0.767593,0.698113,0.847685,0.0011,0.0034,0eea5b2
44dae7b4ca95,2026-07-06T16:54:56+00:00,e1_baselines_default,pima,knn,d534528991,3,s3_f3,classical,615,153,8,,0.705882,0.677453,0.579439,0.725943,0.0009,0.0035,0eea5b2
0583e26642f7,2026-07-06T16:54:56+00:00,e1_baselines_default,pima,knn,d534528991,3,s3_f4,classical,615,153,8,,0.732026,0.706321,0.616822,0.765849,0.0008,0.0035,0eea5b2
4fc6cc0a6336,2026-07-06T16:54:56+00:00,e1_baselines_default,pima,knn,d534528991,4,s4_f0,classical,614,154,8,,0.681818,0.640000,0.524272,0.730833,0.0009,0.0036,0eea5b2
a17309b56b9e,2026-07-06T16:54:56+00:00,e1_baselines_default,pima,knn,d534528991,4,s4_f1,classical,614,154,8,,0.779221,0.753333,0.679245,0.823704,0.0008,0.0034,0eea5b2
a10e5fc95c2f,2026-07-06T16:54:56+00:00,e1_baselines_default,pima,knn,d534528991,4,s4_f2,classical,614,154,8,,0.727273,0.657963,0.522727,0.756204,0.0008,0.0034,0eea5b2
0819c05ec65d,2026-07-06T16:54:56+00:00,e1_baselines_default,pima,knn,d534528991,4,s4_f3,classical,615,153,8,,0.777778,0.745755,0.666667,0.795000,0.0009,0.0034,0eea5b2
16c2594eeca7,2026-07-06T16:54:56+00:00,e1_baselines_default,pima,knn,d534528991,4,s4_f4,classical,615,153,8,,0.732026,0.693019,0.594059,0.744151,0.0008,0.0033,0eea5b2
c78b600f4d02,2026-07-06T16:54:58+00:00,e1_baselines_default,pima,logreg,7ed499fc61,0,s0_f0,classical,614,154,8,9,0.746753,0.690000,0.580645,0.835000,0.0059,0.0005,0eea5b2
2b8c88c66bd9,2026-07-06T16:54:58+00:00,e1_baselines_default,pima,logreg,7ed499fc61,0,s0_f1,classical,614,154,8,9,0.753247,0.703519,0.604167,0.793704,0.0043,0.0004,0eea5b2
05b6bddbf0b5,2026-07-06T16:54:59+00:00,e1_baselines_default,pima,logreg,7ed499fc61,0,s0_f2,classical,614,154,8,9,0.785714,0.745556,0.666667,0.832963,0.0036,0.0004,0eea5b2
26c04a24f9ea,2026-07-06T16:54:59+00:00,e1_baselines_default,pima,logreg,7ed499fc61,0,s0_f3,classical,615,153,8,9,0.810458,0.757453,0.681319,0.881887,0.0035,0.0004,0eea5b2
f47451f117cf,2026-07-06T16:54:59+00:00,e1_baselines_default,pima,logreg,7ed499fc61,0,s0_f4,classical,615,153,8,9,0.777778,0.736887,0.653061,0.821887,0.0036,0.0004,0eea5b2
e982670b8289,2026-07-06T16:54:59+00:00,e1_baselines_default,pima,logreg,7ed499fc61,1,s1_f0,classical,614,154,8,9,0.753247,0.699259,0.595745,0.832037,0.0039,0.0004,0eea5b2
5339131c99de,2026-07-06T16:54:59+00:00,e1_baselines_default,pima,logreg,7ed499fc61,1,s1_f1,classical,614,154,8,9,0.779221,0.761852,0.690909,0.847222,0.0032,0.0003,0eea5b2
315f865e8382,2026-07-06T16:54:59+00:00,e1_baselines_default,pima,logreg,7ed499fc61,1,s1_f2,classical,614,154,8,9,0.805195,0.739259,0.651163,0.896667,0.0037,0.0004,0eea5b2
79306ec7fc2c,2026-07-06T16:54:59+00:00,e1_baselines_default,pima,logreg,7ed499fc61,1,s1_f3,classical,615,153,8,9,0.758170,0.704151,0.602151,0.810566,0.0035,0.0004,0eea5b2
2f4903273c8f,2026-07-06T16:54:59+00:00,e1_baselines_default,pima,logreg,7ed499fc61,1,s1_f4,classical,615,153,8,9,0.732026,0.675283,0.559140,0.773585,0.0039,0.0004,0eea5b2
c874204e6929,2026-07-06T16:54:59+00:00,e1_baselines_default,pima,logreg,7ed499fc61,2,s2_f0,classical,614,154,8,9,0.753247,0.707778,0.612245,0.814259,0.0040,0.0004,0eea5b2
4e86574b3238,2026-07-06T16:54:59+00:00,e1_baselines_default,pima,logreg,7ed499fc61,2,s2_f1,classical,614,154,8,9,0.798701,0.764074,0.693069,0.850000,0.0037,0.0004,0eea5b2
fde0fe86e294,2026-07-06T16:54:59+00:00,e1_baselines_default,pima,logreg,7ed499fc61,2,s2_f2,classical,614,154,8,9,0.772727,0.735556,0.653465,0.844444,0.0038,0.0004,0eea5b2
34cf35d9a6eb,2026-07-06T16:54:59+00:00,e1_baselines_default,pima,logreg,7ed499fc61,2,s2_f3,classical,615,153,8,9,0.797386,0.734151,0.643678,0.850189,0.0034,0.0004,0eea5b2
c27f2a5ca306,2026-07-06T16:54:59+00:00,e1_baselines_default,pima,logreg,7ed499fc61,2,s2_f4,classical,615,153,8,9,0.745098,0.685283,0.571429,0.781887,0.0035,0.0004,0eea5b2
372b13a1c19a,2026-07-06T16:54:59+00:00,e1_baselines_default,pima,logreg,7ed499fc61,3,s3_f0,classical,614,154,8,9,0.766234,0.705000,0.600000,0.801111,0.0037,0.0003,0eea5b2
a645e462fc05,2026-07-06T16:54:59+00:00,e1_baselines_default,pima,logreg,7ed499fc61,3,s3_f1,classical,614,154,8,9,0.792208,0.729259,0.636364,0.874815,0.0035,0.0004,0eea5b2
9bef8a2e264c,2026-07-06T16:54:59+00:00,e1_baselines_default,pima,logreg,7ed499fc61,3,s3_f2,classical,614,154,8,9,0.837662,0.815370,0.761905,0.892407,0.0036,0.0003,0eea5b2
e16642c807e4,2026-07-06T16:54:59+00:00,e1_baselines_default,pima,logreg,7ed499fc61,3,s3_f3,classical,615,153,8,9,0.699346,0.650283,0.530612,0.754151,0.0041,0.0004,0eea5b2
f8eda88cfaad,2026-07-06T16:54:59+00:00,e1_baselines_default,pima,logreg,7ed499fc61,3,s3_f4,classical,615,153,8,9,0.751634,0.712453,0.620000,0.800566,0.0042,0.0005,0eea5b2
14ccc16c237b,2026-07-06T16:54:59+00:00,e1_baselines_default,pima,logreg,7ed499fc61,4,s4_f0,classical,614,154,8,9,0.798701,0.755556,0.680412,0.820185,0.0040,0.0005,0eea5b2
2ad79a74a2ee,2026-07-06T16:54:59+00:00,e1_baselines_default,pima,logreg,7ed499fc61,4,s4_f1,classical,614,154,8,9,0.759740,0.717037,0.626263,0.851852,0.0036,0.0004,0eea5b2
abe088971520,2026-07-06T16:54:59+00:00,e1_baselines_default,pima,logreg,7ed499fc61,4,s4_f2,classical,614,154,8,9,0.772727,0.710000,0.606742,0.848148,0.0036,0.0004,0eea5b2
b9cf0493729f,2026-07-06T16:54:59+00:00,e1_baselines_default,pima,logreg,7ed499fc61,4,s4_f3,classical,615,153,8,9,0.771242,0.723019,0.631579,0.830943,0.0034,0.0004,0eea5b2
ba7a989b8a22,2026-07-06T16:54:59+00:00,e1_baselines_default,pima,logreg,7ed499fc61,4,s4_f4,classical,615,153,8,9,0.764706,0.713585,0.617021,0.801698,0.0034,0.0003,0eea5b2
d8e74f43a3d0,2026-07-06T16:55:02+00:00,e1_baselines_default,pima,mlp,744235f705,0,s0_f0,classical,614,154,8,81,0.733766,0.684259,0.577320,0.824259,0.6974,0.0006,0eea5b2
18da0bcb9edc,2026-07-06T16:55:03+00:00,e1_baselines_default,pima,mlp,744235f705,0,s0_f1,classical,614,154,8,81,0.727273,0.679259,0.571429,0.781296,0.6095,0.0009,0eea5b2
5ba097f78d7a,2026-07-06T16:55:04+00:00,e1_baselines_default,pima,mlp,744235f705,0,s0_f2,classical,614,154,8,81,0.753247,0.703519,0.604167,0.832407,0.8047,0.0006,0eea5b2
295e9c260a7c,2026-07-06T16:55:05+00:00,e1_baselines_default,pima,mlp,744235f705,0,s0_f3,classical,615,153,8,81,0.816993,0.753585,0.674419,0.888491,0.8441,0.0005,0eea5b2
2a76cb1f42c6,2026-07-06T16:55:05+00:00,e1_baselines_default,pima,mlp,744235f705,0,s0_f4,classical,615,153,8,81,0.758170,0.735189,0.654206,0.798302,0.6916,0.0006,0eea5b2
2bf6b0de303b,2026-07-06T16:55:06+00:00,e1_baselines_default,pima,mlp,744235f705,1,s1_f0,classical,614,154,8,81,0.779221,0.719259,0.622222,0.847593,0.6739,0.0006,0eea5b2
5aede77a9740,2026-07-06T16:55:07+00:00,e1_baselines_default,pima,mlp,744235f705,1,s1_f1,classical,614,154,8,81,0.772727,0.748333,0.672897,0.827963,0.7804,0.0006,0eea5b2
40588536ea02,2026-07-06T16:55:07+00:00,e1_baselines_default,pima,mlp,744235f705,1,s1_f2,classical,614,154,8,81,0.811688,0.752778,0.674157,0.890370,0.6716,0.0005,0eea5b2
5f322ade6b67,2026-07-06T16:55:08+00:00,e1_baselines_default,pima,mlp,744235f705,1,s1_f3,classical,615,153,8,81,0.745098,0.703019,0.606061,0.797547,0.8102,0.0006,0eea5b2
dba0df87fc02,2026-07-06T16:55:09+00:00,e1_baselines_default,pima,mlp,744235f705,1,s1_f4,classical,615,153,8,81,0.718954,0.660849,0.537634,0.759245,0.7477,0.0006,0eea5b2
bf75a55f468e,2026-07-06T16:55:10+00:00,e1_baselines_default,pima,mlp,744235f705,2,s2_f0,classical,614,154,8,81,0.727273,0.692037,0.596154,0.805741,0.7602,0.0006,0eea5b2
6fb68f2f682a,2026-07-06T16:55:11+00:00,e1_baselines_default,pima,mlp,744235f705,2,s2_f1,classical,614,154,8,81,0.779221,0.740556,0.660000,0.845741,0.8146,0.0006,0eea5b2
a067a88f3d5d,2026-07-06T16:55:11+00:00,e1_baselines_default,pima,mlp,744235f705,2,s2_f2,classical,614,154,8,81,0.785714,0.737037,0.652632,0.848704,0.8922,0.0006,0eea5b2
59d592c3a25b,2026-07-06T16:55:12+00:00,e1_baselines_default,pima,mlp,744235f705,2,s2_f3,classical,615,153,8,81,0.784314,0.741887,0.659794,0.840566,0.7404,0.0005,0eea5b2
29ea6d76f1c9,2026-07-06T16:55:13+00:00,e1_baselines_default,pima,mlp,744235f705,2,s2_f4,classical,615,153,8,81,0.764706,0.695849,0.581395,0.815094,0.7140,0.0006,0eea5b2
b5f1c7f5debd,2026-07-06T16:55:14+00:00,e1_baselines_default,pima,mlp,744235f705,3,s3_f0,classical,614,154,8,81,0.727273,0.645185,0.487805,0.770000,0.7727,0.0006,0eea5b2
50dca9f4c93b,2026-07-06T16:55:15+00:00,e1_baselines_default,pima,mlp,744235f705,3,s3_f1,classical,614,154,8,81,0.766234,0.696481,0.581395,0.870741,0.7887,0.0006,0eea5b2
99ff5bf06524,2026-07-06T16:55:15+00:00,e1_baselines_default,pima,mlp,744235f705,3,s3_f2,classical,614,154,8,81,0.850649,0.821111,0.772277,0.897222,0.8511,0.0005,0eea5b2
0d6811855797,2026-07-06T16:55:16+00:00,e1_baselines_default,pima,mlp,744235f705,3,s3_f3,classical,615,153,8,81,0.686275,0.635849,0.510204,0.762830,0.7560,0.0006,0eea5b2
4afcb5088bde,2026-07-06T16:55:17+00:00,e1_baselines_default,pima,mlp,744235f705,3,s3_f4,classical,615,153,8,81,0.758170,0.717453,0.626263,0.808868,0.6005,0.0006,0eea5b2
91baa1fae046,2026-07-06T16:55:18+00:00,e1_baselines_default,pima,mlp,744235f705,4,s4_f0,classical,614,154,8,81,0.792208,0.746296,0.666667,0.832407,0.7898,0.0006,0eea5b2
08b30f20f457,2026-07-06T16:55:18+00:00,e1_baselines_default,pima,mlp,744235f705,4,s4_f1,classical,614,154,8,81,0.746753,0.702778,0.606061,0.857778,0.9219,0.0006,0eea5b2
570108294e31,2026-07-06T16:55:19+00:00,e1_baselines_default,pima,mlp,744235f705,4,s4_f2,classical,614,154,8,81,0.792208,0.763333,0.692308,0.852037,0.8283,0.0005,0eea5b2
111b1a57a99f,2026-07-06T16:55:20+00:00,e1_baselines_default,pima,mlp,744235f705,4,s4_f3,classical,615,153,8,81,0.790850,0.738019,0.652174,0.815849,0.7219,0.0005,0eea5b2
27a25b45a29b,2026-07-06T16:55:21+00:00,e1_baselines_default,pima,mlp,744235f705,4,s4_f4,classical,615,153,8,81,0.738562,0.698019,0.600000,0.783019,0.7845,0.0005,0eea5b2
24e087a24627,2026-07-06T16:55:24+00:00,e1_baselines_default,pima,rf,c8d7e752eb,0,s0_f0,classical,614,154,8,,0.714286,0.669259,0.560000,0.802037,0.1656,0.0168,0eea5b2
92e5246c65ea,2026-07-06T16:55:24+00:00,e1_baselines_default,pima,rf,c8d7e752eb,0,s0_f1,classical,614,154,8,,0.733766,0.684259,0.577320,0.807500,0.1503,0.0153,0eea5b2
956a7d05799a,2026-07-06T16:55:24+00:00,e1_baselines_default,pima,rf,c8d7e752eb,0,s0_f2,classical,614,154,8,,0.753247,0.716296,0.627451,0.802315,0.1579,0.0166,0eea5b2
f964de1f51f0,2026-07-06T16:55:24+00:00,e1_baselines_default,pima,rf,c8d7e752eb,0,s0_f3,classical,615,153,8,,0.784314,0.750755,0.673267,0.878208,0.1528,0.0156,0eea5b2
02a8e8ded873,2026-07-06T16:55:25+00:00,e1_baselines_default,pima,rf,c8d7e752eb,0,s0_f4,classical,615,153,8,,0.725490,0.665849,0.543478,0.810566,0.1481,0.0154,0eea5b2
a6d8dd75976e,2026-07-06T16:55:25+00:00,e1_baselines_default,pima,rf,c8d7e752eb,1,s1_f0,classical,614,154,8,,0.772727,0.722778,0.631579,0.801296,0.1472,0.0150,0eea5b2
dd37be8c7513,2026-07-06T16:55:25+00:00,e1_baselines_default,pima,rf,c8d7e752eb,1,s1_f1,classical,614,154,8,,0.818182,0.813148,0.754386,0.839722,0.1477,0.0157,0eea5b2
b8ed2b9a5651,2026-07-06T16:55:25+00:00,e1_baselines_default,pima,rf,c8d7e752eb,1,s1_f2,classical,614,154,8,,0.805195,0.739259,0.651163,0.888611,0.1564,0.0162,0eea5b2
ba3ebe8c2ab1,2026-07-06T16:55:25+00:00,e1_baselines_default,pima,rf,c8d7e752eb,1,s1_f3,classical,615,153,8,,0.738562,0.706887,0.615385,0.821321,0.1453,0.0162,0eea5b2
b036366c3973,2026-07-06T16:55:25+00:00,e1_baselines_default,pima,rf,c8d7e752eb,1,s1_f4,classical,615,153,8,,0.718954,0.678585,0.574257,0.795849,0.1487,0.0155,0eea5b2
22e280c12e67,2026-07-06T16:55:26+00:00,e1_baselines_default,pima,rf,c8d7e752eb,2,s2_f0,classical,614,154,8,,0.740260,0.702037,0.607843,0.801111,0.1456,0.0152,0eea5b2
fc30f851031b,2026-07-06T16:55:26+00:00,e1_baselines_default,pima,rf,c8d7e752eb,2,s2_f1,classical,614,154,8,,0.766234,0.743333,0.666667,0.852685,0.1454,0.0156,0eea5b2
d0bf9b89d52b,2026-07-06T16:55:26+00:00,e1_baselines_default,pima,rf,c8d7e752eb,2,s2_f2,classical,614,154,8,,0.779221,0.744815,0.666667,0.832407,0.1484,0.0153,0eea5b2
1b1cd1c002fd,2026-07-06T16:55:26+00:00,e1_baselines_default,pima,rf,c8d7e752eb,2,s2_f3,classical,615,153,8,,0.777778,0.728019,0.638298,0.836132,0.1426,0.0151,0eea5b2
b62a8cf941cd,2026-07-06T16:55:26+00:00,e1_baselines_default,pima,rf,c8d7e752eb,2,s2_f4,classical,615,153,8,,0.732026,0.670849,0.549451,0.766887,0.1483,0.0153,0eea5b2
3d70132022bc,2026-07-06T16:55:26+00:00,e1_baselines_default,pima,rf,c8d7e752eb,3,s3_f0,classical,614,154,8,,0.772727,0.722778,0.631579,0.809815,0.1449,0.0151,0eea5b2
58cd1918f332,2026-07-06T16:55:27+00:00,e1_baselines_default,pima,rf,c8d7e752eb,3,s3_f1,classical,614,154,8,,0.759740,0.691481,0.574713,0.835926,0.1477,0.0151,0eea5b2
42708bd5ae6b,2026-07-06T16:55:27+00:00,e1_baselines_default,pima,rf,c8d7e752eb,3,s3_f2,classical,614,154,8,,0.818182,0.791852,0.730769,0.891019,0.1484,0.0156,0eea5b2
b6672d43bff5,2026-07-06T16:55:27+00:00,e1_baselines_default,pima,rf,c8d7e752eb,3,s3_f3,classical,615,153,8,,0.718954,0.678585,0.574257,0.763679,0.1435,0.0153,0eea5b2
161b65cbd051,2026-07-06T16:55:27+00:00,e1_baselines_default,pima,rf,c8d7e752eb,3,s3_f4,classical,615,153,8,,0.758170,0.726321,0.640777,0.804340,0.1515,0.0153,0eea5b2
327276cfc0ae,2026-07-06T16:55:27+00:00,e1_baselines_default,pima,rf,c8d7e752eb,4,s4_f0,classical,614,154,8,,0.740260,0.693519,0.591837,0.820093,0.1741,0.0151,0eea5b2
5d10a92503be,2026-07-06T16:55:27+00:00,e1_baselines_default,pima,rf,c8d7e752eb,4,s4_f1,classical,614,154,8,,0.772727,0.739815,0.660194,0.842315,0.1502,0.0171,0eea5b2
81e562288fff,2026-07-06T16:55:28+00:00,e1_baselines_default,pima,rf,c8d7e752eb,4,s4_f2,classical,614,154,8,,0.798701,0.768333,0.699029,0.859074,0.1565,0.0160,0eea5b2
d286abfe9ae2,2026-07-06T16:55:28+00:00,e1_baselines_default,pima,rf,c8d7e752eb,4,s4_f3,classical,615,153,8,,0.777778,0.732453,0.645833,0.838019,0.1540,0.0157,0eea5b2
f2dfb1593853,2026-07-06T16:55:28+00:00,e1_baselines_default,pima,rf,c8d7e752eb,4,s4_f4,classical,615,153,8,,0.732026,0.688585,0.585859,0.783774,0.1538,0.0160,0eea5b2
212ea9ed5b90,2026-07-06T16:55:31+00:00,e1_baselines_default,pima,svm_linear,842f72ae4f,0,s0_f0,classical,614,154,8,9,0.759740,0.708519,0.610526,0.832778,0.0072,0.0021,0eea5b2
9628f7383383,2026-07-06T16:55:31+00:00,e1_baselines_default,pima,svm_linear,842f72ae4f,0,s0_f1,classical,614,154,8,9,0.759740,0.708519,0.610526,0.796852,0.0059,0.0019,0eea5b2
50ec8fb9b247,2026-07-06T16:55:31+00:00,e1_baselines_default,pima,svm_linear,842f72ae4f,0,s0_f2,classical,614,154,8,9,0.772727,0.722778,0.631579,0.825000,0.0058,0.0019,0eea5b2
ce90a4640f58,2026-07-06T16:55:31+00:00,e1_baselines_default,pima,svm_linear,842f72ae4f,0,s0_f3,classical,615,153,8,9,0.816993,0.762453,0.688889,0.890943,0.0061,0.0020,0eea5b2
57479e15ae3c,2026-07-06T16:55:31+00:00,e1_baselines_default,pima,svm_linear,842f72ae4f,0,s0_f4,classical,615,153,8,9,0.784314,0.741887,0.659794,0.821132,0.0058,0.0018,0eea5b2
e2bfb3d0bcfc,2026-07-06T16:55:31+00:00,e1_baselines_default,pima,svm_linear,842f72ae4f,1,s1_f0,classical,614,154,8,9,0.759740,0.717037,0.626263,0.830000,0.0061,0.0019,0eea5b2
5eda1dc447ce,2026-07-06T16:55:31+00:00,e1_baselines_default,pima,svm_linear,842f72ae4f,1,s1_f1,classical,614,154,8,9,0.785714,0.766852,0.697248,0.852593,0.0058,0.0019,0eea5b2
38537cb79a07,2026-07-06T16:55:31+00:00,e1_baselines_default,pima,svm_linear,842f72ae4f,1,s1_f2,classical,614,154,8,9,0.811688,0.748519,0.666667,0.900000,0.0057,0.0024,0eea5b2
82a9b9527834,2026-07-06T16:55:31+00:00,e1_baselines_default,pima,svm_linear,842f72ae4f,1,s1_f3,classical,615,153,8,9,0.745098,0.698585,0.597938,0.810566,0.0056,0.0019,0eea5b2
766f48bd540e,2026-07-06T16:55:31+00:00,e1_baselines_default,pima,svm_linear,842f72ae4f,1,s1_f4,classical,615,153,8,9,0.718954,0.660849,0.537634,0.763396,0.0054,0.0018,0eea5b2
e9a34cd36647,2026-07-06T16:55:31+00:00,e1_baselines_default,pima,svm_linear,842f72ae4f,2,s2_f0,classical,614,154,8,9,0.740260,0.693519,0.591837,0.809815,0.0059,0.0019,0eea5b2
f25a3a818b48,2026-07-06T16:55:31+00:00,e1_baselines_default,pima,svm_linear,842f72ae4f,2,s2_f1,classical,614,154,8,9,0.779221,0.744815,0.666667,0.849074,0.0057,0.0018,0eea5b2
4f36ccb67a94,2026-07-06T16:55:31+00:00,e1_baselines_default,pima,svm_linear,842f72ae4f,2,s2_f2,classical,614,154,8,9,0.792208,0.750556,0.673469,0.843333,0.0062,0.0019,0eea5b2
f38795d9760f,2026-07-06T16:55:31+00:00,e1_baselines_default,pima,svm_linear,842f72ae4f,2,s2_f3,classical,615,153,8,9,0.803922,0.743585,0.659091,0.850377,0.0059,0.0019,0eea5b2
6742b5872ca4,2026-07-06T16:55:31+00:00,e1_baselines_default,pima,svm_linear,842f72ae4f,2,s2_f4,classical,615,153,8,9,0.738562,0.675849,0.555556,0.778679,0.0064,0.0021,0eea5b2
72890390bd00,2026-07-06T16:55:31+00:00,e1_baselines_default,pima,svm_linear,842f72ae4f,3,s3_f0,classical,614,154,8,9,0.766234,0.700741,0.590909,0.801111,0.0056,0.0019,0eea5b2
1a7585f492e5,2026-07-06T16:55:31+00:00,e1_baselines_default,pima,svm_linear,842f72ae4f,3,s3_f1,classical,614,154,8,9,0.779221,0.710741,0.604651,0.871111,0.0058,0.0019,0eea5b2
8249ce4334d8,2026-07-06T16:55:31+00:00,e1_baselines_default,pima,svm_linear,842f72ae4f,3,s3_f2,classical,614,154,8,9,0.837662,0.815370,0.761905,0.890926,0.0058,0.0020,0eea5b2
21507cb76893,2026-07-06T16:55:31+00:00,e1_baselines_default,pima,svm_linear,842f72ae4f,3,s3_f3,classical,615,153,8,9,0.712418,0.660283,0.541667,0.763208,0.0056,0.0019,0eea5b2
b4e5cd15b35a,2026-07-06T16:55:31+00:00,e1_baselines_default,pima,svm_linear,842f72ae4f,3,s3_f4,classical,615,153,8,9,0.751634,0.716887,0.627451,0.791698,0.0057,0.0020,0eea5b2
c374dc93ffad,2026-07-06T16:55:31+00:00,e1_baselines_default,pima,svm_linear,842f72ae4f,4,s4_f0,classical,614,154,8,9,0.785714,0.741296,0.659794,0.817778,0.0059,0.0020,0eea5b2
447c5f9a556a,2026-07-06T16:55:31+00:00,e1_baselines_default,pima,svm_linear,842f72ae4f,4,s4_f1,classical,614,154,8,9,0.759740,0.717037,0.626263,0.858148,0.0057,0.0019,0eea5b2
ec6a70675799,2026-07-06T16:55:31+00:00,e1_baselines_default,pima,svm_linear,842f72ae4f,4,s4_f2,classical,614,154,8,9,0.792208,0.737778,0.652174,0.846296,0.0057,0.0019,0eea5b2
d91dcc96e782,2026-07-06T16:55:31+00:00,e1_baselines_default,pima,svm_linear,842f72ae4f,4,s4_f3,classical,615,153,8,9,0.758170,0.708585,0.610526,0.820943,0.0059,0.0019,0eea5b2
8e0608fadb88,2026-07-06T16:55:31+00:00,e1_baselines_default,pima,svm_linear,842f72ae4f,4,s4_f4,classical,615,153,8,9,0.764706,0.713585,0.617021,0.798868,0.0056,0.0020,0eea5b2
0ce1b8ea954e,2026-07-06T16:55:34+00:00,e1_baselines_default,pima,svm_rbf,177f5b7d03,0,s0_f0,classical,614,154,8,,0.727273,0.670741,0.553191,0.817778,0.0086,0.0039,0eea5b2
9234220fb325,2026-07-06T16:55:34+00:00,e1_baselines_default,pima,svm_rbf,177f5b7d03,0,s0_f1,classical,614,154,8,,0.727273,0.679259,0.571429,0.799259,0.0066,0.0037,0eea5b2
f4aab6254b04,2026-07-06T16:55:34+00:00,e1_baselines_default,pima,svm_rbf,177f5b7d03,0,s0_f2,classical,614,154,8,,0.753247,0.707778,0.612245,0.831667,0.0064,0.0037,0eea5b2
5143e2ac5a52,2026-07-06T16:55:34+00:00,e1_baselines_default,pima,svm_rbf,177f5b7d03,0,s0_f3,classical,615,153,8,,0.843137,0.795755,0.739130,0.905660,0.0069,0.0038,0eea5b2
69571ea9599f,2026-07-06T16:55:34+00:00,e1_baselines_default,pima,svm_rbf,177f5b7d03,0,s0_f4,classical,615,153,8,,0.823529,0.780755,0.715789,0.837925,0.0065,0.0038,0eea5b2
06d61d6336fd,2026-07-06T16:55:34+00:00,e1_baselines_default,pima,svm_rbf,177f5b7d03,1,s1_f0,classical,614,154,8,,0.772727,0.727037,0.639175,0.836667,0.0065,0.0037,0eea5b2
ce3a27bbbaf5,2026-07-06T16:55:34+00:00,e1_baselines_default,pima,svm_rbf,177f5b7d03,1,s1_f1,classical,614,154,8,,0.818182,0.796111,0.735849,0.865370,0.0063,0.0038,0eea5b2
4f5e2c11f853,2026-07-06T16:55:35+00:00,e1_baselines_default,pima,svm_rbf,177f5b7d03,1,s1_f2,classical,614,154,8,,0.766234,0.692222,0.571429,0.891481,0.0070,0.0039,0eea5b2
c88a64f8b825,2026-07-06T16:55:35+00:00,e1_baselines_default,pima,svm_rbf,177f5b7d03,1,s1_f3,classical,615,153,8,,0.745098,0.707453,0.613861,0.818679,0.0065,0.0037,0eea5b2
c47d217d0024,2026-07-06T16:55:35+00:00,e1_baselines_default,pima,svm_rbf,177f5b7d03,1,s1_f4,classical,615,153,8,,0.705882,0.650849,0.526316,0.776415,0.0061,0.0035,0eea5b2
61e3e82cd6be,2026-07-06T16:55:35+00:00,e1_baselines_default,pima,svm_rbf,177f5b7d03,2,s2_f0,classical,614,154,8,,0.714286,0.673519,0.568627,0.801481,0.0059,0.0036,0eea5b2
2a4930a5c21a,2026-07-06T16:55:35+00:00,e1_baselines_default,pima,svm_rbf,177f5b7d03,2,s2_f1,classical,614,154,8,,0.805195,0.769074,0.700000,0.866296,0.0065,0.0038,0eea5b2
446e14d6bcc1,2026-07-06T16:55:35+00:00,e1_baselines_default,pima,svm_rbf,177f5b7d03,2,s2_f2,classical,614,154,8,,0.785714,0.737037,0.652632,0.857407,0.0065,0.0038,0eea5b2
5a4afc836744,2026-07-06T16:55:35+00:00,e1_baselines_default,pima,svm_rbf,177f5b7d03,2,s2_f3,classical,615,153,8,,0.797386,0.743019,0.659341,0.859811,0.0066,0.0037,0eea5b2
31362890606f,2026-07-06T16:55:35+00:00,e1_baselines_default,pima,svm_rbf,177f5b7d03,2,s2_f4,classical,615,153,8,,0.758170,0.695283,0.584270,0.808868,0.0067,0.0037,0eea5b2
0186cb32ea37,2026-07-06T16:55:35+00:00,e1_baselines_default,pima,svm_rbf,177f5b7d03,3,s3_f0,classical,614,154,8,,0.759740,0.691481,0.574713,0.800556,0.0062,0.0037,0eea5b2
1c94058b4957,2026-07-06T16:55:35+00:00,e1_baselines_default,pima,svm_rbf,177f5b7d03,3,s3_f1,classical,614,154,8,,0.766234,0.700741,0.590909,0.890370,0.0064,0.0038,0eea5b2
df1afcca8139,2026-07-06T16:55:35+00:00,e1_baselines_default,pima,svm_rbf,177f5b7d03,3,s3_f2,classical,614,154,8,,0.831169,0.814630,0.759259,0.904630,0.0067,0.0038,0eea5b2
eecfd393ac05,2026-07-06T16:55:35+00:00,e1_baselines_default,pima,svm_rbf,177f5b7d03,3,s3_f3,classical,615,153,8,,0.712418,0.660283,0.541667,0.775660,0.0067,0.0035,0eea5b2
e76e13a489aa,2026-07-06T16:55:35+00:00,e1_baselines_default,pima,svm_rbf,177f5b7d03,3,s3_f4,classical,615,153,8,,0.751634,0.703585,0.604167,0.804528,0.0063,0.0036,0eea5b2
754f4d0c6ffb,2026-07-06T16:55:35+00:00,e1_baselines_default,pima,svm_rbf,177f5b7d03,4,s4_f0,classical,614,154,8,,0.766234,0.717778,0.625000,0.836481,0.0064,0.0042,0eea5b2
4686012b078b,2026-07-06T16:55:35+00:00,e1_baselines_default,pima,svm_rbf,177f5b7d03,4,s4_f1,classical,614,154,8,,0.785714,0.741296,0.659794,0.854074,0.0066,0.0038,0eea5b2
2fae31b9cc96,2026-07-06T16:55:35+00:00,e1_baselines_default,pima,svm_rbf,177f5b7d03,4,s4_f2,classical,614,154,8,,0.785714,0.720000,0.620690,0.856667,0.0066,0.0037,0eea5b2
9ae930b54f78,2026-07-06T16:55:35+00:00,e1_baselines_default,pima,svm_rbf,177f5b7d03,4,s4_f3,classical,615,153,8,,0.797386,0.747453,0.666667,0.848491,0.0064,0.0037,0eea5b2
0c4e3a1a833d,2026-07-06T16:55:35+00:00,e1_baselines_default,pima,svm_rbf,177f5b7d03,4,s4_f4,classical,615,153,8,,0.764706,0.718019,0.625000,0.801132,0.0066,0.0038,0eea5b2
20adfaf25368,2026-07-06T16:55:38+00:00,e1_baselines_default,pima,xgboost,e3bd90770a,0,s0_f0,classical,614,154,8,,0.746753,0.711296,0.621359,0.769074,0.0373,0.0025,0eea5b2
5345d98b8d7c,2026-07-06T16:55:38+00:00,e1_baselines_default,pima,xgboost,e3bd90770a,0,s0_f1,classical,614,154,8,,0.779221,0.740556,0.660000,0.802222,0.0348,0.0020,0eea5b2
d0a4fbfba047,2026-07-06T16:55:38+00:00,e1_baselines_default,pima,xgboost,e3bd90770a,0,s0_f2,classical,614,154,8,,0.753247,0.733333,0.654545,0.794444,0.0350,0.0023,0eea5b2
6615ef0bc3d8,2026-07-06T16:55:38+00:00,e1_baselines_default,pima,xgboost,e3bd90770a,0,s0_f3,classical,615,153,8,,0.745098,0.716321,0.628571,0.831509,0.0353,0.0021,0eea5b2
f24e7babbc5c,2026-07-06T16:55:38+00:00,e1_baselines_default,pima,xgboost,e3bd90770a,0,s0_f4,classical,615,153,8,,0.692810,0.649717,0.534653,0.739057,0.0347,0.0020,0eea5b2
f7dc78a259cb,2026-07-06T16:55:38+00:00,e1_baselines_default,pima,xgboost,e3bd90770a,1,s1_f0,classical,614,154,8,,0.759740,0.729815,0.647619,0.753889,0.0353,0.0020,0eea5b2
f703a4b3c817,2026-07-06T16:55:38+00:00,e1_baselines_default,pima,xgboost,e3bd90770a,1,s1_f1,classical,614,154,8,,0.701299,0.693333,0.610169,0.792593,0.0353,0.0019,0eea5b2
fc01906b43a0,2026-07-06T16:55:38+00:00,e1_baselines_default,pima,xgboost,e3bd90770a,1,s1_f2,classical,614,154,8,,0.766234,0.709259,0.608696,0.855370,0.0352,0.0017,0eea5b2
7e240bce890e,2026-07-06T16:55:38+00:00,e1_baselines_default,pima,xgboost,e3bd90770a,1,s1_f3,classical,615,153,8,,0.692810,0.663019,0.560748,0.754906,0.0344,0.0019,0eea5b2
6e4894b66f57,2026-07-06T16:55:38+00:00,e1_baselines_default,pima,xgboost,e3bd90770a,1,s1_f4,classical,615,153,8,,0.718954,0.687453,0.590476,0.785094,0.0342,0.0018,0eea5b2
77cece753286,2026-07-06T16:55:38+00:00,e1_baselines_default,pima,xgboost,e3bd90770a,2,s2_f0,classical,614,154,8,,0.727273,0.700556,0.611111,0.794630,0.0350,0.0019,0eea5b2
264e92cbecc1,2026-07-06T16:55:38+00:00,e1_baselines_default,pima,xgboost,e3bd90770a,2,s2_f1,classical,614,154,8,,0.766234,0.756111,0.684211,0.819259,0.0362,0.0021,0eea5b2
689cc611c936,2026-07-06T16:55:38+00:00,e1_baselines_default,pima,xgboost,e3bd90770a,2,s2_f2,classical,614,154,8,,0.733766,0.705556,0.616822,0.802222,0.0388,0.0023,0eea5b2
5e2a4dee861b,2026-07-06T16:55:38+00:00,e1_baselines_default,pima,xgboost,e3bd90770a,2,s2_f3,classical,615,153,8,,0.712418,0.664717,0.551020,0.785660,0.0376,0.0019,0eea5b2
e2296cea20b7,2026-07-06T16:55:38+00:00,e1_baselines_default,pima,xgboost,e3bd90770a,2,s2_f4,classical,615,153,8,,0.705882,0.659717,0.545455,0.752453,0.0418,0.0019,0eea5b2
34b019a95617,2026-07-06T16:55:38+00:00,e1_baselines_default,pima,xgboost,e3bd90770a,3,s3_f0,classical,614,154,8,,0.720779,0.678519,0.574257,0.749444,0.0350,0.0020,0eea5b2
b5650e170ed1,2026-07-06T16:55:39+00:00,e1_baselines_default,pima,xgboost,e3bd90770a,3,s3_f1,classical,614,154,8,,0.759740,0.700000,0.593407,0.821852,0.0347,0.0019,0eea5b2
5fc987c96737,2026-07-06T16:55:39+00:00,e1_baselines_default,pima,xgboost,e3bd90770a,3,s3_f2,classical,614,154,8,,0.766234,0.756111,0.684211,0.868333,0.0353,0.0019,0eea5b2
9afd15e12fa5,2026-07-06T16:55:39+00:00,e1_baselines_default,pima,xgboost,e3bd90770a,3,s3_f3,classical,615,153,8,,0.686275,0.653585,0.547170,0.744717,0.0344,0.0021,0eea5b2
b46fb7a7955a,2026-07-06T16:55:39+00:00,e1_baselines_default,pima,xgboost,e3bd90770a,3,s3_f4,classical,615,153,8,,0.712418,0.691321,0.600000,0.746981,0.0356,0.0019,0eea5b2
0dd2521f5bf8,2026-07-06T16:55:39+00:00,e1_baselines_default,pima,xgboost,e3bd90770a,4,s4_f0,classical,614,154,8,,0.727273,0.683519,0.580000,0.788704,0.0350,0.0019,0eea5b2
20b6e7ad8d1b,2026-07-06T16:55:39+00:00,e1_baselines_default,pima,xgboost,e3bd90770a,4,s4_f1,classical,614,154,8,,0.779221,0.761852,0.690909,0.813704,0.0347,0.0017,0eea5b2
4e3cad57adac,2026-07-06T16:55:39+00:00,e1_baselines_default,pima,xgboost,e3bd90770a,4,s4_f2,classical,614,154,8,,0.772727,0.739815,0.660194,0.817963,0.0349,0.0018,0eea5b2
72195de1b6a7,2026-07-06T16:55:39+00:00,e1_baselines_default,pima,xgboost,e3bd90770a,4,s4_f3,classical,615,153,8,,0.764706,0.722453,0.632653,0.802642,0.0347,0.0020,0eea5b2
347872e13fca,2026-07-06T16:55:39+00:00,e1_baselines_default,pima,xgboost,e3bd90770a,4,s4_f4,classical,615,153,8,,0.686275,0.644717,0.529412,0.751321,0.0355,0.0019,0eea5b2
d422e3aa9816,2026-07-06T16:56:24+00:00,e1_baselines_default,heart_statlog,knn,cf1984a540,0,s0_f0,classical,216,54,13,,0.796296,0.795833,0.775510,0.849306,0.0015,0.0030,0eea5b2
9d27c654c401,2026-07-06T16:56:24+00:00,e1_baselines_default,heart_statlog,knn,cf1984a540,0,s0_f1,classical,216,54,13,,0.851852,0.850000,0.833333,0.908333,0.0008,0.0022,0eea5b2
a5ed86f19d2b,2026-07-06T16:56:24+00:00,e1_baselines_default,heart_statlog,knn,cf1984a540,0,s0_f2,classical,216,54,13,,0.685185,0.666667,0.585366,0.765278,0.0007,0.0025,0eea5b2
768751fcfd17,2026-07-06T16:56:24+00:00,e1_baselines_default,heart_statlog,knn,cf1984a540,0,s0_f3,classical,216,54,13,,0.814815,0.816667,0.800000,0.894444,0.0008,0.0021,0eea5b2
ef4d7a12b1d4,2026-07-06T16:56:24+00:00,e1_baselines_default,heart_statlog,knn,cf1984a540,0,s0_f4,classical,216,54,13,,0.851852,0.854167,0.840000,0.905556,0.0008,0.0021,0eea5b2
d9454d75467c,2026-07-06T16:56:24+00:00,e1_baselines_default,heart_statlog,knn,cf1984a540,1,s1_f0,classical,216,54,13,,0.814815,0.812500,0.791667,0.832639,0.0008,0.0020,0eea5b2
6b9fe8cda75f,2026-07-06T16:56:24+00:00,e1_baselines_default,heart_statlog,knn,cf1984a540,1,s1_f1,classical,216,54,13,,0.833333,0.833333,0.816327,0.870139,0.0007,0.0020,0eea5b2
7ed9b35fe673,2026-07-06T16:56:24+00:00,e1_baselines_default,heart_statlog,knn,cf1984a540,1,s1_f2,classical,216,54,13,,0.796296,0.779167,0.731707,0.860417,0.0007,0.0020,0eea5b2
870677b85c2c,2026-07-06T16:56:24+00:00,e1_baselines_default,heart_statlog,knn,cf1984a540,1,s1_f3,classical,216,54,13,,0.925926,0.925000,0.916667,0.964583,0.0007,0.0021,0eea5b2
01da2d0bf97f,2026-07-06T16:56:24+00:00,e1_baselines_default,heart_statlog,knn,cf1984a540,1,s1_f4,classical,216,54,13,,0.740741,0.729167,0.681818,0.784028,0.0010,0.0030,0eea5b2
7aa2bd1b8d18,2026-07-06T16:56:24+00:00,e1_baselines_default,heart_statlog,knn,cf1984a540,2,s2_f0,classical,216,54,13,,0.666667,0.654167,0.590909,0.741667,0.0010,0.0030,0eea5b2
fe0a8cde6086,2026-07-06T16:56:24+00:00,e1_baselines_default,heart_statlog,knn,cf1984a540,2,s2_f1,classical,216,54,13,,0.888889,0.887500,0.875000,0.947222,0.0009,0.0030,0eea5b2
d53d10910686,2026-07-06T16:56:24+00:00,e1_baselines_default,heart_statlog,knn,cf1984a540,2,s2_f2,classical,216,54,13,,0.833333,0.829167,0.808511,0.875694,0.0009,0.0023,0eea5b2
0d9c4f66c968,2026-07-06T16:56:24+00:00,e1_baselines_default,heart_statlog,knn,cf1984a540,2,s2_f3,classical,216,54,13,,0.796296,0.795833,0.775510,0.880556,0.0007,0.0021,0eea5b2
2f65988044ae,2026-07-06T16:56:24+00:00,e1_baselines_default,heart_statlog,knn,cf1984a540,2,s2_f4,classical,216,54,13,,0.777778,0.775000,0.750000,0.829861,0.0007,0.0021,0eea5b2
fdb154af19fa,2026-07-06T16:56:24+00:00,e1_baselines_default,heart_statlog,knn,cf1984a540,3,s3_f0,classical,216,54,13,,0.796296,0.779167,0.731707,0.863194,0.0007,0.0020,0eea5b2
c0841ae4b4e8,2026-07-06T16:56:24+00:00,e1_baselines_default,heart_statlog,knn,cf1984a540,3,s3_f1,classical,216,54,13,,0.814815,0.816667,0.800000,0.859028,0.0007,0.0021,0eea5b2
9a85b8f2dee4,2026-07-06T16:56:24+00:00,e1_baselines_default,heart_statlog,knn,cf1984a540,3,s3_f2,classical,216,54,13,,0.777778,0.770833,0.739130,0.815972,0.0007,0.0019,0eea5b2
94571dfea34d,2026-07-06T16:56:24+00:00,e1_baselines_default,heart_statlog,knn,cf1984a540,3,s3_f3,classical,216,54,13,,0.777778,0.775000,0.750000,0.840278,0.0006,0.0020,0eea5b2
54d3c1bf9ab6,2026-07-06T16:56:24+00:00,e1_baselines_default,heart_statlog,knn,cf1984a540,3,s3_f4,classical,216,54,13,,0.833333,0.833333,0.816327,0.931944,0.0008,0.0019,0eea5b2
844ecce7e6ea,2026-07-06T16:56:24+00:00,e1_baselines_default,heart_statlog,knn,cf1984a540,4,s4_f0,classical,216,54,13,,0.833333,0.829167,0.808511,0.867361,0.0007,0.0019,0eea5b2
45751ce05316,2026-07-06T16:56:24+00:00,e1_baselines_default,heart_statlog,knn,cf1984a540,4,s4_f1,classical,216,54,13,,0.851852,0.862500,0.851852,0.902083,0.0007,0.0028,0eea5b2
04316b3c117b,2026-07-06T16:56:24+00:00,e1_baselines_default,heart_statlog,knn,cf1984a540,4,s4_f2,classical,216,54,13,,0.796296,0.779167,0.731707,0.840278,0.0010,0.0028,0eea5b2
260235f664e2,2026-07-06T16:56:24+00:00,e1_baselines_default,heart_statlog,knn,cf1984a540,4,s4_f3,classical,216,54,13,,0.796296,0.787500,0.755556,0.812500,0.0007,0.0022,0eea5b2
8132805544d5,2026-07-06T16:56:24+00:00,e1_baselines_default,heart_statlog,knn,cf1984a540,4,s4_f4,classical,216,54,13,,0.759259,0.758333,0.734694,0.815278,0.0007,0.0022,0eea5b2
dd1e328941f4,2026-07-06T16:56:27+00:00,e1_baselines_default,heart_statlog,logreg,11a7a82caf,0,s0_f0,classical,216,54,13,14,0.814815,0.804167,0.772727,0.919444,0.0083,0.0007,0eea5b2
7ff7637ef8d8,2026-07-06T16:56:27+00:00,e1_baselines_default,heart_statlog,logreg,11a7a82caf,0,s0_f1,classical,216,54,13,14,0.833333,0.829167,0.808511,0.913889,0.0076,0.0005,0eea5b2
ac931f3703e1,2026-07-06T16:56:27+00:00,e1_baselines_default,heart_statlog,logreg,11a7a82caf,0,s0_f2,classical,216,54,13,14,0.796296,0.787500,0.755556,0.841667,0.0051,0.0005,0eea5b2
da4ff6abaf42,2026-07-06T16:56:27+00:00,e1_baselines_default,heart_statlog,logreg,11a7a82caf,0,s0_f3,classical,216,54,13,14,0.851852,0.850000,0.833333,0.922222,0.0065,0.0004,0eea5b2
edde63b5d2a6,2026-07-06T16:56:27+00:00,e1_baselines_default,heart_statlog,logreg,11a7a82caf,0,s0_f4,classical,216,54,13,14,0.870370,0.875000,0.862745,0.941667,0.0058,0.0004,0eea5b2
3485fa54b2bf,2026-07-06T16:56:27+00:00,e1_baselines_default,heart_statlog,logreg,11a7a82caf,1,s1_f0,classical,216,54,13,14,0.814815,0.812500,0.791667,0.888889,0.0088,0.0005,0eea5b2
5724ee8d514e,2026-07-06T16:56:27+00:00,e1_baselines_default,heart_statlog,logreg,11a7a82caf,1,s1_f1,classical,216,54,13,14,0.814815,0.816667,0.800000,0.886111,0.0072,0.0005,0eea5b2
0a7f5f725969,2026-07-06T16:56:27+00:00,e1_baselines_default,heart_statlog,logreg,11a7a82caf,1,s1_f2,classical,216,54,13,14,0.851852,0.845833,0.826087,0.938889,0.0067,0.0005,0eea5b2
ce50296b5745,2026-07-06T16:56:27+00:00,e1_baselines_default,heart_statlog,logreg,11a7a82caf,1,s1_f3,classical,216,54,13,14,0.962963,0.962500,0.958333,0.973611,0.0047,0.0005,0eea5b2
2164fc6704b0,2026-07-06T16:56:27+00:00,e1_baselines_default,heart_statlog,logreg,11a7a82caf,1,s1_f4,classical,216,54,13,14,0.759259,0.745833,0.697674,0.868056,0.0046,0.0003,0eea5b2
d49a240b3bf7,2026-07-06T16:56:27+00:00,e1_baselines_default,heart_statlog,logreg,11a7a82caf,2,s2_f0,classical,216,54,13,14,0.722222,0.708333,0.651163,0.823611,0.0048,0.0004,0eea5b2
95cf1d78cddf,2026-07-06T16:56:27+00:00,e1_baselines_default,heart_statlog,logreg,11a7a82caf,2,s2_f1,classical,216,54,13,14,0.925926,0.929167,0.920000,0.977778,0.0052,0.0003,0eea5b2
95aeae691e34,2026-07-06T16:56:27+00:00,e1_baselines_default,heart_statlog,logreg,11a7a82caf,2,s2_f2,classical,216,54,13,14,0.833333,0.833333,0.816327,0.951389,0.0047,0.0004,0eea5b2
f0af92ce1321,2026-07-06T16:56:27+00:00,e1_baselines_default,heart_statlog,logreg,11a7a82caf,2,s2_f3,classical,216,54,13,14,0.907407,0.908333,0.897959,0.925000,0.0057,0.0004,0eea5b2
afae75abf7c8,2026-07-06T16:56:27+00:00,e1_baselines_default,heart_statlog,logreg,11a7a82caf,2,s2_f4,classical,216,54,13,14,0.814815,0.804167,0.772727,0.870833,0.0062,0.0004,0eea5b2
377a641c5284,2026-07-06T16:56:27+00:00,e1_baselines_default,heart_statlog,logreg,11a7a82caf,3,s3_f0,classical,216,54,13,14,0.814815,0.804167,0.772727,0.898611,0.0051,0.0003,0eea5b2
902967a8d157,2026-07-06T16:56:27+00:00,e1_baselines_default,heart_statlog,logreg,11a7a82caf,3,s3_f1,classical,216,54,13,14,0.722222,0.729167,0.716981,0.905556,0.0058,0.0003,0eea5b2
170a3b1315c4,2026-07-06T16:56:27+00:00,e1_baselines_default,heart_statlog,logreg,11a7a82caf,3,s3_f2,classical,216,54,13,14,0.796296,0.791667,0.765957,0.862500,0.0046,0.0004,0eea5b2
47454d2c9ecc,2026-07-06T16:56:28+00:00,e1_baselines_default,heart_statlog,logreg,11a7a82caf,3,s3_f3,classical,216,54,13,14,0.777778,0.770833,0.739130,0.876389,0.0051,0.0004,0eea5b2
2549cea96b55,2026-07-06T16:56:28+00:00,e1_baselines_default,heart_statlog,logreg,11a7a82caf,3,s3_f4,classical,216,54,13,14,0.925926,0.920833,0.913043,0.969444,0.0046,0.0004,0eea5b2
a612b900ace4,2026-07-06T16:56:28+00:00,e1_baselines_default,heart_statlog,logreg,11a7a82caf,4,s4_f0,classical,216,54,13,14,0.833333,0.829167,0.808511,0.923611,0.0056,0.0005,0eea5b2
5cd5f87d9814,2026-07-06T16:56:28+00:00,e1_baselines_default,heart_statlog,logreg,11a7a82caf,4,s4_f1,classical,216,54,13,14,0.833333,0.837500,0.823529,0.920833,0.0054,0.0004,0eea5b2
10fca3c5a6c3,2026-07-06T16:56:28+00:00,e1_baselines_default,heart_statlog,logreg,11a7a82caf,4,s4_f2,classical,216,54,13,14,0.833333,0.812500,0.769231,0.905556,0.0048,0.0004,0eea5b2
b2e46672f107,2026-07-06T16:56:28+00:00,e1_baselines_default,heart_statlog,logreg,11a7a82caf,4,s4_f3,classical,216,54,13,14,0.888889,0.883333,0.869565,0.915278,0.0052,0.0005,0eea5b2
5886f7642272,2026-07-06T16:56:28+00:00,e1_baselines_default,heart_statlog,logreg,11a7a82caf,4,s4_f4,classical,216,54,13,14,0.814815,0.816667,0.800000,0.893056,0.0055,0.0005,0eea5b2
b11ac692ffd4,2026-07-06T16:56:31+00:00,e1_baselines_default,heart_statlog,mlp,651cb3961f,0,s0_f0,classical,216,54,13,121,0.833333,0.825000,0.800000,0.923611,0.4886,0.0007,0eea5b2
c4cd1b41ea08,2026-07-06T16:56:31+00:00,e1_baselines_default,heart_statlog,mlp,651cb3961f,0,s0_f1,classical,216,54,13,121,0.814815,0.816667,0.800000,0.934722,0.3860,0.0005,0eea5b2
2062558030ec,2026-07-06T16:56:32+00:00,e1_baselines_default,heart_statlog,mlp,651cb3961f,0,s0_f2,classical,216,54,13,121,0.740741,0.733333,0.695652,0.759722,0.4271,0.0006,0eea5b2
22d8a750ca47,2026-07-06T16:56:32+00:00,e1_baselines_default,heart_statlog,mlp,651cb3961f,0,s0_f3,classical,216,54,13,121,0.870370,0.870833,0.857143,0.895833,0.4172,0.0005,0eea5b2
b44a8db074d4,2026-07-06T16:56:33+00:00,e1_baselines_default,heart_statlog,mlp,651cb3961f,0,s0_f4,classical,216,54,13,121,0.870370,0.870833,0.857143,0.938889,0.3648,0.0007,0eea5b2
bc7a52731c6c,2026-07-06T16:56:33+00:00,e1_baselines_default,heart_statlog,mlp,651cb3961f,1,s1_f0,classical,216,54,13,121,0.833333,0.829167,0.808511,0.850000,0.2294,0.0005,0eea5b2
9b0e56c81fab,2026-07-06T16:56:33+00:00,e1_baselines_default,heart_statlog,mlp,651cb3961f,1,s1_f1,classical,216,54,13,121,0.796296,0.795833,0.775510,0.863889,0.2804,0.0005,0eea5b2
32c85b88d5f1,2026-07-06T16:56:33+00:00,e1_baselines_default,heart_statlog,mlp,651cb3961f,1,s1_f2,classical,216,54,13,121,0.888889,0.879167,0.863636,0.926389,0.1995,0.0005,0eea5b2
eb83f4240d49,2026-07-06T16:56:34+00:00,e1_baselines_default,heart_statlog,mlp,651cb3961f,1,s1_f3,classical,216,54,13,121,0.888889,0.891667,0.880000,0.952778,0.1757,0.0005,0eea5b2
d4a9a2c7a5af,2026-07-06T16:56:34+00:00,e1_baselines_default,heart_statlog,mlp,651cb3961f,1,s1_f4,classical,216,54,13,121,0.777778,0.762500,0.714286,0.862500,0.2755,0.0006,0eea5b2
f11626d8a5f9,2026-07-06T16:56:34+00:00,e1_baselines_default,heart_statlog,mlp,651cb3961f,2,s2_f0,classical,216,54,13,121,0.777778,0.766667,0.727273,0.786111,0.2724,0.0005,0eea5b2
c4c7105bb137,2026-07-06T16:56:34+00:00,e1_baselines_default,heart_statlog,mlp,651cb3961f,2,s2_f1,classical,216,54,13,121,0.944444,0.945833,0.938776,0.984722,0.2382,0.0005,0eea5b2
fd72608c8549,2026-07-06T16:56:35+00:00,e1_baselines_default,heart_statlog,mlp,651cb3961f,2,s2_f2,classical,216,54,13,121,0.814815,0.812500,0.791667,0.936111,0.2158,0.0005,0eea5b2
6f2b4360ed92,2026-07-06T16:56:35+00:00,e1_baselines_default,heart_statlog,mlp,651cb3961f,2,s2_f3,classical,216,54,13,121,0.925926,0.925000,0.916667,0.929167,0.2407,0.0006,0eea5b2
e7456476729e,2026-07-06T16:56:35+00:00,e1_baselines_default,heart_statlog,mlp,651cb3961f,2,s2_f4,classical,216,54,13,121,0.833333,0.825000,0.800000,0.856944,0.3246,0.0005,0eea5b2
b6a4b9a36865,2026-07-06T16:56:36+00:00,e1_baselines_default,heart_statlog,mlp,651cb3961f,3,s3_f0,classical,216,54,13,121,0.833333,0.820833,0.790698,0.901389,0.3027,0.0006,0eea5b2
663c762d641d,2026-07-06T16:56:36+00:00,e1_baselines_default,heart_statlog,mlp,651cb3961f,3,s3_f1,classical,216,54,13,121,0.796296,0.800000,0.784314,0.906944,0.5135,0.0005,0eea5b2
b2e6514e9aa8,2026-07-06T16:56:36+00:00,e1_baselines_default,heart_statlog,mlp,651cb3961f,3,s3_f2,classical,216,54,13,121,0.777778,0.775000,0.750000,0.845833,0.3819,0.0005,0eea5b2
2ea81dbdbe2c,2026-07-06T16:56:37+00:00,e1_baselines_default,heart_statlog,mlp,651cb3961f,3,s3_f3,classical,216,54,13,121,0.814815,0.816667,0.800000,0.861111,0.2935,0.0006,0eea5b2
3e27785b4fc8,2026-07-06T16:56:37+00:00,e1_baselines_default,heart_statlog,mlp,651cb3961f,3,s3_f4,classical,216,54,13,121,0.907407,0.904167,0.893617,0.943056,0.4187,0.0005,0eea5b2
4e5c9652c955,2026-07-06T16:56:37+00:00,e1_baselines_default,heart_statlog,mlp,651cb3961f,4,s4_f0,classical,216,54,13,121,0.814815,0.812500,0.791667,0.926389,0.2285,0.0005,0eea5b2
7df4beae198f,2026-07-06T16:56:38+00:00,e1_baselines_default,heart_statlog,mlp,651cb3961f,4,s4_f1,classical,216,54,13,121,0.833333,0.841667,0.830189,0.901389,0.2341,0.0005,0eea5b2
bba3d175498c,2026-07-06T16:56:38+00:00,e1_baselines_default,heart_statlog,mlp,651cb3961f,4,s4_f2,classical,216,54,13,121,0.851852,0.833333,0.800000,0.911111,0.2075,0.0006,0eea5b2
2a8b88a5c642,2026-07-06T16:56:38+00:00,e1_baselines_default,heart_statlog,mlp,651cb3961f,4,s4_f3,classical,216,54,13,121,0.851852,0.845833,0.826087,0.877778,0.2077,0.0006,0eea5b2
b8d85ebe7368,2026-07-06T16:56:38+00:00,e1_baselines_default,heart_statlog,mlp,651cb3961f,4,s4_f4,classical,216,54,13,121,0.870370,0.862500,0.844444,0.890278,0.1516,0.0005,0eea5b2
df337aa38160,2026-07-06T16:56:41+00:00,e1_baselines_default,heart_statlog,rf,1a399462a9,0,s0_f0,classical,216,54,13,,0.851852,0.845833,0.826087,0.925694,0.1214,0.0138,0eea5b2
2e9758b91cd1,2026-07-06T16:56:41+00:00,e1_baselines_default,heart_statlog,rf,1a399462a9,0,s0_f1,classical,216,54,13,,0.833333,0.829167,0.808511,0.906944,0.1204,0.0135,0eea5b2
540162ce76c7,2026-07-06T16:56:42+00:00,e1_baselines_default,heart_statlog,rf,1a399462a9,0,s0_f2,classical,216,54,13,,0.814815,0.795833,0.750000,0.842361,0.1181,0.0134,0eea5b2
13bbe069388b,2026-07-06T16:56:42+00:00,e1_baselines_default,heart_statlog,rf,1a399462a9,0,s0_f3,classical,216,54,13,,0.796296,0.783333,0.744186,0.901389,0.1176,0.0132,0eea5b2
5910f0d07669,2026-07-06T16:56:42+00:00,e1_baselines_default,heart_statlog,rf,1a399462a9,0,s0_f4,classical,216,54,13,,0.814815,0.816667,0.800000,0.906250,0.1183,0.0133,0eea5b2
52da7c2b6f24,2026-07-06T16:56:42+00:00,e1_baselines_default,heart_statlog,rf,1a399462a9,1,s1_f0,classical,216,54,13,,0.796296,0.783333,0.744186,0.876389,0.1180,0.0156,0eea5b2
21dd316c13dc,2026-07-06T16:56:42+00:00,e1_baselines_default,heart_statlog,rf,1a399462a9,1,s1_f1,classical,216,54,13,,0.814815,0.820833,0.807692,0.885417,0.1209,0.0134,0eea5b2
7acfc08ae102,2026-07-06T16:56:42+00:00,e1_baselines_default,heart_statlog,rf,1a399462a9,1,s1_f2,classical,216,54,13,,0.870370,0.858333,0.837209,0.941667,0.1179,0.0134,0eea5b2
92e55314dd15,2026-07-06T16:56:42+00:00,e1_baselines_default,heart_statlog,rf,1a399462a9,1,s1_f3,classical,216,54,13,,0.907407,0.904167,0.893617,0.975000,0.1179,0.0132,0eea5b2
4bb091cff407,2026-07-06T16:56:43+00:00,e1_baselines_default,heart_statlog,rf,1a399462a9,1,s1_f4,classical,216,54,13,,0.740741,0.733333,0.695652,0.826389,0.1180,0.0139,0eea5b2
c9e918651d78,2026-07-06T16:56:43+00:00,e1_baselines_default,heart_statlog,rf,1a399462a9,2,s2_f0,classical,216,54,13,,0.796296,0.779167,0.731707,0.836111,0.1165,0.0131,0eea5b2
fa607cb05b3f,2026-07-06T16:56:43+00:00,e1_baselines_default,heart_statlog,rf,1a399462a9,2,s2_f1,classical,216,54,13,,0.925926,0.925000,0.916667,0.967361,0.1185,0.0137,0eea5b2
86f31f0e8361,2026-07-06T16:56:43+00:00,e1_baselines_default,heart_statlog,rf,1a399462a9,2,s2_f2,classical,216,54,13,,0.796296,0.791667,0.765957,0.913889,0.1170,0.0137,0eea5b2
a5d0b35e0253,2026-07-06T16:56:43+00:00,e1_baselines_default,heart_statlog,rf,1a399462a9,2,s2_f3,classical,216,54,13,,0.851852,0.850000,0.833333,0.942361,0.1182,0.0144,0eea5b2
4056259ae7ac,2026-07-06T16:56:43+00:00,e1_baselines_default,heart_statlog,rf,1a399462a9,2,s2_f4,classical,216,54,13,,0.814815,0.804167,0.772727,0.888889,0.1166,0.0141,0eea5b2
5c3411b7b667,2026-07-06T16:56:43+00:00,e1_baselines_default,heart_statlog,rf,1a399462a9,3,s3_f0,classical,216,54,13,,0.814815,0.795833,0.750000,0.902083,0.1201,0.0135,0eea5b2
91206bd2d9d5,2026-07-06T16:56:43+00:00,e1_baselines_default,heart_statlog,rf,1a399462a9,3,s3_f1,classical,216,54,13,,0.833333,0.833333,0.816327,0.895139,0.1152,0.0133,0eea5b2
46a7f91a31fc,2026-07-06T16:56:44+00:00,e1_baselines_default,heart_statlog,rf,1a399462a9,3,s3_f2,classical,216,54,13,,0.777778,0.775000,0.750000,0.873611,0.1191,0.0133,0eea5b2
c5d52d348170,2026-07-06T16:56:44+00:00,e1_baselines_default,heart_statlog,rf,1a399462a9,3,s3_f3,classical,216,54,13,,0.814815,0.808333,0.782609,0.910417,0.1192,0.0135,0eea5b2
daac3ea89fba,2026-07-06T16:56:44+00:00,e1_baselines_default,heart_statlog,rf,1a399462a9,3,s3_f4,classical,216,54,13,,0.907407,0.904167,0.893617,0.944444,0.1216,0.0143,0eea5b2
34a371d88ee7,2026-07-06T16:56:44+00:00,e1_baselines_default,heart_statlog,rf,1a399462a9,4,s4_f0,classical,216,54,13,,0.814815,0.816667,0.800000,0.907639,0.1192,0.0138,0eea5b2
a470f3a3e483,2026-07-06T16:56:44+00:00,e1_baselines_default,heart_statlog,rf,1a399462a9,4,s4_f1,classical,216,54,13,,0.833333,0.833333,0.816327,0.868056,0.1192,0.0135,0eea5b2
275e68e28609,2026-07-06T16:56:44+00:00,e1_baselines_default,heart_statlog,rf,1a399462a9,4,s4_f2,classical,216,54,13,,0.814815,0.795833,0.750000,0.913889,0.1215,0.0148,0eea5b2
36a2e3e4e053,2026-07-06T16:56:44+00:00,e1_baselines_default,heart_statlog,rf,1a399462a9,4,s4_f3,classical,216,54,13,,0.851852,0.845833,0.826087,0.911111,0.1190,0.0134,0eea5b2
fd21cf4d75b0,2026-07-06T16:56:45+00:00,e1_baselines_default,heart_statlog,rf,1a399462a9,4,s4_f4,classical,216,54,13,,0.833333,0.833333,0.816327,0.902083,0.1172,0.0137,0eea5b2
971bdd0d7a5a,2026-07-06T16:56:48+00:00,e1_baselines_default,heart_statlog,svm_linear,f9693de954,0,s0_f0,classical,216,54,13,14,0.833333,0.820833,0.790698,0.919444,0.0030,0.0007,0eea5b2
6461067b49d3,2026-07-06T16:56:48+00:00,e1_baselines_default,heart_statlog,svm_linear,f9693de954,0,s0_f1,classical,216,54,13,14,0.833333,0.829167,0.808511,0.912500,0.0027,0.0006,0eea5b2
60c57b680d1e,2026-07-06T16:56:48+00:00,e1_baselines_default,heart_statlog,svm_linear,f9693de954,0,s0_f2,classical,216,54,13,14,0.796296,0.787500,0.755556,0.836111,0.0021,0.0006,0eea5b2
809b2e1628af,2026-07-06T16:56:48+00:00,e1_baselines_default,heart_statlog,svm_linear,f9693de954,0,s0_f3,classical,216,54,13,14,0.888889,0.887500,0.875000,0.930556,0.0022,0.0006,0eea5b2
f40e987fc037,2026-07-06T16:56:48+00:00,e1_baselines_default,heart_statlog,svm_linear,f9693de954,0,s0_f4,classical,216,54,13,14,0.851852,0.854167,0.840000,0.926389,0.0021,0.0006,0eea5b2
150976c88777,2026-07-06T16:56:48+00:00,e1_baselines_default,heart_statlog,svm_linear,f9693de954,1,s1_f0,classical,216,54,13,14,0.833333,0.829167,0.808511,0.890278,0.0031,0.0006,0eea5b2
0d5caa1f4ff8,2026-07-06T16:56:48+00:00,e1_baselines_default,heart_statlog,svm_linear,f9693de954,1,s1_f1,classical,216,54,13,14,0.796296,0.804167,0.792453,0.891667,0.0023,0.0006,0eea5b2
e2a3d64c6b9f,2026-07-06T16:56:48+00:00,e1_baselines_default,heart_statlog,svm_linear,f9693de954,1,s1_f2,classical,216,54,13,14,0.851852,0.845833,0.826087,0.943056,0.0024,0.0006,0eea5b2
1f400e7e6bbc,2026-07-06T16:56:48+00:00,e1_baselines_default,heart_statlog,svm_linear,f9693de954,1,s1_f3,classical,216,54,13,14,0.944444,0.941667,0.936170,0.969444,0.0024,0.0006,0eea5b2
7b7934a884eb,2026-07-06T16:56:48+00:00,e1_baselines_default,heart_statlog,svm_linear,f9693de954,1,s1_f4,classical,216,54,13,14,0.759259,0.745833,0.697674,0.875000,0.0020,0.0006,0eea5b2
ae9973b02443,2026-07-06T16:56:48+00:00,e1_baselines_default,heart_statlog,svm_linear,f9693de954,2,s2_f0,classical,216,54,13,14,0.722222,0.708333,0.651163,0.827778,0.0029,0.0005,0eea5b2
d4f379f62544,2026-07-06T16:56:48+00:00,e1_baselines_default,heart_statlog,svm_linear,f9693de954,2,s2_f1,classical,216,54,13,14,0.925926,0.929167,0.920000,0.977778,0.0022,0.0006,0eea5b2
241d4d249a3c,2026-07-06T16:56:48+00:00,e1_baselines_default,heart_statlog,svm_linear,f9693de954,2,s2_f2,classical,216,54,13,14,0.870370,0.866667,0.851064,0.952778,0.0024,0.0006,0eea5b2
2e66350f06cc,2026-07-06T16:56:48+00:00,e1_baselines_default,heart_statlog,svm_linear,f9693de954,2,s2_f3,classical,216,54,13,14,0.888889,0.887500,0.875000,0.931944,0.0027,0.0010,0eea5b2
f7cf75deb6e2,2026-07-06T16:56:48+00:00,e1_baselines_default,heart_statlog,svm_linear,f9693de954,2,s2_f4,classical,216,54,13,14,0.796296,0.787500,0.755556,0.883333,0.0019,0.0005,0eea5b2
599efd921c90,2026-07-06T16:56:48+00:00,e1_baselines_default,heart_statlog,svm_linear,f9693de954,3,s3_f0,classical,216,54,13,14,0.796296,0.783333,0.744186,0.884722,0.0028,0.0005,0eea5b2
b7d8d8a95faf,2026-07-06T16:56:48+00:00,e1_baselines_default,heart_statlog,svm_linear,f9693de954,3,s3_f1,classical,216,54,13,14,0.777778,0.779167,0.760000,0.920833,0.0022,0.0005,0eea5b2
f15bc6742709,2026-07-06T16:56:48+00:00,e1_baselines_default,heart_statlog,svm_linear,f9693de954,3,s3_f2,classical,216,54,13,14,0.796296,0.791667,0.765957,0.858333,0.0025,0.0006,0eea5b2
2564e015eb31,2026-07-06T16:56:48+00:00,e1_baselines_default,heart_statlog,svm_linear,f9693de954,3,s3_f3,classical,216,54,13,14,0.777778,0.770833,0.739130,0.884722,0.0022,0.0006,0eea5b2
f02a79d110c9,2026-07-06T16:56:48+00:00,e1_baselines_default,heart_statlog,svm_linear,f9693de954,3,s3_f4,classical,216,54,13,14,0.907407,0.900000,0.888889,0.965278,0.0021,0.0006,0eea5b2
5709abce010e,2026-07-06T16:56:48+00:00,e1_baselines_default,heart_statlog,svm_linear,f9693de954,4,s4_f0,classical,216,54,13,14,0.833333,0.829167,0.808511,0.936111,0.0024,0.0005,0eea5b2
d794f3dc6683,2026-07-06T16:56:48+00:00,e1_baselines_default,heart_statlog,svm_linear,f9693de954,4,s4_f1,classical,216,54,13,14,0.851852,0.854167,0.840000,0.923611,0.0022,0.0006,0eea5b2
2e78fd7ea546,2026-07-06T16:56:48+00:00,e1_baselines_default,heart_statlog,svm_linear,f9693de954,4,s4_f2,classical,216,54,13,14,0.851852,0.833333,0.800000,0.909722,0.0020,0.0005,0eea5b2
484dfbf15476,2026-07-06T16:56:48+00:00,e1_baselines_default,heart_statlog,svm_linear,f9693de954,4,s4_f3,classical,216,54,13,14,0.870370,0.866667,0.851064,0.916667,0.0019,0.0006,0eea5b2
54316d1078d2,2026-07-06T16:56:48+00:00,e1_baselines_default,heart_statlog,svm_linear,f9693de954,4,s4_f4,classical,216,54,13,14,0.814815,0.816667,0.800000,0.904167,0.0031,0.0006,0eea5b2
0de6ee2e0110,2026-07-06T16:56:51+00:00,e1_baselines_default,heart_statlog,svm_rbf,63cdddf8f2,0,s0_f0,classical,216,54,13,,0.851852,0.841667,0.818182,0.925000,0.0029,0.0011,0eea5b2
fc976c57e8d4,2026-07-06T16:56:51+00:00,e1_baselines_default,heart_statlog,svm_rbf,63cdddf8f2,0,s0_f1,classical,216,54,13,,0.814815,0.808333,0.782609,0.929167,0.0020,0.0008,0eea5b2
e715e4527084,2026-07-06T16:56:51+00:00,e1_baselines_default,heart_statlog,svm_rbf,63cdddf8f2,0,s0_f2,classical,216,54,13,,0.759259,0.745833,0.697674,0.800000,0.0018,0.0009,0eea5b2
81877b86917d,2026-07-06T16:56:51+00:00,e1_baselines_default,heart_statlog,svm_rbf,63cdddf8f2,0,s0_f3,classical,216,54,13,,0.907407,0.904167,0.893617,0.929167,0.0019,0.0009,0eea5b2
26e479230f36,2026-07-06T16:56:51+00:00,e1_baselines_default,heart_statlog,svm_rbf,63cdddf8f2,0,s0_f4,classical,216,54,13,,0.814815,0.816667,0.800000,0.930556,0.0019,0.0010,0eea5b2
552dfb15aae0,2026-07-06T16:56:51+00:00,e1_baselines_default,heart_statlog,svm_rbf,63cdddf8f2,1,s1_f0,classical,216,54,13,,0.796296,0.787500,0.755556,0.887500,0.0019,0.0009,0eea5b2
2198ddbb29b5,2026-07-06T16:56:51+00:00,e1_baselines_default,heart_statlog,svm_rbf,63cdddf8f2,1,s1_f1,classical,216,54,13,,0.796296,0.800000,0.784314,0.879167,0.0019,0.0009,0eea5b2
96a2601e5a72,2026-07-06T16:56:51+00:00,e1_baselines_default,heart_statlog,svm_rbf,63cdddf8f2,1,s1_f2,classical,216,54,13,,0.814815,0.800000,0.761905,0.927778,0.0019,0.0009,0eea5b2
b7ab9006c8ca,2026-07-06T16:56:51+00:00,e1_baselines_default,heart_statlog,svm_rbf,63cdddf8f2,1,s1_f3,classical,216,54,13,,0.962963,0.962500,0.958333,0.968056,0.0020,0.0010,0eea5b2
6104706d6d85,2026-07-06T16:56:51+00:00,e1_baselines_default,heart_statlog,svm_rbf,63cdddf8f2,1,s1_f4,classical,216,54,13,,0.722222,0.708333,0.651163,0.844444,0.0019,0.0009,0eea5b2
5b54fb2543df,2026-07-06T16:56:51+00:00,e1_baselines_default,heart_statlog,svm_rbf,63cdddf8f2,2,s2_f0,classical,216,54,13,,0.685185,0.666667,0.585366,0.801389,0.0018,0.0008,0eea5b2
73420ffe3c32,2026-07-06T16:56:51+00:00,e1_baselines_default,heart_statlog,svm_rbf,63cdddf8f2,2,s2_f1,classical,216,54,13,,0.888889,0.891667,0.880000,0.975000,0.0018,0.0010,0eea5b2
25dcc40ec1e9,2026-07-06T16:56:51+00:00,e1_baselines_default,heart_statlog,svm_rbf,63cdddf8f2,2,s2_f2,classical,216,54,13,,0.777778,0.766667,0.727273,0.923611,0.0018,0.0009,0eea5b2
12d23031897d,2026-07-06T16:56:51+00:00,e1_baselines_default,heart_statlog,svm_rbf,63cdddf8f2,2,s2_f3,classical,216,54,13,,0.907407,0.908333,0.897959,0.944444,0.0019,0.0009,0eea5b2
11d9154c9282,2026-07-06T16:56:51+00:00,e1_baselines_default,heart_statlog,svm_rbf,63cdddf8f2,2,s2_f4,classical,216,54,13,,0.833333,0.825000,0.800000,0.868056,0.0019,0.0010,0eea5b2
9d3158fc5553,2026-07-06T16:56:51+00:00,e1_baselines_default,heart_statlog,svm_rbf,63cdddf8f2,3,s3_f0,classical,216,54,13,,0.833333,0.820833,0.790698,0.905556,0.0019,0.0009,0eea5b2
e20ac8931cf2,2026-07-06T16:56:51+00:00,e1_baselines_default,heart_statlog,svm_rbf,63cdddf8f2,3,s3_f1,classical,216,54,13,,0.777778,0.779167,0.760000,0.890278,0.0020,0.0009,0eea5b2
6b882b42b96d,2026-07-06T16:56:51+00:00,e1_baselines_default,heart_statlog,svm_rbf,63cdddf8f2,3,s3_f2,classical,216,54,13,,0.777778,0.770833,0.739130,0.869444,0.0018,0.0009,0eea5b2
d7557d10252a,2026-07-06T16:56:51+00:00,e1_baselines_default,heart_statlog,svm_rbf,63cdddf8f2,3,s3_f3,classical,216,54,13,,0.833333,0.829167,0.808511,0.890278,0.0018,0.0009,0eea5b2
f8ba61e09f74,2026-07-06T16:56:51+00:00,e1_baselines_default,heart_statlog,svm_rbf,63cdddf8f2,3,s3_f4,classical,216,54,13,,0.907407,0.900000,0.888889,0.948611,0.0018,0.0009,0eea5b2
8b13f8065f26,2026-07-06T16:56:51+00:00,e1_baselines_default,heart_statlog,svm_rbf,63cdddf8f2,4,s4_f0,classical,216,54,13,,0.814815,0.808333,0.782609,0.919444,0.0019,0.0009,0eea5b2
1bc9049e3173,2026-07-06T16:56:51+00:00,e1_baselines_default,heart_statlog,svm_rbf,63cdddf8f2,4,s4_f1,classical,216,54,13,,0.814815,0.825000,0.814815,0.905556,0.0019,0.0009,0eea5b2
7fb8f5f54c3f,2026-07-06T16:56:51+00:00,e1_baselines_default,heart_statlog,svm_rbf,63cdddf8f2,4,s4_f2,classical,216,54,13,,0.814815,0.791667,0.736842,0.912500,0.0019,0.0009,0eea5b2
a7aeb437d2be,2026-07-06T16:56:51+00:00,e1_baselines_default,heart_statlog,svm_rbf,63cdddf8f2,4,s4_f3,classical,216,54,13,,0.777778,0.770833,0.739130,0.854167,0.0018,0.0009,0eea5b2
e218ce91ffbb,2026-07-06T16:56:51+00:00,e1_baselines_default,heart_statlog,svm_rbf,63cdddf8f2,4,s4_f4,classical,216,54,13,,0.796296,0.795833,0.775510,0.877778,0.0018,0.0009,0eea5b2
07019806266e,2026-07-06T16:56:54+00:00,e1_baselines_default,heart_statlog,xgboost,14fed58515,0,s0_f0,classical,216,54,13,,0.814815,0.812500,0.791667,0.897222,0.0179,0.0023,0eea5b2
785b83848f35,2026-07-06T16:56:54+00:00,e1_baselines_default,heart_statlog,xgboost,14fed58515,0,s0_f1,classical,216,54,13,,0.814815,0.812500,0.791667,0.851389,0.0155,0.0016,0eea5b2
2105a6778f87,2026-07-06T16:56:54+00:00,e1_baselines_default,heart_statlog,xgboost,14fed58515,0,s0_f2,classical,216,54,13,,0.759259,0.758333,0.734694,0.830556,0.0146,0.0013,0eea5b2
2b3573d6bdff,2026-07-06T16:56:54+00:00,e1_baselines_default,heart_statlog,xgboost,14fed58515,0,s0_f3,classical,216,54,13,,0.777778,0.762500,0.714286,0.891667,0.0151,0.0015,0eea5b2
f4965e93e7ce,2026-07-06T16:56:54+00:00,e1_baselines_default,heart_statlog,xgboost,14fed58515,0,s0_f4,classical,216,54,13,,0.777778,0.783333,0.769231,0.876389,0.0154,0.0013,0eea5b2
22efbebdc8d4,2026-07-06T16:56:54+00:00,e1_baselines_default,heart_statlog,xgboost,14fed58515,1,s1_f0,classical,216,54,13,,0.814815,0.808333,0.782609,0.880556,0.0147,0.0016,0eea5b2
46b84ec9f115,2026-07-06T16:56:54+00:00,e1_baselines_default,heart_statlog,xgboost,14fed58515,1,s1_f1,classical,216,54,13,,0.777778,0.779167,0.760000,0.894444,0.0150,0.0015,0eea5b2
256d446da489,2026-07-06T16:56:54+00:00,e1_baselines_default,heart_statlog,xgboost,14fed58515,1,s1_f2,classical,216,54,13,,0.833333,0.825000,0.800000,0.902778,0.0154,0.0014,0eea5b2
e086eb6dc986,2026-07-06T16:56:54+00:00,e1_baselines_default,heart_statlog,xgboost,14fed58515,1,s1_f3,classical,216,54,13,,0.944444,0.941667,0.936170,0.973611,0.0153,0.0014,0eea5b2
aa358b8d6821,2026-07-06T16:56:54+00:00,e1_baselines_default,heart_statlog,xgboost,14fed58515,1,s1_f4,classical,216,54,13,,0.722222,0.708333,0.651163,0.822222,0.0140,0.0012,0eea5b2
3d7f0c1aa94c,2026-07-06T16:56:54+00:00,e1_baselines_default,heart_statlog,xgboost,14fed58515,2,s2_f0,classical,216,54,13,,0.759259,0.745833,0.697674,0.816667,0.0141,0.0012,0eea5b2
625145b92414,2026-07-06T16:56:54+00:00,e1_baselines_default,heart_statlog,xgboost,14fed58515,2,s2_f1,classical,216,54,13,,0.888889,0.887500,0.875000,0.955556,0.0166,0.0016,0eea5b2
bd466a989214,2026-07-06T16:56:54+00:00,e1_baselines_default,heart_statlog,xgboost,14fed58515,2,s2_f2,classical,216,54,13,,0.796296,0.795833,0.775510,0.873611,0.0167,0.0016,0eea5b2
3a04d70bb803,2026-07-06T16:56:54+00:00,e1_baselines_default,heart_statlog,xgboost,14fed58515,2,s2_f3,classical,216,54,13,,0.851852,0.850000,0.833333,0.944444,0.0157,0.0013,0eea5b2
33ffdfa2149d,2026-07-06T16:56:54+00:00,e1_baselines_default,heart_statlog,xgboost,14fed58515,2,s2_f4,classical,216,54,13,,0.833333,0.820833,0.790698,0.898611,0.0156,0.0014,0eea5b2
00430cac0773,2026-07-06T16:56:54+00:00,e1_baselines_default,heart_statlog,xgboost,14fed58515,3,s3_f0,classical,216,54,13,,0.870370,0.862500,0.844444,0.909722,0.0152,0.0012,0eea5b2
f6fa5fb6d374,2026-07-06T16:56:55+00:00,e1_baselines_default,heart_statlog,xgboost,14fed58515,3,s3_f1,classical,216,54,13,,0.759259,0.754167,0.723404,0.861111,0.0144,0.0012,0eea5b2
1ab069e87abb,2026-07-06T16:56:55+00:00,e1_baselines_default,heart_statlog,xgboost,14fed58515,3,s3_f2,classical,216,54,13,,0.833333,0.837500,0.823529,0.863889,0.0156,0.0014,0eea5b2
a6b3af2ec8f1,2026-07-06T16:56:55+00:00,e1_baselines_default,heart_statlog,xgboost,14fed58515,3,s3_f3,classical,216,54,13,,0.814815,0.808333,0.782609,0.911111,0.0160,0.0015,0eea5b2
09850c0fea1c,2026-07-06T16:56:55+00:00,e1_baselines_default,heart_statlog,xgboost,14fed58515,3,s3_f4,classical,216,54,13,,0.851852,0.854167,0.840000,0.929167,0.0154,0.0012,0eea5b2
281c95f2185f,2026-07-06T16:56:55+00:00,e1_baselines_default,heart_statlog,xgboost,14fed58515,4,s4_f0,classical,216,54,13,,0.814815,0.812500,0.791667,0.909722,0.0148,0.0013,0eea5b2
c61822a6db7b,2026-07-06T16:56:55+00:00,e1_baselines_default,heart_statlog,xgboost,14fed58515,4,s4_f1,classical,216,54,13,,0.777778,0.775000,0.750000,0.872222,0.0151,0.0011,0eea5b2
25ea0cba9f43,2026-07-06T16:56:55+00:00,e1_baselines_default,heart_statlog,xgboost,14fed58515,4,s4_f2,classical,216,54,13,,0.796296,0.775000,0.717949,0.863889,0.0142,0.0011,0eea5b2
488c288f472b,2026-07-06T16:56:55+00:00,e1_baselines_default,heart_statlog,xgboost,14fed58515,4,s4_f3,classical,216,54,13,,0.777778,0.783333,0.769231,0.862500,0.0148,0.0015,0eea5b2
9071e908e3c5,2026-07-06T16:56:55+00:00,e1_baselines_default,heart_statlog,xgboost,14fed58515,4,s4_f4,classical,216,54,13,,0.888889,0.887500,0.875000,0.909722,0.0154,0.0015,0eea5b2
