timestamp_utc,model,dataset,sampler,study_seed,trial,objective,value,params_json
2026-07-06T16:17:58+00:00,knn,banknote,TPE,0,0,balanced_accuracy,0.991790,"{""n_neighbors"": 17, ""p"": 1, ""weights"": ""uniform""}"
2026-07-06T16:17:58+00:00,knn,banknote,TPE,0,1,balanced_accuracy,0.999179,"{""n_neighbors"": 20, ""p"": 1, ""weights"": ""distance""}"
2026-07-06T16:17:58+00:00,knn,banknote,TPE,0,2,balanced_accuracy,0.999179,"{""n_neighbors"": 24, ""p"": 1, ""weights"": ""distance""}"
2026-07-06T16:17:58+00:00,knn,banknote,TPE,0,3,balanced_accuracy,0.998358,"{""n_neighbors"": 3, ""p"": 2, ""weights"": ""distance""}"
2026-07-06T16:17:58+00:00,knn,banknote,TPE,0,4,balanced_accuracy,0.989327,"{""n_neighbors"": 30, ""p"": 1, ""weights"": ""uniform""}"
2026-07-06T16:17:58+00:00,knn,banknote,TPE,0,5,balanced_accuracy,0.999179,"{""n_neighbors"": 20, ""p"": 1, ""weights"": ""distance""}"
2026-07-06T16:17:58+00:00,knn,banknote,TPE,0,6,balanced_accuracy,0.998358,"{""n_neighbors"": 8, ""p"": 1, ""weights"": ""uniform""}"
2026-07-06T16:17:58+00:00,knn,banknote,TPE,0,7,balanced_accuracy,0.999179,"{""n_neighbors"": 19, ""p"": 1, ""weights"": ""distance""}"
2026-07-06T16:17:58+00:00,knn,banknote,TPE,0,8,balanced_accuracy,0.999179,"{""n_neighbors"": 11, ""p"": 2, ""weights"": ""distance""}"
2026-07-06T16:17:58+00:00,knn,banknote,TPE,0,9,balanced_accuracy,0.988506,"{""n_neighbors"": 21, ""p"": 2, ""weights"": ""uniform""}"
2026-07-06T16:17:58+00:00,knn,banknote,TPE,0,10,balanced_accuracy,0.998358,"{""n_neighbors"": 29, ""p"": 2, ""weights"": ""distance""}"
2026-07-06T16:17:58+00:00,knn,banknote,TPE,0,11,balanced_accuracy,0.999179,"{""n_neighbors"": 25, ""p"": 1, ""weights"": ""distance""}"
2026-07-06T16:17:58+00:00,knn,banknote,TPE,0,12,balanced_accuracy,0.999179,"{""n_neighbors"": 14, ""p"": 1, ""weights"": ""distance""}"
2026-07-06T16:17:58+00:00,knn,banknote,TPE,0,13,balanced_accuracy,0.999179,"{""n_neighbors"": 23, ""p"": 1, ""weights"": ""distance""}"
2026-07-06T16:17:58+00:00,knn,banknote,TPE,0,14,balanced_accuracy,0.999179,"{""n_neighbors"": 26, ""p"": 1, ""weights"": ""distance""}"
2026-07-06T16:17:58+00:00,knn,banknote,TPE,0,15,balanced_accuracy,0.999179,"{""n_neighbors"": 16, ""p"": 1, ""weights"": ""distance""}"
2026-07-06T16:17:58+00:00,knn,banknote,TPE,0,16,balanced_accuracy,0.999179,"{""n_neighbors"": 26, ""p"": 1, ""weights"": ""distance""}"
2026-07-06T16:17:58+00:00,knn,banknote,TPE,0,17,balanced_accuracy,0.999179,"{""n_neighbors"": 11, ""p"": 1, ""weights"": ""distance""}"
2026-07-06T16:17:58+00:00,knn,banknote,TPE,0,18,balanced_accuracy,0.988506,"{""n_neighbors"": 23, ""p"": 2, ""weights"": ""uniform""}"
2026-07-06T16:17:58+00:00,knn,banknote,TPE,0,19,balanced_accuracy,0.998358,"{""n_neighbors"": 1, ""p"": 1, ""weights"": ""distance""}"
2026-07-06T16:17:58+00:00,knn,banknote,TPE,0,20,balanced_accuracy,0.999179,"{""n_neighbors"": 16, ""p"": 1, ""weights"": ""distance""}"
2026-07-06T16:17:58+00:00,knn,banknote,TPE,0,21,balanced_accuracy,0.999179,"{""n_neighbors"": 20, ""p"": 1, ""weights"": ""distance""}"
2026-07-06T16:17:58+00:00,knn,banknote,TPE,0,22,balanced_accuracy,0.999179,"{""n_neighbors"": 22, ""p"": 1, ""weights"": ""distance""}"
2026-07-06T16:17:58+00:00,knn,banknote,TPE,0,23,balanced_accuracy,0.999179,"{""n_neighbors"": 19, ""p"": 1, ""weights"": ""distance""}"
2026-07-06T16:17:58+00:00,knn,banknote,TPE,0,24,balanced_accuracy,0.999179,"{""n_neighbors"": 28, ""p"": 1, ""weights"": ""distance""}"
2026-07-06T16:17:58+00:00,knn,banknote,TPE,0,25,balanced_accuracy,0.999179,"{""n_neighbors"": 24, ""p"": 1, ""weights"": ""distance""}"
2026-07-06T16:17:58+00:00,knn,banknote,TPE,0,26,balanced_accuracy,0.990148,"{""n_neighbors"": 18, ""p"": 2, ""weights"": ""uniform""}"
2026-07-06T16:17:58+00:00,knn,banknote,TPE,0,27,balanced_accuracy,0.999179,"{""n_neighbors"": 13, ""p"": 1, ""weights"": ""distance""}"
2026-07-06T16:17:58+00:00,knn,banknote,TPE,0,28,balanced_accuracy,0.999179,"{""n_neighbors"": 27, ""p"": 1, ""weights"": ""distance""}"
2026-07-06T16:17:58+00:00,knn,banknote,TPE,0,29,balanced_accuracy,0.990969,"{""n_neighbors"": 21, ""p"": 1, ""weights"": ""uniform""}"
2026-07-06T16:17:58+00:00,knn,banknote,TPE,0,30,balanced_accuracy,0.999179,"{""n_neighbors"": 17, ""p"": 1, ""weights"": ""distance""}"
2026-07-06T16:17:58+00:00,knn,banknote,TPE,0,31,balanced_accuracy,0.999179,"{""n_neighbors"": 19, ""p"": 1, ""weights"": ""distance""}"
2026-07-06T16:17:58+00:00,knn,banknote,TPE,0,32,balanced_accuracy,0.999179,"{""n_neighbors"": 14, ""p"": 1, ""weights"": ""distance""}"
2026-07-06T16:17:58+00:00,knn,banknote,TPE,0,33,balanced_accuracy,0.999179,"{""n_neighbors"": 21, ""p"": 1, ""weights"": ""distance""}"
2026-07-06T16:17:58+00:00,knn,banknote,TPE,0,34,balanced_accuracy,0.999179,"{""n_neighbors"": 24, ""p"": 1, ""weights"": ""distance""}"
2026-07-06T16:17:58+00:00,knn,banknote,TPE,0,35,balanced_accuracy,0.997537,"{""n_neighbors"": 7, ""p"": 1, ""weights"": ""uniform""}"
2026-07-06T16:17:58+00:00,knn,banknote,TPE,0,36,balanced_accuracy,0.999179,"{""n_neighbors"": 17, ""p"": 2, ""weights"": ""distance""}"
2026-07-06T16:17:58+00:00,knn,banknote,TPE,0,37,balanced_accuracy,0.999179,"{""n_neighbors"": 19, ""p"": 2, ""weights"": ""distance""}"
2026-07-06T16:17:58+00:00,knn,banknote,TPE,0,38,balanced_accuracy,0.990969,"{""n_neighbors"": 22, ""p"": 1, ""weights"": ""uniform""}"
2026-07-06T16:17:58+00:00,knn,banknote,TPE,0,39,balanced_accuracy,0.998358,"{""n_neighbors"": 30, ""p"": 1, ""weights"": ""distance""}"
2026-07-06T16:17:58+00:00,knn,banknote,TPE,0,40,balanced_accuracy,0.999179,"{""n_neighbors"": 15, ""p"": 2, ""weights"": ""distance""}"
2026-07-06T16:17:58+00:00,knn,banknote,TPE,0,41,balanced_accuracy,0.999179,"{""n_neighbors"": 10, ""p"": 2, ""weights"": ""distance""}"
2026-07-06T16:17:58+00:00,knn,banknote,TPE,0,42,balanced_accuracy,0.998358,"{""n_neighbors"": 6, ""p"": 2, ""weights"": ""distance""}"
2026-07-06T16:17:58+00:00,knn,banknote,TPE,0,43,balanced_accuracy,0.998358,"{""n_neighbors"": 3, ""p"": 2, ""weights"": ""distance""}"
2026-07-06T16:17:58+00:00,knn,banknote,TPE,0,44,balanced_accuracy,0.999179,"{""n_neighbors"": 25, ""p"": 2, ""weights"": ""distance""}"
2026-07-06T16:17:58+00:00,knn,banknote,TPE,0,45,balanced_accuracy,0.999179,"{""n_neighbors"": 10, ""p"": 2, ""weights"": ""distance""}"
2026-07-06T16:17:58+00:00,knn,banknote,TPE,0,46,balanced_accuracy,0.999179,"{""n_neighbors"": 12, ""p"": 1, ""weights"": ""distance""}"
2026-07-06T16:17:58+00:00,knn,banknote,TPE,0,47,balanced_accuracy,0.990969,"{""n_neighbors"": 20, ""p"": 1, ""weights"": ""uniform""}"
2026-07-06T16:17:58+00:00,knn,banknote,TPE,0,48,balanced_accuracy,0.999179,"{""n_neighbors"": 23, ""p"": 1, ""weights"": ""distance""}"
2026-07-06T16:17:58+00:00,knn,banknote,TPE,0,49,balanced_accuracy,0.997537,"{""n_neighbors"": 28, ""p"": 2, ""weights"": ""distance""}"
2026-07-06T16:17:59+00:00,logreg,banknote,TPE,0,0,balanced_accuracy,0.978036,"{""C"": 1.96282248134428}"
2026-07-06T16:17:59+00:00,logreg,banknote,TPE,0,1,balanced_accuracy,0.988710,"{""C"": 19.549524484259873}"
2026-07-06T16:17:59+00:00,logreg,banknote,TPE,0,2,balanced_accuracy,0.978036,"{""C"": 4.135997393839888}"
2026-07-06T16:17:59+00:00,logreg,banknote,TPE,0,3,balanced_accuracy,0.978036,"{""C"": 1.8590843630169627}"
2026-07-06T16:17:59+00:00,logreg,banknote,TPE,0,4,balanced_accuracy,0.969835,"{""C"": 0.348280208702833}"
2026-07-06T16:17:59+00:00,logreg,banknote,TPE,0,5,balanced_accuracy,0.982142,"{""C"": 7.505241622349544}"
2026-07-06T16:17:59+00:00,logreg,banknote,TPE,0,6,balanced_accuracy,0.970656,"{""C"": 0.4222048983149828}"
2026-07-06T16:17:59+00:00,logreg,banknote,TPE,0,7,balanced_accuracy,0.987278,"{""C"": 224.2012371372442}"
2026-07-06T16:17:59+00:00,logreg,banknote,TPE,0,8,balanced_accuracy,0.988099,"{""C"": 605.3082080079017}"
2026-07-06T16:17:59+00:00,logreg,banknote,TPE,0,9,balanced_accuracy,0.965940,"{""C"": 0.1998246739232945}"
2026-07-06T16:17:59+00:00,logreg,banknote,TPE,0,10,balanced_accuracy,0.642417,"{""C"": 0.0013243623620587995}"
2026-07-06T16:17:59+00:00,logreg,banknote,TPE,0,11,balanced_accuracy,0.988099,"{""C"": 727.35904069289}"
2026-07-06T16:17:59+00:00,logreg,banknote,TPE,0,12,balanced_accuracy,0.988710,"{""C"": 53.18089145922433}"
2026-07-06T16:17:59+00:00,logreg,banknote,TPE,0,13,balanced_accuracy,0.988710,"{""C"": 49.98270646385491}"
2026-07-06T16:17:59+00:00,logreg,banknote,TPE,0,14,balanced_accuracy,0.988710,"{""C"": 30.0936999522138}"
2026-07-06T16:17:59+00:00,logreg,banknote,TPE,0,15,balanced_accuracy,0.988710,"{""C"": 55.915776899834604}"
2026-07-06T16:17:59+00:00,logreg,banknote,TPE,0,16,balanced_accuracy,0.936796,"{""C"": 0.04148467842958253}"
2026-07-06T16:17:59+00:00,logreg,banknote,TPE,0,17,balanced_accuracy,0.987068,"{""C"": 16.590568110568093}"
2026-07-06T16:17:59+00:00,logreg,banknote,TPE,0,18,balanced_accuracy,0.988710,"{""C"": 59.36668699780997}"
2026-07-06T16:17:59+00:00,logreg,banknote,TPE,0,19,balanced_accuracy,0.985636,"{""C"": 166.96761587575773}"
2026-07-06T16:17:59+00:00,logreg,banknote,TPE,0,20,balanced_accuracy,0.904637,"{""C"": 0.01893407317131169}"
2026-07-06T16:17:59+00:00,logreg,banknote,TPE,0,21,balanced_accuracy,0.985636,"{""C"": 154.43358374415857}"
2026-07-06T16:17:59+00:00,logreg,banknote,TPE,0,22,balanced_accuracy,0.983784,"{""C"": 12.606550779633093}"
2026-07-06T16:17:59+00:00,logreg,banknote,TPE,0,23,balanced_accuracy,0.988710,"{""C"": 50.0746147415021}"
2026-07-06T16:17:59+00:00,logreg,banknote,TPE,0,24,balanced_accuracy,0.978036,"{""C"": 3.353449552462843}"
2026-07-06T16:17:59+00:00,logreg,banknote,TPE,0,25,balanced_accuracy,0.987278,"{""C"": 227.29517749867003}"
2026-07-06T16:17:59+00:00,logreg,banknote,TPE,0,26,balanced_accuracy,0.983784,"{""C"": 13.087260927703197}"
2026-07-06T16:17:59+00:00,logreg,banknote,TPE,0,27,balanced_accuracy,0.977215,"{""C"": 1.2304563889867333}"
2026-07-06T16:17:59+00:00,logreg,banknote,TPE,0,28,balanced_accuracy,0.988710,"{""C"": 29.659612733245613}"
2026-07-06T16:17:59+00:00,logreg,banknote,TPE,0,29,balanced_accuracy,0.986665,"{""C"": 110.20473630946317}"
2026-07-06T16:17:59+00:00,logreg,banknote,TPE,0,30,balanced_accuracy,0.977215,"{""C"": 1.09527901810768}"
2026-07-06T16:17:59+00:00,logreg,banknote,TPE,0,31,balanced_accuracy,0.988710,"{""C"": 21.870375702435624}"
2026-07-06T16:17:59+00:00,logreg,banknote,TPE,0,32,balanced_accuracy,0.982142,"{""C"": 6.315914334587736}"
2026-07-06T16:17:59+00:00,logreg,banknote,TPE,0,33,balanced_accuracy,0.988710,"{""C"": 39.22969157177084}"
2026-07-06T16:17:59+00:00,logreg,banknote,TPE,0,34,balanced_accuracy,0.988099,"{""C"": 423.881370439471}"
2026-07-06T16:17:59+00:00,logreg,banknote,TPE,0,35,balanced_accuracy,0.978036,"{""C"": 3.1366815305642564}"
2026-07-06T16:17:59+00:00,logreg,banknote,TPE,0,36,balanced_accuracy,0.986665,"{""C"": 106.07346036820745}"
2026-07-06T16:17:59+00:00,logreg,banknote,TPE,0,37,balanced_accuracy,0.982142,"{""C"": 8.164246416216786}"
2026-07-06T16:17:59+00:00,logreg,banknote,TPE,0,38,balanced_accuracy,0.986665,"{""C"": 84.73341448818303}"
2026-07-06T16:17:59+00:00,logreg,banknote,TPE,0,39,balanced_accuracy,0.988099,"{""C"": 347.2455076428232}"
2026-07-06T16:17:59+00:00,logreg,banknote,TPE,0,40,balanced_accuracy,0.988710,"{""C"": 32.98524640567209}"
2026-07-06T16:17:59+00:00,logreg,banknote,TPE,0,41,balanced_accuracy,0.988710,"{""C"": 55.80838930316726}"
2026-07-06T16:17:59+00:00,logreg,banknote,TPE,0,42,balanced_accuracy,0.988710,"{""C"": 21.54265234158943}"
2026-07-06T16:17:59+00:00,logreg,banknote,TPE,0,43,balanced_accuracy,0.982142,"{""C"": 7.450599909513475}"
2026-07-06T16:17:59+00:00,logreg,banknote,TPE,0,44,balanced_accuracy,0.987278,"{""C"": 291.2007120821255}"
2026-07-06T16:17:59+00:00,logreg,banknote,TPE,0,45,balanced_accuracy,0.986665,"{""C"": 95.61744433974576}"
2026-07-06T16:17:59+00:00,logreg,banknote,TPE,0,46,balanced_accuracy,0.988099,"{""C"": 677.3384237917422}"
2026-07-06T16:17:59+00:00,logreg,banknote,TPE,0,47,balanced_accuracy,0.983784,"{""C"": 12.471356537585496}"
2026-07-06T16:17:59+00:00,logreg,banknote,TPE,0,48,balanced_accuracy,0.981321,"{""C"": 4.735546358874458}"
2026-07-06T16:17:59+00:00,logreg,banknote,TPE,0,49,balanced_accuracy,0.978036,"{""C"": 1.9262537883418038}"
2026-07-06T16:18:55+00:00,mlp,banknote,TPE,0,0,balanced_accuracy,0.998358,"{""alpha"": 0.0037665768415992965, ""hidden_layer_sizes"": [19], ""learning_rate_init"": 0.006431172050131994}"
2026-07-06T16:18:55+00:00,mlp,banknote,TPE,0,1,balanced_accuracy,0.998358,"{""alpha"": 0.0001313028028065861, ""hidden_layer_sizes"": [18], ""learning_rate_init"": 0.008663279761354562}"
2026-07-06T16:18:55+00:00,mlp,banknote,TPE,0,2,balanced_accuracy,0.993029,"{""alpha"": 0.028765041432546982, ""hidden_layer_sizes"": [15], ""learning_rate_init"": 0.07780155576901421}"
2026-07-06T16:18:55+00:00,mlp,banknote,TPE,0,3,balanced_accuracy,0.996716,"{""alpha"": 0.009091283280651459, ""hidden_layer_sizes"": [13], ""learning_rate_init"": 0.003860866271460547}"
2026-07-06T16:18:55+00:00,mlp,banknote,TPE,0,4,balanced_accuracy,0.958148,"{""alpha"": 0.04246031301768214, ""hidden_layer_sizes"": [19], ""learning_rate_init"": 0.00016334587611069497}"
2026-07-06T16:18:55+00:00,mlp,banknote,TPE,0,5,balanced_accuracy,0.998358,"{""alpha"": 1.2620948285169311e-06, ""hidden_layer_sizes"": [4], ""learning_rate_init"": 0.03146730406166007}"
2026-07-06T16:18:55+00:00,mlp,banknote,TPE,0,6,balanced_accuracy,0.997335,"{""alpha"": 0.022390342721683703, ""hidden_layer_sizes"": [26], ""learning_rate_init"": 0.08626905220714905}"
2026-07-06T16:18:55+00:00,mlp,banknote,TPE,0,7,balanced_accuracy,1.000000,"{""alpha"": 0.00020295362430434728, ""hidden_layer_sizes"": [26], ""learning_rate_init"": 0.02195773446539457}"
2026-07-06T16:18:55+00:00,mlp,banknote,TPE,0,8,balanced_accuracy,0.880237,"{""alpha"": 0.0015834527427829746, ""hidden_layer_sizes"": [5], ""learning_rate_init"": 0.00026919058249260725}"
2026-07-06T16:18:55+00:00,mlp,banknote,TPE,0,9,balanced_accuracy,0.996716,"{""alpha"": 0.0004066695065393846, ""hidden_layer_sizes"": [31], ""learning_rate_init"": 0.0017538232373118048}"
2026-07-06T16:18:55+00:00,mlp,banknote,TPE,0,10,balanced_accuracy,0.994051,"{""alpha"": 1.0064174873526486e-05, ""hidden_layer_sizes"": [31], ""learning_rate_init"": 0.0007786964913593174}"
2026-07-06T16:18:55+00:00,mlp,banknote,TPE,0,11,balanced_accuracy,1.000000,"{""alpha"": 8.700463748914141e-05, ""hidden_layer_sizes"": [24], ""learning_rate_init"": 0.013789614594142631}"
2026-07-06T16:18:55+00:00,mlp,banknote,TPE,0,12,balanced_accuracy,1.000000,"{""alpha"": 6.40998924830572e-05, ""hidden_layer_sizes"": [25], ""learning_rate_init"": 0.017841641578980404}"
2026-07-06T16:18:55+00:00,mlp,banknote,TPE,0,13,balanced_accuracy,0.998358,"{""alpha"": 2.337698204243485e-05, ""hidden_layer_sizes"": [25], ""learning_rate_init"": 0.022458071649677388}"
2026-07-06T16:18:55+00:00,mlp,banknote,TPE,0,14,balanced_accuracy,0.997537,"{""alpha"": 0.0005734893352782494, ""hidden_layer_sizes"": [23], ""learning_rate_init"": 0.0026248781872876925}"
2026-07-06T16:18:55+00:00,mlp,banknote,TPE,0,15,balanced_accuracy,0.998358,"{""alpha"": 5.283792694672312e-06, ""hidden_layer_sizes"": [29], ""learning_rate_init"": 0.010729517901572838}"
2026-07-06T16:18:55+00:00,mlp,banknote,TPE,0,16,balanced_accuracy,1.000000,"{""alpha"": 0.00018805978507621232, ""hidden_layer_sizes"": [22], ""learning_rate_init"": 0.03964342813916577}"
2026-07-06T16:18:55+00:00,mlp,banknote,TPE,0,17,balanced_accuracy,0.980500,"{""alpha"": 5.038913716743566e-05, ""hidden_layer_sizes"": [10], ""learning_rate_init"": 0.0013834540117844709}"
2026-07-06T16:18:55+00:00,mlp,banknote,TPE,0,18,balanced_accuracy,0.998358,"{""alpha"": 0.0008198329244929507, ""hidden_layer_sizes"": [28], ""learning_rate_init"": 0.005316615794887754}"
2026-07-06T16:18:55+00:00,mlp,banknote,TPE,0,19,balanced_accuracy,0.998358,"{""alpha"": 3.8082291949597985e-06, ""hidden_layer_sizes"": [22], ""learning_rate_init"": 0.014183910755607827}"
2026-07-06T16:18:55+00:00,mlp,banknote,TPE,0,20,balanced_accuracy,0.999179,"{""alpha"": 0.0002026876661898906, ""hidden_layer_sizes"": [32], ""learning_rate_init"": 0.04402302103600379}"
2026-07-06T16:18:55+00:00,mlp,banknote,TPE,0,21,balanced_accuracy,1.000000,"{""alpha"": 5.856619055001204e-05, ""hidden_layer_sizes"": [25], ""learning_rate_init"": 0.01606564341141768}"
2026-07-06T16:18:55+00:00,mlp,banknote,TPE,0,22,balanced_accuracy,0.998358,"{""alpha"": 2.8726167422922144e-05, ""hidden_layer_sizes"": [28], ""learning_rate_init"": 0.02076205978013156}"
2026-07-06T16:18:55+00:00,mlp,banknote,TPE,0,23,balanced_accuracy,1.000000,"{""alpha"": 9.516341921922763e-05, ""hidden_layer_sizes"": [21], ""learning_rate_init"": 0.045487459141215894}"
2026-07-06T16:18:55+00:00,mlp,banknote,TPE,0,24,balanced_accuracy,0.998358,"{""alpha"": 1.5907383755993717e-05, ""hidden_layer_sizes"": [26], ""learning_rate_init"": 0.010763555635830422}"
2026-07-06T16:18:55+00:00,mlp,banknote,TPE,0,25,balanced_accuracy,0.999179,"{""alpha"": 0.0020394966307449927, ""hidden_layer_sizes"": [24], ""learning_rate_init"": 0.02527362261960225}"
2026-07-06T16:18:55+00:00,mlp,banknote,TPE,0,26,balanced_accuracy,0.988090,"{""alpha"": 0.0003686538403260381, ""hidden_layer_sizes"": [16], ""learning_rate_init"": 0.004694939362741506}"
2026-07-06T16:18:55+00:00,mlp,banknote,TPE,0,27,balanced_accuracy,0.998358,"{""alpha"": 7.847889628602583e-05, ""hidden_layer_sizes"": [28], ""learning_rate_init"": 0.007749216860938941}"
2026-07-06T16:18:55+00:00,mlp,banknote,TPE,0,28,balanced_accuracy,0.998358,"{""alpha"": 4.523760072581961e-05, ""hidden_layer_sizes"": [29], ""learning_rate_init"": 0.07296859006909018}"
2026-07-06T16:18:55+00:00,mlp,banknote,TPE,0,29,balanced_accuracy,1.000000,"{""alpha"": 0.006536185560481633, ""hidden_layer_sizes"": [20], ""learning_rate_init"": 0.015552492325576482}"
2026-07-06T16:18:55+00:00,mlp,banknote,TPE,0,30,balanced_accuracy,0.997537,"{""alpha"": 0.0013008184287543508, ""hidden_layer_sizes"": [18], ""learning_rate_init"": 0.003099693257350857}"
2026-07-06T16:18:55+00:00,mlp,banknote,TPE,0,31,balanced_accuracy,0.998358,"{""alpha"": 0.00023234518699121959, ""hidden_layer_sizes"": [22], ""learning_rate_init"": 0.042264792631990684}"
2026-07-06T16:18:55+00:00,mlp,banknote,TPE,0,32,balanced_accuracy,1.000000,"{""alpha"": 0.000244178199606047, ""hidden_layer_sizes"": [23], ""learning_rate_init"": 0.033174533175589695}"
2026-07-06T16:18:55+00:00,mlp,banknote,TPE,0,33,balanced_accuracy,0.998358,"{""alpha"": 0.00012791564460443928, ""hidden_layer_sizes"": [17], ""learning_rate_init"": 0.0071797979539118695}"
2026-07-06T16:18:55+00:00,mlp,banknote,TPE,0,34,balanced_accuracy,0.997537,"{""alpha"": 0.0001362441991660012, ""hidden_layer_sizes"": [20], ""learning_rate_init"": 0.07063024156820318}"
2026-07-06T16:18:55+00:00,mlp,banknote,TPE,0,35,balanced_accuracy,0.998358,"{""alpha"": 0.0031529800584106362, ""hidden_layer_sizes"": [14], ""learning_rate_init"": 0.011534281850339658}"
2026-07-06T16:18:55+00:00,mlp,banknote,TPE,0,36,balanced_accuracy,1.000000,"{""alpha"": 0.0007849590906331554, ""hidden_layer_sizes"": [26], ""learning_rate_init"": 0.05281992641056623}"
2026-07-06T16:18:55+00:00,mlp,banknote,TPE,0,37,balanced_accuracy,0.999179,"{""alpha"": 1.1068931937629352e-05, ""hidden_layer_sizes"": [24], ""learning_rate_init"": 0.027811212364804556}"
2026-07-06T16:18:55+00:00,mlp,banknote,TPE,0,38,balanced_accuracy,1.000000,"{""alpha"": 2.6845487613694385e-05, ""hidden_layer_sizes"": [19], ""learning_rate_init"": 0.01930369725279993}"
2026-07-06T16:18:55+00:00,mlp,banknote,TPE,0,39,balanced_accuracy,0.997537,"{""alpha"": 0.0001506147930528162, ""hidden_layer_sizes"": [21], ""learning_rate_init"": 0.09740316219756631}"
2026-07-06T16:18:55+00:00,mlp,banknote,TPE,0,40,balanced_accuracy,1.000000,"{""alpha"": 0.0004004686119887231, ""hidden_layer_sizes"": [27], ""learning_rate_init"": 0.03148947748984824}"
2026-07-06T16:18:55+00:00,mlp,banknote,TPE,0,41,balanced_accuracy,1.000000,"{""alpha"": 6.015932851180765e-05, ""hidden_layer_sizes"": [25], ""learning_rate_init"": 0.016453410124848473}"
2026-07-06T16:18:55+00:00,mlp,banknote,TPE,0,42,balanced_accuracy,1.000000,"{""alpha"": 3.801579606379753e-05, ""hidden_layer_sizes"": [30], ""learning_rate_init"": 0.008597339743504828}"
2026-07-06T16:18:55+00:00,mlp,banknote,TPE,0,43,balanced_accuracy,1.000000,"{""alpha"": 7.81146023798236e-05, ""hidden_layer_sizes"": [24], ""learning_rate_init"": 0.012184430439187483}"
2026-07-06T16:18:55+00:00,mlp,banknote,TPE,0,44,balanced_accuracy,0.998358,"{""alpha"": 1.7685531017092817e-05, ""hidden_layer_sizes"": [26], ""learning_rate_init"": 0.01939896195783974}"
2026-07-06T16:18:55+00:00,mlp,banknote,TPE,0,45,balanced_accuracy,1.000000,"{""alpha"": 4.659405409839642e-06, ""hidden_layer_sizes"": [23], ""learning_rate_init"": 0.03477141742401822}"
2026-07-06T16:18:55+00:00,mlp,banknote,TPE,0,46,balanced_accuracy,1.000000,"{""alpha"": 0.00023157102565397455, ""hidden_layer_sizes"": [25], ""learning_rate_init"": 0.05908501167519204}"
2026-07-06T16:18:55+00:00,mlp,banknote,TPE,0,47,balanced_accuracy,0.998358,"{""alpha"": 2.077838556091852e-06, ""hidden_layer_sizes"": [27], ""learning_rate_init"": 0.005825974292991211}"
2026-07-06T16:18:55+00:00,mlp,banknote,TPE,0,48,balanced_accuracy,0.979679,"{""alpha"": 0.0005738004321041439, ""hidden_layer_sizes"": [2], ""learning_rate_init"": 0.025202511420430264}"
2026-07-06T16:18:55+00:00,mlp,banknote,TPE,0,49,balanced_accuracy,0.927187,"{""alpha"": 0.00011315981774745918, ""hidden_layer_sizes"": [22], ""learning_rate_init"": 0.00015508811724783026}"
2026-07-06T16:20:03+00:00,rf,banknote,TPE,0,0,balanced_accuracy,0.982147,"{""max_depth"": 15, ""max_features"": null, ""min_samples_split"": 13, ""n_estimators"": 297}"
2026-07-06T16:20:03+00:00,rf,banknote,TPE,0,1,balanced_accuracy,0.986665,"{""max_depth"": 18, ""max_features"": ""log2"", ""min_samples_split"": 20, ""n_estimators"": 247}"
2026-07-06T16:20:03+00:00,rf,banknote,TPE,0,2,balanced_accuracy,0.986869,"{""max_depth"": 19, ""max_features"": null, ""min_samples_split"": 3, ""n_estimators"": 306}"
2026-07-06T16:20:03+00:00,rf,banknote,TPE,0,3,balanced_accuracy,0.986665,"{""max_depth"": 18, ""max_features"": ""sqrt"", ""min_samples_split"": 20, ""n_estimators"": 400}"
2026-07-06T16:20:03+00:00,rf,banknote,TPE,0,4,balanced_accuracy,0.992000,"{""max_depth"": 14, ""max_features"": ""sqrt"", ""min_samples_split"": 4, ""n_estimators"": 103}"
2026-07-06T16:20:03+00:00,rf,banknote,TPE,0,5,balanced_accuracy,0.983789,"{""max_depth"": 16, ""max_features"": null, ""min_samples_split"": 10, ""n_estimators"": 169}"
2026-07-06T16:20:03+00:00,rf,banknote,TPE,0,6,balanced_accuracy,0.986665,"{""max_depth"": 13, ""max_features"": ""sqrt"", ""min_samples_split"": 19, ""n_estimators"": 326}"
2026-07-06T16:20:03+00:00,rf,banknote,TPE,0,7,balanced_accuracy,0.950968,"{""max_depth"": 3, ""max_features"": ""sqrt"", ""min_samples_split"": 14, ""n_estimators"": 364}"
2026-07-06T16:20:03+00:00,rf,banknote,TPE,0,8,balanced_accuracy,0.990358,"{""max_depth"": 8, ""max_features"": ""log2"", ""min_samples_split"": 12, ""n_estimators"": 192}"
2026-07-06T16:20:03+00:00,rf,banknote,TPE,0,9,balanced_accuracy,0.985636,"{""max_depth"": 5, ""max_features"": ""log2"", ""min_samples_split"": 14, ""n_estimators"": 144}"
2026-07-06T16:20:03+00:00,rf,banknote,TPE,0,10,balanced_accuracy,0.991799,"{""max_depth"": 10, ""max_features"": ""sqrt"", ""min_samples_split"": 2, ""n_estimators"": 59}"
2026-07-06T16:20:03+00:00,rf,banknote,TPE,0,11,balanced_accuracy,0.991799,"{""max_depth"": 11, ""max_features"": ""sqrt"", ""min_samples_split"": 2, ""n_estimators"": 62}"
2026-07-06T16:20:03+00:00,rf,banknote,TPE,0,12,balanced_accuracy,0.989537,"{""max_depth"": 10, ""max_features"": ""sqrt"", ""min_samples_split"": 6, ""n_estimators"": 55}"
2026-07-06T16:20:03+00:00,rf,banknote,TPE,0,13,balanced_accuracy,0.991179,"{""max_depth"": 7, ""max_features"": ""sqrt"", ""min_samples_split"": 5, ""n_estimators"": 500}"
2026-07-06T16:20:03+00:00,rf,banknote,TPE,0,14,balanced_accuracy,0.990157,"{""max_depth"": 13, ""max_features"": ""sqrt"", ""min_samples_split"": 7, ""n_estimators"": 106}"
2026-07-06T16:20:03+00:00,rf,banknote,TPE,0,15,balanced_accuracy,0.991799,"{""max_depth"": 10, ""max_features"": ""sqrt"", ""min_samples_split"": 4, ""n_estimators"": 128}"
2026-07-06T16:20:03+00:00,rf,banknote,TPE,0,16,balanced_accuracy,0.992000,"{""max_depth"": 13, ""max_features"": ""sqrt"", ""min_samples_split"": 8, ""n_estimators"": 218}"
2026-07-06T16:20:03+00:00,rf,banknote,TPE,0,17,balanced_accuracy,0.992000,"{""max_depth"": 15, ""max_features"": ""sqrt"", ""min_samples_split"": 8, ""n_estimators"": 215}"
2026-07-06T16:20:03+00:00,rf,banknote,TPE,0,18,balanced_accuracy,0.991179,"{""max_depth"": 13, ""max_features"": ""log2"", ""min_samples_split"": 9, ""n_estimators"": 240}"
2026-07-06T16:20:03+00:00,rf,banknote,TPE,0,19,balanced_accuracy,0.985638,"{""max_depth"": 20, ""max_features"": null, ""min_samples_split"": 11, ""n_estimators"": 113}"
2026-07-06T16:20:03+00:00,rf,banknote,TPE,0,20,balanced_accuracy,0.988716,"{""max_depth"": 17, ""max_features"": ""sqrt"", ""min_samples_split"": 16, ""n_estimators"": 262}"
2026-07-06T16:20:03+00:00,rf,banknote,TPE,0,21,balanced_accuracy,0.991179,"{""max_depth"": 15, ""max_features"": ""sqrt"", ""min_samples_split"": 8, ""n_estimators"": 202}"
2026-07-06T16:20:03+00:00,rf,banknote,TPE,0,22,balanced_accuracy,0.992000,"{""max_depth"": 14, ""max_features"": ""sqrt"", ""min_samples_split"": 7, ""n_estimators"": 217}"
2026-07-06T16:20:03+00:00,rf,banknote,TPE,0,23,balanced_accuracy,0.991179,"{""max_depth"": 12, ""max_features"": ""sqrt"", ""min_samples_split"": 5, ""n_estimators"": 175}"
2026-07-06T16:20:03+00:00,rf,banknote,TPE,0,24,balanced_accuracy,0.990358,"{""max_depth"": 16, ""max_features"": ""sqrt"", ""min_samples_split"": 9, ""n_estimators"": 155}"
2026-07-06T16:20:03+00:00,rf,banknote,TPE,0,25,balanced_accuracy,0.990358,"{""max_depth"": 8, ""max_features"": ""sqrt"", ""min_samples_split"": 6, ""n_estimators"": 105}"
2026-07-06T16:20:03+00:00,rf,banknote,TPE,0,26,balanced_accuracy,0.992000,"{""max_depth"": 15, ""max_features"": ""sqrt"", ""min_samples_split"": 4, ""n_estimators"": 282}"
2026-07-06T16:20:03+00:00,rf,banknote,TPE,0,27,balanced_accuracy,0.992000,"{""max_depth"": 12, ""max_features"": ""sqrt"", ""min_samples_split"": 8, ""n_estimators"": 224}"
2026-07-06T16:20:03+00:00,rf,banknote,TPE,0,28,balanced_accuracy,0.992000,"{""max_depth"": 17, ""max_features"": ""log2"", ""min_samples_split"": 10, ""n_estimators"": 341}"
2026-07-06T16:20:03+00:00,rf,banknote,TPE,0,29,balanced_accuracy,0.983789,"{""max_depth"": 14, ""max_features"": null, ""min_samples_split"": 12, ""n_estimators"": 420}"
2026-07-06T16:20:03+00:00,rf,banknote,TPE,0,30,balanced_accuracy,0.986869,"{""max_depth"": 14, ""max_features"": null, ""min_samples_split"": 4, ""n_estimators"": 273}"
2026-07-06T16:20:03+00:00,rf,banknote,TPE,0,31,balanced_accuracy,0.992000,"{""max_depth"": 14, ""max_features"": ""sqrt"", ""min_samples_split"": 7, ""n_estimators"": 222}"
2026-07-06T16:20:03+00:00,rf,banknote,TPE,0,32,balanced_accuracy,0.992000,"{""max_depth"": 16, ""max_features"": ""sqrt"", ""min_samples_split"": 7, ""n_estimators"": 212}"
2026-07-06T16:20:03+00:00,rf,banknote,TPE,0,33,balanced_accuracy,0.992000,"{""max_depth"": 12, ""max_features"": ""sqrt"", ""min_samples_split"": 6, ""n_estimators"": 247}"
2026-07-06T16:20:03+00:00,rf,banknote,TPE,0,34,balanced_accuracy,0.992821,"{""max_depth"": 18, ""max_features"": ""sqrt"", ""min_samples_split"": 8, ""n_estimators"": 303}"
2026-07-06T16:20:03+00:00,rf,banknote,TPE,0,35,balanced_accuracy,0.991179,"{""max_depth"": 19, ""max_features"": ""sqrt"", ""min_samples_split"": 10, ""n_estimators"": 315}"
2026-07-06T16:20:03+00:00,rf,banknote,TPE,0,36,balanced_accuracy,0.984817,"{""max_depth"": 20, ""max_features"": null, ""min_samples_split"": 9, ""n_estimators"": 351}"
2026-07-06T16:20:03+00:00,rf,banknote,TPE,0,37,balanced_accuracy,0.992000,"{""max_depth"": 18, ""max_features"": ""sqrt"", ""min_samples_split"": 8, ""n_estimators"": 383}"
2026-07-06T16:20:03+00:00,rf,banknote,TPE,0,38,balanced_accuracy,0.992000,"{""max_depth"": 17, ""max_features"": ""log2"", ""min_samples_split"": 5, ""n_estimators"": 289}"
2026-07-06T16:20:03+00:00,rf,banknote,TPE,0,39,balanced_accuracy,0.992821,"{""max_depth"": 18, ""max_features"": ""sqrt"", ""min_samples_split"": 3, ""n_estimators"": 433}"
2026-07-06T16:20:03+00:00,rf,banknote,TPE,0,40,balanced_accuracy,0.992000,"{""max_depth"": 19, ""max_features"": ""sqrt"", ""min_samples_split"": 3, ""n_estimators"": 441}"
2026-07-06T16:20:03+00:00,rf,banknote,TPE,0,41,balanced_accuracy,0.992821,"{""max_depth"": 18, ""max_features"": ""sqrt"", ""min_samples_split"": 3, ""n_estimators"": 439}"
2026-07-06T16:20:03+00:00,rf,banknote,TPE,0,42,balanced_accuracy,0.992000,"{""max_depth"": 19, ""max_features"": ""sqrt"", ""min_samples_split"": 3, ""n_estimators"": 466}"
2026-07-06T16:20:03+00:00,rf,banknote,TPE,0,43,balanced_accuracy,0.992000,"{""max_depth"": 18, ""max_features"": ""sqrt"", ""min_samples_split"": 3, ""n_estimators"": 403}"
2026-07-06T16:20:03+00:00,rf,banknote,TPE,0,44,balanced_accuracy,0.993642,"{""max_depth"": 17, ""max_features"": ""sqrt"", ""min_samples_split"": 2, ""n_estimators"": 497}"
2026-07-06T16:20:03+00:00,rf,banknote,TPE,0,45,balanced_accuracy,0.993642,"{""max_depth"": 17, ""max_features"": ""sqrt"", ""min_samples_split"": 2, ""n_estimators"": 478}"
2026-07-06T16:20:03+00:00,rf,banknote,TPE,0,46,balanced_accuracy,0.992821,"{""max_depth"": 17, ""max_features"": ""sqrt"", ""min_samples_split"": 2, ""n_estimators"": 462}"
2026-07-06T16:20:03+00:00,rf,banknote,TPE,0,47,balanced_accuracy,0.993642,"{""max_depth"": 18, ""max_features"": ""log2"", ""min_samples_split"": 2, ""n_estimators"": 489}"
2026-07-06T16:20:03+00:00,rf,banknote,TPE,0,48,balanced_accuracy,0.993642,"{""max_depth"": 20, ""max_features"": ""log2"", ""min_samples_split"": 2, ""n_estimators"": 497}"
2026-07-06T16:20:03+00:00,rf,banknote,TPE,0,49,balanced_accuracy,0.993642,"{""max_depth"": 20, ""max_features"": ""log2"", ""min_samples_split"": 2, ""n_estimators"": 500}"
2026-07-06T16:20:04+00:00,svm_linear,banknote,TPE,0,0,balanced_accuracy,0.982557,"{""C"": 1.96282248134428}"
2026-07-06T16:20:04+00:00,svm_linear,banknote,TPE,0,1,balanced_accuracy,0.989745,"{""C"": 19.549524484259873}"
2026-07-06T16:20:04+00:00,svm_linear,banknote,TPE,0,2,balanced_accuracy,0.982349,"{""C"": 4.135997393839888}"
2026-07-06T16:20:04+00:00,svm_linear,banknote,TPE,0,3,balanced_accuracy,0.982557,"{""C"": 1.8590843630169627}"
2026-07-06T16:20:04+00:00,svm_linear,banknote,TPE,0,4,balanced_accuracy,0.980088,"{""C"": 0.348280208702833}"
2026-07-06T16:20:04+00:00,svm_linear,banknote,TPE,0,5,balanced_accuracy,0.986454,"{""C"": 7.505241622349544}"
2026-07-06T16:20:04+00:00,svm_linear,banknote,TPE,0,6,balanced_accuracy,0.979065,"{""C"": 0.4222048983149828}"
2026-07-06T16:20:04+00:00,svm_linear,banknote,TPE,0,7,balanced_accuracy,0.985230,"{""C"": 224.2012371372442}"
2026-07-06T16:20:04+00:00,svm_linear,banknote,TPE,0,8,balanced_accuracy,0.985230,"{""C"": 605.3082080079017}"
2026-07-06T16:20:04+00:00,svm_linear,banknote,TPE,0,9,balanced_accuracy,0.978446,"{""C"": 0.1998246739232945}"
2026-07-06T16:20:04+00:00,svm_linear,banknote,TPE,0,10,balanced_accuracy,0.563546,"{""C"": 0.0013243623620587995}"
2026-07-06T16:20:04+00:00,svm_linear,banknote,TPE,0,11,balanced_accuracy,0.988722,"{""C"": 38.7243731605857}"
2026-07-06T16:20:04+00:00,svm_linear,banknote,TPE,0,12,balanced_accuracy,0.987694,"{""C"": 42.727075273156025}"
2026-07-06T16:20:04+00:00,svm_linear,banknote,TPE,0,13,balanced_accuracy,0.986255,"{""C"": 53.843884140190276}"
2026-07-06T16:20:04+00:00,svm_linear,banknote,TPE,0,14,balanced_accuracy,0.987694,"{""C"": 30.0936999522138}"
2026-07-06T16:20:04+00:00,svm_linear,banknote,TPE,0,15,balanced_accuracy,0.937624,"{""C"": 0.009544965454188818}"
2026-07-06T16:20:04+00:00,svm_linear,banknote,TPE,0,16,balanced_accuracy,0.985230,"{""C"": 266.1316708806402}"
2026-07-06T16:20:04+00:00,svm_linear,banknote,TPE,0,17,balanced_accuracy,0.990767,"{""C"": 13.404461629972328}"
2026-07-06T16:20:04+00:00,svm_linear,banknote,TPE,0,18,balanced_accuracy,0.973931,"{""C"": 0.06913952360728032}"
2026-07-06T16:20:04+00:00,svm_linear,banknote,TPE,0,19,balanced_accuracy,0.986454,"{""C"": 7.824787678245223}"
2026-07-06T16:20:04+00:00,svm_linear,banknote,TPE,0,20,balanced_accuracy,0.990767,"{""C"": 12.02342523435044}"
2026-07-06T16:20:04+00:00,svm_linear,banknote,TPE,0,21,balanced_accuracy,0.990767,"{""C"": 15.228996231095513}"
2026-07-06T16:20:04+00:00,svm_linear,banknote,TPE,0,22,balanced_accuracy,0.982557,"{""C"": 1.654753404393151}"
2026-07-06T16:20:04+00:00,svm_linear,banknote,TPE,0,23,balanced_accuracy,0.985850,"{""C"": 134.58612904330332}"
2026-07-06T16:20:04+00:00,svm_linear,banknote,TPE,0,24,balanced_accuracy,0.990767,"{""C"": 11.977279343512144}"
2026-07-06T16:20:04+00:00,svm_linear,banknote,TPE,0,25,balanced_accuracy,0.983173,"{""C"": 843.5096162185927}"
2026-07-06T16:20:04+00:00,svm_linear,banknote,TPE,0,26,balanced_accuracy,0.986255,"{""C"": 95.56608733392912}"
2026-07-06T16:20:04+00:00,svm_linear,banknote,TPE,0,27,balanced_accuracy,0.981528,"{""C"": 0.8036062383461169}"
2026-07-06T16:20:04+00:00,svm_linear,banknote,TPE,0,28,balanced_accuracy,0.985633,"{""C"": 5.005031755565885}"
2026-07-06T16:20:04+00:00,svm_linear,banknote,TPE,0,29,balanced_accuracy,0.973931,"{""C"": 0.06766663370691745}"
2026-07-06T16:20:04+00:00,svm_linear,banknote,TPE,0,30,balanced_accuracy,0.981528,"{""C"": 3.633888538770689}"
2026-07-06T16:20:04+00:00,svm_linear,banknote,TPE,0,31,balanced_accuracy,0.990767,"{""C"": 15.914823980799328}"
2026-07-06T16:20:04+00:00,svm_linear,banknote,TPE,0,32,balanced_accuracy,0.990767,"{""C"": 14.083344816835234}"
2026-07-06T16:20:04+00:00,svm_linear,banknote,TPE,0,33,balanced_accuracy,0.990767,"{""C"": 12.717248986528054}"
2026-07-06T16:20:04+00:00,svm_linear,banknote,TPE,0,34,balanced_accuracy,0.982557,"{""C"": 2.6668988076597206}"
2026-07-06T16:20:04+00:00,svm_linear,banknote,TPE,0,35,balanced_accuracy,0.982557,"{""C"": 1.3458018304163801}"
2026-07-06T16:20:04+00:00,svm_linear,banknote,TPE,0,36,balanced_accuracy,0.986255,"{""C"": 85.46530813441179}"
2026-07-06T16:20:04+00:00,svm_linear,banknote,TPE,0,37,balanced_accuracy,0.986454,"{""C"": 6.988630848062675}"
2026-07-06T16:20:04+00:00,svm_linear,banknote,TPE,0,38,balanced_accuracy,0.988722,"{""C"": 25.478748685249144}"
2026-07-06T16:20:04+00:00,svm_linear,banknote,TPE,0,39,balanced_accuracy,0.981528,"{""C"": 0.7329184644720933}"
2026-07-06T16:20:04+00:00,svm_linear,banknote,TPE,0,40,balanced_accuracy,0.985230,"{""C"": 361.4971979150613}"
2026-07-06T16:20:04+00:00,svm_linear,banknote,TPE,0,41,balanced_accuracy,0.990767,"{""C"": 16.99903756813472}"
2026-07-06T16:20:04+00:00,svm_linear,banknote,TPE,0,42,balanced_accuracy,0.990767,"{""C"": 12.372320562315766}"
2026-07-06T16:20:04+00:00,svm_linear,banknote,TPE,0,43,balanced_accuracy,0.985633,"{""C"": 4.3446286751481855}"
2026-07-06T16:20:04+00:00,svm_linear,banknote,TPE,0,44,balanced_accuracy,0.986255,"{""C"": 54.01019802083272}"
2026-07-06T16:20:04+00:00,svm_linear,banknote,TPE,0,45,balanced_accuracy,0.986454,"{""C"": 7.342581234544303}"
2026-07-06T16:20:04+00:00,svm_linear,banknote,TPE,0,46,balanced_accuracy,0.988722,"{""C"": 23.61265059236498}"
2026-07-06T16:20:04+00:00,svm_linear,banknote,TPE,0,47,balanced_accuracy,0.986255,"{""C"": 104.44350109852873}"
2026-07-06T16:20:04+00:00,svm_linear,banknote,TPE,0,48,balanced_accuracy,0.982557,"{""C"": 1.952116319097536}"
2026-07-06T16:20:04+00:00,svm_linear,banknote,TPE,0,49,balanced_accuracy,0.985636,"{""C"": 46.5878231812909}"
2026-07-06T16:20:05+00:00,svm_rbf,banknote,TPE,0,0,balanced_accuracy,1.000000,"{""C"": 1.96282248134428, ""gamma"": 0.3766576841599298}"
2026-07-06T16:20:05+00:00,svm_rbf,banknote,TPE,0,1,balanced_accuracy,0.981938,"{""C"": 4.135997393839888, ""gamma"": 0.05301709347576828}"
2026-07-06T16:20:05+00:00,svm_rbf,banknote,TPE,0,2,balanced_accuracy,0.980296,"{""C"": 0.348280208702833, ""gamma"": 0.1696174638729098}"
2026-07-06T16:20:05+00:00,svm_rbf,banknote,TPE,0,3,balanced_accuracy,0.999179,"{""C"": 0.4222048983149828, ""gamma"": 2.8765041432546945}"
2026-07-06T16:20:05+00:00,svm_rbf,banknote,TPE,0,4,balanced_accuracy,1.000000,"{""C"": 605.3082080079017, ""gamma"": 0.008264328927007725}"
2026-07-06T16:20:05+00:00,svm_rbf,banknote,TPE,0,5,balanced_accuracy,1.000000,"{""C"": 56.27949975223143, ""gamma"": 0.04410365667970985}"
2026-07-06T16:20:05+00:00,svm_rbf,banknote,TPE,0,6,balanced_accuracy,0.999179,"{""C"": 2.5601615250028704, ""gamma"": 4.246031301768208}"
2026-07-06T16:20:05+00:00,svm_rbf,banknote,TPE,0,7,balanced_accuracy,0.500000,"{""C"": 0.002668187524237051, ""gamma"": 0.00027267573880087313}"
2026-07-06T16:20:05+00:00,svm_rbf,banknote,TPE,0,8,balanced_accuracy,0.500000,"{""C"": 0.001322240284589594, ""gamma"": 1.4557916623227765}"
2026-07-06T16:20:05+00:00,svm_rbf,banknote,TPE,0,9,balanced_accuracy,0.999179,"{""C"": 46.659545670218456, ""gamma"": 2.239034272168371}"
2026-07-06T16:20:05+00:00,svm_rbf,banknote,TPE,0,10,balanced_accuracy,0.500000,"{""C"": 0.03118381022976132, ""gamma"": 0.00018907236995524757}"
2026-07-06T16:20:05+00:00,svm_rbf,banknote,TPE,0,11,balanced_accuracy,0.995895,"{""C"": 520.7983086710348, ""gamma"": 0.003913081791882637}"
2026-07-06T16:20:05+00:00,svm_rbf,banknote,TPE,0,12,balanced_accuracy,0.995895,"{""C"": 496.2275402792127, ""gamma"": 0.005329339084035842}"
2026-07-06T16:20:05+00:00,svm_rbf,banknote,TPE,0,13,balanced_accuracy,0.981117,"{""C"": 33.938760517524486, ""gamma"": 0.006317777348179662}"
2026-07-06T16:20:05+00:00,svm_rbf,banknote,TPE,0,14,balanced_accuracy,0.971880,"{""C"": 0.03830721902587687, ""gamma"": 0.5192136926744899}"
2026-07-06T16:20:05+00:00,svm_rbf,banknote,TPE,0,15,balanced_accuracy,0.956715,"{""C"": 5.500799508818128, ""gamma"": 0.0013302074384828203}"
2026-07-06T16:20:05+00:00,svm_rbf,banknote,TPE,0,16,balanced_accuracy,1.000000,"{""C"": 989.2115343867363, ""gamma"": 0.03085537378845393}"
2026-07-06T16:20:05+00:00,svm_rbf,banknote,TPE,0,17,balanced_accuracy,0.993432,"{""C"": 0.5375129421078118, ""gamma"": 0.36470576843411745}"
2026-07-06T16:20:05+00:00,svm_rbf,banknote,TPE,0,18,balanced_accuracy,0.979475,"{""C"": 123.51880153246132, ""gamma"": 0.0008397798458350665}"
2026-07-06T16:20:05+00:00,svm_rbf,banknote,TPE,0,19,balanced_accuracy,0.874123,"{""C"": 0.020720669605893628, ""gamma"": 0.13538415576328555}"
2026-07-06T16:20:05+00:00,svm_rbf,banknote,TPE,0,20,balanced_accuracy,0.981117,"{""C"": 10.243665875698207, ""gamma"": 0.015891474298822063}"
2026-07-06T16:20:05+00:00,svm_rbf,banknote,TPE,0,21,balanced_accuracy,1.000000,"{""C"": 76.91699462558977, ""gamma"": 0.05585896766053324}"
2026-07-06T16:20:05+00:00,svm_rbf,banknote,TPE,0,22,balanced_accuracy,1.000000,"{""C"": 217.78692122500712, ""gamma"": 0.013773418110869512}"
2026-07-06T16:20:05+00:00,svm_rbf,banknote,TPE,0,23,balanced_accuracy,1.000000,"{""C"": 12.458450878399633, ""gamma"": 0.47702697460898547}"
2026-07-06T16:20:05+00:00,svm_rbf,banknote,TPE,0,24,balanced_accuracy,0.985222,"{""C"": 1.2384023129403354, ""gamma"": 0.12981735212706447}"
2026-07-06T16:20:05+00:00,svm_rbf,banknote,TPE,0,25,balanced_accuracy,1.000000,"{""C"": 16.38555634779556, ""gamma"": 7.561929810282609}"
2026-07-06T16:20:05+00:00,svm_rbf,banknote,TPE,0,26,balanced_accuracy,0.981117,"{""C"": 157.271561736525, ""gamma"": 0.0013471048095931746}"
2026-07-06T16:20:05+00:00,svm_rbf,banknote,TPE,0,27,balanced_accuracy,0.990969,"{""C"": 0.13507530552525734, ""gamma"": 1.0994088650926264}"
2026-07-06T16:20:05+00:00,svm_rbf,banknote,TPE,0,28,balanced_accuracy,0.990148,"{""C"": 37.20799457527147, ""gamma"": 0.0170775945092481}"
2026-07-06T16:20:05+00:00,svm_rbf,banknote,TPE,0,29,balanced_accuracy,0.981117,"{""C"": 2.3356634432206698, ""gamma"": 0.05460862668204645}"
2026-07-06T16:20:05+00:00,svm_rbf,banknote,TPE,0,30,balanced_accuracy,1.000000,"{""C"": 385.75692659960526, ""gamma"": 0.06940621964455936}"
2026-07-06T16:20:05+00:00,svm_rbf,banknote,TPE,0,31,balanced_accuracy,1.000000,"{""C"": 914.5573031789672, ""gamma"": 0.029485996614570166}"
2026-07-06T16:20:05+00:00,svm_rbf,banknote,TPE,0,32,balanced_accuracy,1.000000,"{""C"": 762.4645351373882, ""gamma"": 0.03194000024483348}"
2026-07-06T16:20:05+00:00,svm_rbf,banknote,TPE,0,33,balanced_accuracy,1.000000,"{""C"": 204.52500439547376, ""gamma"": 0.25354226397183627}"
2026-07-06T16:20:05+00:00,svm_rbf,banknote,TPE,0,34,balanced_accuracy,1.000000,"{""C"": 972.9667310187654, ""gamma"": 0.008277250684959526}"
2026-07-06T16:20:05+00:00,svm_rbf,banknote,TPE,0,35,balanced_accuracy,0.981117,"{""C"": 89.78442736879813, ""gamma"": 0.0024719150621423185}"
2026-07-06T16:20:05+00:00,svm_rbf,banknote,TPE,0,36,balanced_accuracy,1.000000,"{""C"": 305.0883836758423, ""gamma"": 0.10777283601079479}"
2026-07-06T16:20:05+00:00,svm_rbf,banknote,TPE,0,37,balanced_accuracy,1.000000,"{""C"": 25.982714999351728, ""gamma"": 0.8421554124459186}"
2026-07-06T16:20:05+00:00,svm_rbf,banknote,TPE,0,38,balanced_accuracy,0.941940,"{""C"": 0.17260450902036695, ""gamma"": 0.029532889978833764}"
2026-07-06T16:20:05+00:00,svm_rbf,banknote,TPE,0,39,balanced_accuracy,0.979475,"{""C"": 5.24619555180658, ""gamma"": 0.009815581455821908}"
2026-07-06T16:20:05+00:00,svm_rbf,banknote,TPE,0,40,balanced_accuracy,0.500000,"{""C"": 0.888271355921489, ""gamma"": 0.0004752799262270094}"
2026-07-06T16:20:05+00:00,svm_rbf,banknote,TPE,0,41,balanced_accuracy,1.000000,"{""C"": 103.04035499527333, ""gamma"": 0.05431001394598922}"
2026-07-06T16:20:05+00:00,svm_rbf,banknote,TPE,0,42,balanced_accuracy,1.000000,"{""C"": 79.93817263107972, ""gamma"": 0.08889543217003526}"
2026-07-06T16:20:05+00:00,svm_rbf,banknote,TPE,0,43,balanced_accuracy,1.000000,"{""C"": 56.48372774773293, ""gamma"": 0.19977688018415687}"
2026-07-06T16:20:05+00:00,svm_rbf,banknote,TPE,0,44,balanced_accuracy,0.992611,"{""C"": 401.38141434402604, ""gamma"": 0.003630463248839351}"
2026-07-06T16:20:05+00:00,svm_rbf,banknote,TPE,0,45,balanced_accuracy,1.000000,"{""C"": 259.8110079019859, ""gamma"": 0.03107998986699309}"
2026-07-06T16:20:05+00:00,svm_rbf,banknote,TPE,0,46,balanced_accuracy,0.745089,"{""C"": 0.009515698184778876, ""gamma"": 0.2647092185048819}"
2026-07-06T16:20:05+00:00,svm_rbf,banknote,TPE,0,47,balanced_accuracy,0.988506,"{""C"": 26.186535838837017, ""gamma"": 0.018430819298267696}"
2026-07-06T16:20:05+00:00,svm_rbf,banknote,TPE,0,48,balanced_accuracy,0.981117,"{""C"": 2.4287983741290056, ""gamma"": 0.04554366513907329}"
2026-07-06T16:20:05+00:00,svm_rbf,banknote,TPE,0,49,balanced_accuracy,1.000000,"{""C"": 544.3613627844619, ""gamma"": 0.7278063521170236}"
2026-07-06T16:20:13+00:00,xgboost,banknote,TPE,0,0,balanced_accuracy,0.994658,"{""colsample_bytree"": 0.7118273996694524, ""learning_rate"": 0.05910317077425309, ""max_depth"": 7, ""n_estimators"": 297, ""reg_lambda"": 0.3833332156156664, ""subsample"": 0.7724415914984484}"
2026-07-06T16:20:13+00:00,xgboost,banknote,TPE,0,1,balanced_accuracy,0.994457,"{""colsample_bytree"": 0.8958625190413323, ""learning_rate"": 0.1618191272832578, ""max_depth"": 10, ""n_estimators"": 247, ""reg_lambda"": 0.13049073550362397, ""subsample"": 0.6917207594128889}"
2026-07-06T16:20:13+00:00,xgboost,banknote,TPE,0,2,balanced_accuracy,0.998358,"{""colsample_bytree"": 0.5101091987201629, ""learning_rate"": 0.1962524585239014, ""max_depth"": 2, ""n_estimators"": 306, ""reg_lambda"": 2.1403233140986067, ""subsample"": 0.5435646498507704}"
2026-07-06T16:20:13+00:00,xgboost,banknote,TPE,0,3,balanced_accuracy,0.996716,"{""colsample_bytree"": 0.7307396811264659, ""learning_rate"": 0.14293072093890533, ""max_depth"": 10, ""n_estimators"": 400, ""reg_lambda"": 1.3246974647468452, ""subsample"": 0.8995792821083618}"
2026-07-06T16:20:13+00:00,xgboost,banknote,TPE,0,4,balanced_accuracy,0.983792,"{""colsample_bytree"": 0.7609241608750359, ""learning_rate"": 0.038473523622807364, ""max_depth"": 3, ""n_estimators"": 103, ""reg_lambda"": 0.045566719139214756, ""subsample"": 0.972334458524792}"
2026-07-06T16:20:13+00:00,xgboost,banknote,TPE,0,5,balanced_accuracy,0.993636,"{""colsample_bytree"": 0.5093949002181776, ""learning_rate"": 0.08276957557192281, ""max_depth"": 6, ""n_estimators"": 169, ""reg_lambda"": 0.2954894558726685, ""subsample"": 0.7842169744343243}"
2026-07-06T16:20:13+00:00,xgboost,banknote,TPE,0,6,balanced_accuracy,0.994658,"{""colsample_bytree"": 0.679753950286893, ""learning_rate"": 0.03374584570073953, ""max_depth"": 10, ""n_estimators"": 326, ""reg_lambda"": 0.05599223654063348, ""subsample"": 0.8409101495517417}"
2026-07-06T16:20:13+00:00,xgboost,banknote,TPE,0,7,balanced_accuracy,0.966956,"{""colsample_bytree"": 0.6051912805369204, ""learning_rate"": 0.0014098918363046988, ""max_depth"": 8, ""n_estimators"": 364, ""reg_lambda"": 0.0032787264983352763, ""subsample"": 0.8353189348090797}"
2026-07-06T16:20:13+00:00,xgboost,banknote,TPE,0,8,balanced_accuracy,0.988719,"{""colsample_bytree"": 0.9941869190296131, ""learning_rate"": 0.007960781083787736, ""max_depth"": 7, ""n_estimators"": 192, ""reg_lambda"": 0.0025596420901526653, ""subsample"": 0.7193007567311602}"
2026-07-06T16:20:13+00:00,xgboost,banknote,TPE,0,9,balanced_accuracy,0.943615,"{""colsample_bytree"": 0.7331553864281531, ""learning_rate"": 0.002509477090866099, ""max_depth"": 7, ""n_estimators"": 144, ""reg_lambda"": 0.009499535455183799, ""subsample"": 0.626645801269891}"
2026-07-06T16:20:13+00:00,xgboost,banknote,TPE,0,10,balanced_accuracy,0.950970,"{""colsample_bytree"": 0.8732691763941831, ""learning_rate"": 0.007627625676927525, ""max_depth"": 2, ""n_estimators"": 474, ""reg_lambda"": 8.609071076878536, ""subsample"": 0.5100229215872223}"
2026-07-06T16:20:13+00:00,xgboost,banknote,TPE,0,11,balanced_accuracy,0.994665,"{""colsample_bytree"": 0.5022040913577196, ""learning_rate"": 0.26758077137886643, ""max_depth"": 4, ""n_estimators"": 413, ""reg_lambda"": 2.8784664139408958, ""subsample"": 0.9969596088199151}"
2026-07-06T16:20:13+00:00,xgboost,banknote,TPE,0,12,balanced_accuracy,0.996508,"{""colsample_bytree"": 0.6024702222342566, ""learning_rate"": 0.1339544084755268, ""max_depth"": 5, ""n_estimators"": 500, ""reg_lambda"": 2.293410899495596, ""subsample"": 0.5005581359679981}"
2026-07-06T16:20:13+00:00,xgboost,banknote,TPE,0,13,balanced_accuracy,0.995486,"{""colsample_bytree"": 0.8336440292991956, ""learning_rate"": 0.2825338815940026, ""max_depth"": 9, ""n_estimators"": 389, ""reg_lambda"": 1.0539469540758521, ""subsample"": 0.5986175324562215}"
2026-07-06T16:20:13+00:00,xgboost,banknote,TPE,0,14,balanced_accuracy,0.966153,"{""colsample_bytree"": 0.6218051491622653, ""learning_rate"": 0.024080678564850595, ""max_depth"": 2, ""n_estimators"": 265, ""reg_lambda"": 9.865520621930806, ""subsample"": 0.9078243069727148}"
2026-07-06T16:20:13+00:00,xgboost,banknote,TPE,0,15,balanced_accuracy,0.995486,"{""colsample_bytree"": 0.7962271138936605, ""learning_rate"": 0.10720038490239406, ""max_depth"": 4, ""n_estimators"": 436, ""reg_lambda"": 0.8733684469333779, ""subsample"": 0.5728805681490886}"
2026-07-06T16:20:13+00:00,xgboost,banknote,TPE,0,16,balanced_accuracy,0.991994,"{""colsample_bytree"": 0.9714082876152208, ""learning_rate"": 0.01756010630847402, ""max_depth"": 5, ""n_estimators"": 347, ""reg_lambda"": 2.1643436990958014, ""subsample"": 0.6790293495470363}"
2026-07-06T16:20:13+00:00,xgboost,banknote,TPE,0,17,balanced_accuracy,0.981725,"{""colsample_bytree"": 0.5652085451619254, ""learning_rate"": 0.061292005662002276, ""max_depth"": 9, ""n_estimators"": 50, ""reg_lambda"": 0.4805928242989064, ""subsample"": 0.8865636866591194}"
2026-07-06T16:20:13+00:00,xgboost,banknote,TPE,0,18,balanced_accuracy,0.996514,"{""colsample_bytree"": 0.6599717015143836, ""learning_rate"": 0.18241488636814016, ""max_depth"": 3, ""n_estimators"": 217, ""reg_lambda"": 4.899583700815589, ""subsample"": 0.9454670851425372}"
2026-07-06T16:20:13+00:00,xgboost,banknote,TPE,0,19,balanced_accuracy,0.988099,"{""colsample_bytree"": 0.5556392789217606, ""learning_rate"": 0.013019083203729529, ""max_depth"": 6, ""n_estimators"": 438, ""reg_lambda"": 1.106973390705965, ""subsample"": 0.7531194798838766}"
2026-07-06T16:20:13+00:00,xgboost,banknote,TPE,0,20,balanced_accuracy,0.995486,"{""colsample_bytree"": 0.9113333499506202, ""learning_rate"": 0.06692997831013174, ""max_depth"": 8, ""n_estimators"": 303, ""reg_lambda"": 0.11543184722651387, ""subsample"": 0.554274455687458}"
2026-07-06T16:20:13+00:00,xgboost,banknote,TPE,0,21,balanced_accuracy,0.996514,"{""colsample_bytree"": 0.6588299327371631, ""learning_rate"": 0.18079377805601035, ""max_depth"": 3, ""n_estimators"": 230, ""reg_lambda"": 4.718184847235712, ""subsample"": 0.9269702403602086}"
2026-07-06T16:20:13+00:00,xgboost,banknote,TPE,0,22,balanced_accuracy,0.996514,"{""colsample_bytree"": 0.6547303624576546, ""learning_rate"": 0.19947921427808588, ""max_depth"": 3, ""n_estimators"": 222, ""reg_lambda"": 3.9105417254814276, ""subsample"": 0.9450605183292498}"
2026-07-06T16:20:13+00:00,xgboost,banknote,TPE,0,23,balanced_accuracy,0.997537,"{""colsample_bytree"": 0.786671148003321, ""learning_rate"": 0.10731254549082099, ""max_depth"": 2, ""n_estimators"": 298, ""reg_lambda"": 1.536862949075374, ""subsample"": 0.8470088375365503}"
2026-07-06T16:20:13+00:00,xgboost,banknote,TPE,0,24,balanced_accuracy,0.996514,"{""colsample_bytree"": 0.7971438438329903, ""learning_rate"": 0.1072835516860244, ""max_depth"": 2, ""n_estimators"": 295, ""reg_lambda"": 1.2663850464791218, ""subsample"": 0.8642001573716055}"
2026-07-06T16:20:13+00:00,xgboost,banknote,TPE,0,25,balanced_accuracy,0.994665,"{""colsample_bytree"": 0.7718877205222836, ""learning_rate"": 0.04278834432483352, ""max_depth"": 4, ""n_estimators"": 378, ""reg_lambda"": 0.6179733372799389, ""subsample"": 0.7980252375115873}"
2026-07-06T16:20:13+00:00,xgboost,banknote,TPE,0,26,balanced_accuracy,0.998358,"{""colsample_bytree"": 0.8446759596520115, ""learning_rate"": 0.10653547458582326, ""max_depth"": 2, ""n_estimators"": 336, ""reg_lambda"": 0.24456788494326606, ""subsample"": 0.6490415715045401}"
2026-07-06T16:20:13+00:00,xgboost,banknote,TPE,0,27,balanced_accuracy,0.998358,"{""colsample_bytree"": 0.8518203238787388, ""learning_rate"": 0.09884310587575011, ""max_depth"": 2, ""n_estimators"": 273, ""reg_lambda"": 0.2138884577963861, ""subsample"": 0.6184790132624154}"
2026-07-06T16:20:13+00:00,xgboost,banknote,TPE,0,28,balanced_accuracy,0.997335,"{""colsample_bytree"": 0.9449240239523233, ""learning_rate"": 0.28550153722516025, ""max_depth"": 2, ""n_estimators"": 263, ""reg_lambda"": 0.0190356445247259, ""subsample"": 0.6450968393794555}"
2026-07-06T16:20:13+00:00,xgboost,banknote,TPE,0,29,balanced_accuracy,0.996307,"{""colsample_bytree"": 0.8333035518800429, ""learning_rate"": 0.07817458972177833, ""max_depth"": 3, ""n_estimators"": 333, ""reg_lambda"": 0.2944662073866679, ""subsample"": 0.5481731345121871}"
2026-07-06T16:20:13+00:00,xgboost,banknote,TPE,0,30,balanced_accuracy,0.991792,"{""colsample_bytree"": 0.8497730640418442, ""learning_rate"": 0.04554337182624172, ""max_depth"": 2, ""n_estimators"": 278, ""reg_lambda"": 0.18391278450427379, ""subsample"": 0.6262439905417617}"
2026-07-06T16:20:13+00:00,xgboost,banknote,TPE,0,31,balanced_accuracy,0.998358,"{""colsample_bytree"": 0.9146521100909334, ""learning_rate"": 0.09981654497482954, ""max_depth"": 2, ""n_estimators"": 311, ""reg_lambda"": 0.06328687837365472, ""subsample"": 0.5890064827875672}"
2026-07-06T16:20:13+00:00,xgboost,banknote,TPE,0,32,balanced_accuracy,0.996307,"{""colsample_bytree"": 0.9053417933944202, ""learning_rate"": 0.0897747522889889, ""max_depth"": 3, ""n_estimators"": 318, ""reg_lambda"": 0.051318739469539985, ""subsample"": 0.6649005182311373}"
2026-07-06T16:20:13+00:00,xgboost,banknote,TPE,0,33,balanced_accuracy,0.998358,"{""colsample_bytree"": 0.9231406240358964, ""learning_rate"": 0.05526838911982712, ""max_depth"": 2, ""n_estimators"": 353, ""reg_lambda"": 0.11954136782579394, ""subsample"": 0.5881853688636932}"
2026-07-06T16:20:13+00:00,xgboost,banknote,TPE,0,34,balanced_accuracy,0.997128,"{""colsample_bytree"": 0.8769385656785438, ""learning_rate"": 0.14218706262792255, ""max_depth"": 3, ""n_estimators"": 247, ""reg_lambda"": 0.02718879239497147, ""subsample"": 0.5352842863444534}"
2026-07-06T16:20:13+00:00,xgboost,banknote,TPE,0,35,balanced_accuracy,0.995486,"{""colsample_bytree"": 0.9477307652253001, ""learning_rate"": 0.20818925916731817, ""max_depth"": 4, ""n_estimators"": 280, ""reg_lambda"": 0.0810256601076233, ""subsample"": 0.7102724815465373}"
2026-07-06T16:20:13+00:00,xgboost,banknote,TPE,0,36,balanced_accuracy,0.989128,"{""colsample_bytree"": 0.7179583115622336, ""learning_rate"": 0.03270749543340822, ""max_depth"": 2, ""n_estimators"": 324, ""reg_lambda"": 0.1927445722704005, ""subsample"": 0.6134365457983595}"
2026-07-06T16:20:13+00:00,xgboost,banknote,TPE,0,37,balanced_accuracy,0.997335,"{""colsample_bytree"": 0.8666773245352849, ""learning_rate"": 0.12303017540979092, ""max_depth"": 3, ""n_estimators"": 364, ""reg_lambda"": 0.011075835944807214, ""subsample"": 0.6562858863417291}"
2026-07-06T16:20:13+00:00,xgboost,banknote,TPE,0,38,balanced_accuracy,0.996514,"{""colsample_bytree"": 0.8206909442361972, ""learning_rate"": 0.08663109423586156, ""max_depth"": 2, ""n_estimators"": 194, ""reg_lambda"": 0.3219013855912422, ""subsample"": 0.578452626663873}"
2026-07-06T16:20:13+00:00,xgboost,banknote,TPE,0,39,balanced_accuracy,0.997128,"{""colsample_bytree"": 0.996230467527639, ""learning_rate"": 0.05549869625023027, ""max_depth"": 3, ""n_estimators"": 413, ""reg_lambda"": 0.0010369306664494886, ""subsample"": 0.5324327642028962}"
2026-07-06T16:20:13+00:00,xgboost,banknote,TPE,0,40,balanced_accuracy,0.992202,"{""colsample_bytree"": 0.9463270028858977, ""learning_rate"": 0.027019433413251467, ""max_depth"": 4, ""n_estimators"": 243, ""reg_lambda"": 0.028891982974421682, ""subsample"": 0.7079463077920088}"
2026-07-06T16:20:13+00:00,xgboost,banknote,TPE,0,41,balanced_accuracy,0.997537,"{""colsample_bytree"": 0.9191586466375801, ""learning_rate"": 0.05246010944748455, ""max_depth"": 2, ""n_estimators"": 352, ""reg_lambda"": 0.08270318828243435, ""subsample"": 0.5754073073880832}"
2026-07-06T16:20:13+00:00,xgboost,banknote,TPE,0,42,balanced_accuracy,0.996514,"{""colsample_bytree"": 0.8912317115967203, ""learning_rate"": 0.07132633057666667, ""max_depth"": 2, ""n_estimators"": 313, ""reg_lambda"": 0.17094626392793724, ""subsample"": 0.5983890810556625}"
2026-07-06T16:20:13+00:00,xgboost,banknote,TPE,0,43,balanced_accuracy,0.998358,"{""colsample_bytree"": 0.7430972811911504, ""learning_rate"": 0.15863946284687733, ""max_depth"": 2, ""n_estimators"": 347, ""reg_lambda"": 0.07794458158920158, ""subsample"": 0.6368319094488282}"
2026-07-06T16:20:13+00:00,xgboost,banknote,TPE,0,44,balanced_accuracy,0.996307,"{""colsample_bytree"": 0.9282223610952596, ""learning_rate"": 0.0955674060080627, ""max_depth"": 3, ""n_estimators"": 377, ""reg_lambda"": 0.11061673342140944, ""subsample"": 0.5982154879481651}"
2026-07-06T16:20:13+00:00,xgboost,banknote,TPE,0,45,balanced_accuracy,0.997329,"{""colsample_bytree"": 0.8597132846504877, ""learning_rate"": 0.15541912249462764, ""max_depth"": 2, ""n_estimators"": 284, ""reg_lambda"": 0.030614456089619817, ""subsample"": 0.5204565377696878}"
2026-07-06T16:20:13+00:00,xgboost,banknote,TPE,0,46,balanced_accuracy,0.995486,"{""colsample_bytree"": 0.692854761441319, ""learning_rate"": 0.23912983272541882, ""max_depth"": 2, ""n_estimators"": 335, ""reg_lambda"": 0.24554677576717474, ""subsample"": 0.6816013999595539}"
2026-07-06T16:20:13+00:00,xgboost,banknote,TPE,0,47,balanced_accuracy,0.959577,"{""colsample_bytree"": 0.8899560183554954, ""learning_rate"": 0.0030064693366879717, ""max_depth"": 3, ""n_estimators"": 265, ""reg_lambda"": 0.4962122648198477, ""subsample"": 0.567598533859422}"
2026-07-06T16:20:13+00:00,xgboost,banknote,TPE,0,48,balanced_accuracy,0.993636,"{""colsample_bytree"": 0.9676760033499204, ""learning_rate"": 0.03568234036132412, ""max_depth"": 4, ""n_estimators"": 400, ""reg_lambda"": 0.7097931851399221, ""subsample"": 0.6134493415273082}"
2026-07-06T16:20:13+00:00,xgboost,banknote,TPE,0,49,balanced_accuracy,0.986463,"{""colsample_bytree"": 0.5293925164204115, ""learning_rate"": 0.0703028229751353, ""max_depth"": 2, ""n_estimators"": 141, ""reg_lambda"": 0.0076924494675984926, ""subsample"": 0.7294606813963124}"
2026-07-06T16:20:14+00:00,knn,breast_cancer,TPE,0,0,balanced_accuracy,0.940327,"{""n_neighbors"": 17, ""p"": 1, ""weights"": ""uniform""}"
2026-07-06T16:20:14+00:00,knn,breast_cancer,TPE,0,1,balanced_accuracy,0.949204,"{""n_neighbors"": 20, ""p"": 1, ""weights"": ""distance""}"
2026-07-06T16:20:14+00:00,knn,breast_cancer,TPE,0,2,balanced_accuracy,0.946280,"{""n_neighbors"": 24, ""p"": 1, ""weights"": ""distance""}"
2026-07-06T16:20:14+00:00,knn,breast_cancer,TPE,0,3,balanced_accuracy,0.972167,"{""n_neighbors"": 3, ""p"": 2, ""weights"": ""distance""}"
2026-07-06T16:20:14+00:00,knn,breast_cancer,TPE,0,4,balanced_accuracy,0.940380,"{""n_neighbors"": 30, ""p"": 1, ""weights"": ""uniform""}"
2026-07-06T16:20:14+00:00,knn,breast_cancer,TPE,0,5,balanced_accuracy,0.949204,"{""n_neighbors"": 20, ""p"": 1, ""weights"": ""distance""}"
2026-07-06T16:20:14+00:00,knn,breast_cancer,TPE,0,6,balanced_accuracy,0.966338,"{""n_neighbors"": 8, ""p"": 1, ""weights"": ""uniform""}"
2026-07-06T16:20:14+00:00,knn,breast_cancer,TPE,0,7,balanced_accuracy,0.952128,"{""n_neighbors"": 19, ""p"": 1, ""weights"": ""distance""}"
2026-07-06T16:20:14+00:00,knn,breast_cancer,TPE,0,8,balanced_accuracy,0.966886,"{""n_neighbors"": 11, ""p"": 2, ""weights"": ""distance""}"
2026-07-06T16:20:14+00:00,knn,breast_cancer,TPE,0,9,balanced_accuracy,0.938573,"{""n_neighbors"": 21, ""p"": 2, ""weights"": ""uniform""}"
2026-07-06T16:20:14+00:00,knn,breast_cancer,TPE,0,10,balanced_accuracy,0.962296,"{""n_neighbors"": 1, ""p"": 2, ""weights"": ""distance""}"
2026-07-06T16:20:14+00:00,knn,breast_cancer,TPE,0,11,balanced_accuracy,0.966904,"{""n_neighbors"": 10, ""p"": 2, ""weights"": ""distance""}"
2026-07-06T16:20:14+00:00,knn,breast_cancer,TPE,0,12,balanced_accuracy,0.962296,"{""n_neighbors"": 2, ""p"": 2, ""weights"": ""distance""}"
2026-07-06T16:20:14+00:00,knn,breast_cancer,TPE,0,13,balanced_accuracy,0.969828,"{""n_neighbors"": 7, ""p"": 2, ""weights"": ""distance""}"
2026-07-06T16:20:14+00:00,knn,breast_cancer,TPE,0,14,balanced_accuracy,0.973974,"{""n_neighbors"": 6, ""p"": 2, ""weights"": ""distance""}"
2026-07-06T16:20:14+00:00,knn,breast_cancer,TPE,0,15,balanced_accuracy,0.978652,"{""n_neighbors"": 5, ""p"": 2, ""weights"": ""distance""}"
2026-07-06T16:20:14+00:00,knn,breast_cancer,TPE,0,16,balanced_accuracy,0.958010,"{""n_neighbors"": 14, ""p"": 2, ""weights"": ""distance""}"
2026-07-06T16:20:14+00:00,knn,breast_cancer,TPE,0,17,balanced_accuracy,0.978652,"{""n_neighbors"": 5, ""p"": 2, ""weights"": ""distance""}"
2026-07-06T16:20:14+00:00,knn,breast_cancer,TPE,0,18,balanced_accuracy,0.978652,"{""n_neighbors"": 5, ""p"": 2, ""weights"": ""uniform""}"
2026-07-06T16:20:14+00:00,knn,breast_cancer,TPE,0,19,balanced_accuracy,0.958010,"{""n_neighbors"": 13, ""p"": 2, ""weights"": ""distance""}"
2026-07-06T16:20:14+00:00,knn,breast_cancer,TPE,0,20,balanced_accuracy,0.978652,"{""n_neighbors"": 5, ""p"": 2, ""weights"": ""distance""}"
2026-07-06T16:20:14+00:00,knn,breast_cancer,TPE,0,21,balanced_accuracy,0.972875,"{""n_neighbors"": 4, ""p"": 2, ""weights"": ""uniform""}"
2026-07-06T16:20:14+00:00,knn,breast_cancer,TPE,0,22,balanced_accuracy,0.962226,"{""n_neighbors"": 9, ""p"": 2, ""weights"": ""uniform""}"
2026-07-06T16:20:14+00:00,knn,breast_cancer,TPE,0,23,balanced_accuracy,0.978652,"{""n_neighbors"": 5, ""p"": 2, ""weights"": ""uniform""}"
2026-07-06T16:20:14+00:00,knn,breast_cancer,TPE,0,24,balanced_accuracy,0.962296,"{""n_neighbors"": 1, ""p"": 2, ""weights"": ""uniform""}"
2026-07-06T16:20:14+00:00,knn,breast_cancer,TPE,0,25,balanced_accuracy,0.966301,"{""n_neighbors"": 12, ""p"": 2, ""weights"": ""uniform""}"
2026-07-06T16:20:14+00:00,knn,breast_cancer,TPE,0,26,balanced_accuracy,0.969243,"{""n_neighbors"": 8, ""p"": 2, ""weights"": ""uniform""}"
2026-07-06T16:20:14+00:00,knn,breast_cancer,TPE,0,27,balanced_accuracy,0.973974,"{""n_neighbors"": 6, ""p"": 2, ""weights"": ""distance""}"
2026-07-06T16:20:14+00:00,knn,breast_cancer,TPE,0,28,balanced_accuracy,0.955033,"{""n_neighbors"": 15, ""p"": 2, ""weights"": ""uniform""}"
2026-07-06T16:20:14+00:00,knn,breast_cancer,TPE,0,29,balanced_accuracy,0.972167,"{""n_neighbors"": 3, ""p"": 2, ""weights"": ""uniform""}"
2026-07-06T16:20:14+00:00,knn,breast_cancer,TPE,0,30,balanced_accuracy,0.966904,"{""n_neighbors"": 10, ""p"": 2, ""weights"": ""distance""}"
2026-07-06T16:20:14+00:00,knn,breast_cancer,TPE,0,31,balanced_accuracy,0.978652,"{""n_neighbors"": 5, ""p"": 2, ""weights"": ""distance""}"
2026-07-06T16:20:14+00:00,knn,breast_cancer,TPE,0,32,balanced_accuracy,0.970431,"{""n_neighbors"": 4, ""p"": 2, ""weights"": ""distance""}"
2026-07-06T16:20:14+00:00,knn,breast_cancer,TPE,0,33,balanced_accuracy,0.973974,"{""n_neighbors"": 6, ""p"": 2, ""weights"": ""distance""}"
2026-07-06T16:20:14+00:00,knn,breast_cancer,TPE,0,34,balanced_accuracy,0.963414,"{""n_neighbors"": 8, ""p"": 1, ""weights"": ""distance""}"
2026-07-06T16:20:14+00:00,knn,breast_cancer,TPE,0,35,balanced_accuracy,0.972167,"{""n_neighbors"": 3, ""p"": 2, ""weights"": ""distance""}"
2026-07-06T16:20:14+00:00,knn,breast_cancer,TPE,0,36,balanced_accuracy,0.963414,"{""n_neighbors"": 4, ""p"": 1, ""weights"": ""distance""}"
2026-07-06T16:20:14+00:00,knn,breast_cancer,TPE,0,37,balanced_accuracy,0.962296,"{""n_neighbors"": 1, ""p"": 2, ""weights"": ""distance""}"
2026-07-06T16:20:14+00:00,knn,breast_cancer,TPE,0,38,balanced_accuracy,0.940380,"{""n_neighbors"": 28, ""p"": 1, ""weights"": ""distance""}"
2026-07-06T16:20:14+00:00,knn,breast_cancer,TPE,0,39,balanced_accuracy,0.969243,"{""n_neighbors"": 8, ""p"": 2, ""weights"": ""uniform""}"
2026-07-06T16:20:14+00:00,knn,breast_cancer,TPE,0,40,balanced_accuracy,0.965168,"{""n_neighbors"": 10, ""p"": 1, ""weights"": ""distance""}"
2026-07-06T16:20:14+00:00,knn,breast_cancer,TPE,0,41,balanced_accuracy,0.978652,"{""n_neighbors"": 5, ""p"": 2, ""weights"": ""uniform""}"
2026-07-06T16:20:14+00:00,knn,breast_cancer,TPE,0,42,balanced_accuracy,0.975144,"{""n_neighbors"": 6, ""p"": 2, ""weights"": ""uniform""}"
2026-07-06T16:20:14+00:00,knn,breast_cancer,TPE,0,43,balanced_accuracy,0.972167,"{""n_neighbors"": 3, ""p"": 2, ""weights"": ""uniform""}"
2026-07-06T16:20:14+00:00,knn,breast_cancer,TPE,0,44,balanced_accuracy,0.969828,"{""n_neighbors"": 7, ""p"": 2, ""weights"": ""uniform""}"
2026-07-06T16:20:14+00:00,knn,breast_cancer,TPE,0,45,balanced_accuracy,0.978652,"{""n_neighbors"": 5, ""p"": 2, ""weights"": ""uniform""}"
2026-07-06T16:20:14+00:00,knn,breast_cancer,TPE,0,46,balanced_accuracy,0.961889,"{""n_neighbors"": 2, ""p"": 2, ""weights"": ""uniform""}"
2026-07-06T16:20:14+00:00,knn,breast_cancer,TPE,0,47,balanced_accuracy,0.969828,"{""n_neighbors"": 7, ""p"": 2, ""weights"": ""distance""}"
2026-07-06T16:20:14+00:00,knn,breast_cancer,TPE,0,48,balanced_accuracy,0.961004,"{""n_neighbors"": 11, ""p"": 1, ""weights"": ""distance""}"
2026-07-06T16:20:14+00:00,knn,breast_cancer,TPE,0,49,balanced_accuracy,0.962296,"{""n_neighbors"": 2, ""p"": 2, ""weights"": ""distance""}"
2026-07-06T16:20:15+00:00,logreg,breast_cancer,TPE,0,0,balanced_accuracy,0.986359,"{""C"": 1.96282248134428}"
2026-07-06T16:20:15+00:00,logreg,breast_cancer,TPE,0,1,balanced_accuracy,0.976898,"{""C"": 19.549524484259873}"
2026-07-06T16:20:15+00:00,logreg,breast_cancer,TPE,0,2,balanced_accuracy,0.986359,"{""C"": 4.135997393839888}"
2026-07-06T16:20:15+00:00,logreg,breast_cancer,TPE,0,3,balanced_accuracy,0.986359,"{""C"": 1.8590843630169627}"
2026-07-06T16:20:15+00:00,logreg,breast_cancer,TPE,0,4,balanced_accuracy,0.971583,"{""C"": 0.348280208702833}"
2026-07-06T16:20:15+00:00,logreg,breast_cancer,TPE,0,5,balanced_accuracy,0.986359,"{""C"": 7.505241622349544}"
2026-07-06T16:20:15+00:00,logreg,breast_cancer,TPE,0,6,balanced_accuracy,0.974559,"{""C"": 0.4222048983149828}"
2026-07-06T16:20:15+00:00,logreg,breast_cancer,TPE,0,7,balanced_accuracy,0.969987,"{""C"": 224.2012371372442}"
2026-07-06T16:20:15+00:00,logreg,breast_cancer,TPE,0,8,balanced_accuracy,0.971724,"{""C"": 605.3082080079017}"
2026-07-06T16:20:15+00:00,logreg,breast_cancer,TPE,0,9,balanced_accuracy,0.965682,"{""C"": 0.1998246739232945}"
2026-07-06T16:20:15+00:00,logreg,breast_cancer,TPE,0,10,balanced_accuracy,0.790152,"{""C"": 0.00243777399563589}"
2026-07-06T16:20:15+00:00,logreg,breast_cancer,TPE,0,11,balanced_accuracy,0.932018,"{""C"": 0.024002384472191798}"
2026-07-06T16:20:15+00:00,logreg,breast_cancer,TPE,0,12,balanced_accuracy,0.976898,"{""C"": 22.221617978142923}"
2026-07-06T16:20:15+00:00,logreg,breast_cancer,TPE,0,13,balanced_accuracy,0.986359,"{""C"": 3.2994777227108156}"
2026-07-06T16:20:15+00:00,logreg,breast_cancer,TPE,0,14,balanced_accuracy,0.973460,"{""C"": 63.93849722943799}"
2026-07-06T16:20:15+00:00,logreg,breast_cancer,TPE,0,15,balanced_accuracy,0.945006,"{""C"": 0.058772589412190525}"
2026-07-06T16:20:15+00:00,logreg,breast_cancer,TPE,0,16,balanced_accuracy,0.986359,"{""C"": 2.869594441316306}"
2026-07-06T16:20:15+00:00,logreg,breast_cancer,TPE,0,17,balanced_accuracy,0.980407,"{""C"": 0.7704896284667923}"
2026-07-06T16:20:15+00:00,logreg,breast_cancer,TPE,0,18,balanced_accuracy,0.934994,"{""C"": 0.02638736799423933}"
2026-07-06T16:20:15+00:00,logreg,breast_cancer,TPE,0,19,balanced_accuracy,0.971724,"{""C"": 116.74229604950162}"
2026-07-06T16:20:15+00:00,logreg,breast_cancer,TPE,0,20,balanced_accuracy,0.754647,"{""C"": 0.001816445791099883}"
2026-07-06T16:20:15+00:00,logreg,breast_cancer,TPE,0,21,balanced_accuracy,0.986359,"{""C"": 1.788325139961836}"
2026-07-06T16:20:15+00:00,logreg,breast_cancer,TPE,0,22,balanced_accuracy,0.984605,"{""C"": 9.836082049968654}"
2026-07-06T16:20:15+00:00,logreg,breast_cancer,TPE,0,23,balanced_accuracy,0.986359,"{""C"": 1.2980602975439632}"
2026-07-06T16:20:15+00:00,logreg,breast_cancer,TPE,0,24,balanced_accuracy,0.953830,"{""C"": 0.11766367460147015}"
2026-07-06T16:20:15+00:00,logreg,breast_cancer,TPE,0,25,balanced_accuracy,0.986359,"{""C"": 4.4801024128536}"
2026-07-06T16:20:15+00:00,logreg,breast_cancer,TPE,0,26,balanced_accuracy,0.976384,"{""C"": 40.968392773104455}"
2026-07-06T16:20:15+00:00,logreg,breast_cancer,TPE,0,27,balanced_accuracy,0.980407,"{""C"": 0.8069645013525218}"
2026-07-06T16:20:15+00:00,logreg,breast_cancer,TPE,0,28,balanced_accuracy,0.984605,"{""C"": 9.174779137246093}"
2026-07-06T16:20:15+00:00,logreg,breast_cancer,TPE,0,29,balanced_accuracy,0.979874,"{""C"": 20.02584838634325}"
2026-07-06T16:20:15+00:00,logreg,breast_cancer,TPE,0,30,balanced_accuracy,0.887740,"{""C"": 0.007454755343348314}"
2026-07-06T16:20:15+00:00,logreg,breast_cancer,TPE,0,31,balanced_accuracy,0.986359,"{""C"": 6.98298330062897}"
2026-07-06T16:20:15+00:00,logreg,breast_cancer,TPE,0,32,balanced_accuracy,0.986359,"{""C"": 1.7240929623737786}"
2026-07-06T16:20:15+00:00,logreg,breast_cancer,TPE,0,33,balanced_accuracy,0.974559,"{""C"": 0.48699630003223227}"
2026-07-06T16:20:15+00:00,logreg,breast_cancer,TPE,0,34,balanced_accuracy,0.978652,"{""C"": 14.481183269977246}"
2026-07-06T16:20:15+00:00,logreg,breast_cancer,TPE,0,35,balanced_accuracy,0.965682,"{""C"": 0.23731611585504425}"
2026-07-06T16:20:15+00:00,logreg,breast_cancer,TPE,0,36,balanced_accuracy,0.976384,"{""C"": 37.45837656431405}"
2026-07-06T16:20:15+00:00,logreg,breast_cancer,TPE,0,37,balanced_accuracy,0.969987,"{""C"": 471.33230925154794}"
2026-07-06T16:20:15+00:00,logreg,breast_cancer,TPE,0,38,balanced_accuracy,0.986359,"{""C"": 5.210508539666324}"
2026-07-06T16:20:15+00:00,logreg,breast_cancer,TPE,0,39,balanced_accuracy,0.974559,"{""C"": 0.5396579019757174}"
2026-07-06T16:20:15+00:00,logreg,breast_cancer,TPE,0,40,balanced_accuracy,0.971724,"{""C"": 176.04071820072272}"
2026-07-06T16:20:15+00:00,logreg,breast_cancer,TPE,0,41,balanced_accuracy,0.986359,"{""C"": 3.078828566056752}"
2026-07-06T16:20:15+00:00,logreg,breast_cancer,TPE,0,42,balanced_accuracy,0.986359,"{""C"": 2.978895008606948}"
2026-07-06T16:20:15+00:00,logreg,breast_cancer,TPE,0,43,balanced_accuracy,0.986359,"{""C"": 1.1476769985070239}"
2026-07-06T16:20:15+00:00,logreg,breast_cancer,TPE,0,44,balanced_accuracy,0.965682,"{""C"": 0.241706933025284}"
2026-07-06T16:20:15+00:00,logreg,breast_cancer,TPE,0,45,balanced_accuracy,0.981629,"{""C"": 10.89551480698357}"
2026-07-06T16:20:15+00:00,logreg,breast_cancer,TPE,0,46,balanced_accuracy,0.986359,"{""C"": 2.422244602125345}"
2026-07-06T16:20:15+00:00,logreg,breast_cancer,TPE,0,47,balanced_accuracy,0.986359,"{""C"": 5.361433765162412}"
2026-07-06T16:20:15+00:00,logreg,breast_cancer,TPE,0,48,balanced_accuracy,0.953830,"{""C"": 0.11776660447697467}"
2026-07-06T16:20:15+00:00,logreg,breast_cancer,TPE,0,49,balanced_accuracy,0.975162,"{""C"": 32.35700270714198}"
2026-07-06T16:21:01+00:00,mlp,breast_cancer,TPE,0,0,balanced_accuracy,0.972220,"{""alpha"": 0.0037665768415992965, ""hidden_layer_sizes"": [19], ""learning_rate_init"": 0.006431172050131994}"
2026-07-06T16:21:01+00:00,mlp,breast_cancer,TPE,0,1,balanced_accuracy,0.971724,"{""alpha"": 0.0001313028028065861, ""hidden_layer_sizes"": [18], ""learning_rate_init"": 0.008663279761354562}"
2026-07-06T16:21:01+00:00,mlp,breast_cancer,TPE,0,2,balanced_accuracy,0.970413,"{""alpha"": 0.028765041432546982, ""hidden_layer_sizes"": [15], ""learning_rate_init"": 0.07780155576901421}"
2026-07-06T16:21:01+00:00,mlp,breast_cancer,TPE,0,3,balanced_accuracy,0.975144,"{""alpha"": 0.009091283280651459, ""hidden_layer_sizes"": [13], ""learning_rate_init"": 0.003860866271460547}"
2026-07-06T16:21:01+00:00,mlp,breast_cancer,TPE,0,4,balanced_accuracy,0.945181,"{""alpha"": 0.04246031301768214, ""hidden_layer_sizes"": [19], ""learning_rate_init"": 0.00016334587611069497}"
2026-07-06T16:21:01+00:00,mlp,breast_cancer,TPE,0,5,balanced_accuracy,0.971705,"{""alpha"": 1.2620948285169311e-06, ""hidden_layer_sizes"": [4], ""learning_rate_init"": 0.03146730406166007}"
2026-07-06T16:21:01+00:00,mlp,breast_cancer,TPE,0,6,balanced_accuracy,0.968711,"{""alpha"": 0.022390342721683703, ""hidden_layer_sizes"": [26], ""learning_rate_init"": 0.08626905220714905}"
2026-07-06T16:21:01+00:00,mlp,breast_cancer,TPE,0,7,balanced_accuracy,0.973974,"{""alpha"": 0.00020295362430434728, ""hidden_layer_sizes"": [26], ""learning_rate_init"": 0.02195773446539457}"
2026-07-06T16:21:01+00:00,mlp,breast_cancer,TPE,0,8,balanced_accuracy,0.931926,"{""alpha"": 0.0015834527427829746, ""hidden_layer_sizes"": [5], ""learning_rate_init"": 0.00026919058249260725}"
2026-07-06T16:21:01+00:00,mlp,breast_cancer,TPE,0,9,balanced_accuracy,0.970465,"{""alpha"": 0.0004066695065393846, ""hidden_layer_sizes"": [31], ""learning_rate_init"": 0.0017538232373118048}"
2026-07-06T16:21:01+00:00,mlp,breast_cancer,TPE,0,10,balanced_accuracy,0.966852,"{""alpha"": 6.248916485226068e-06, ""hidden_layer_sizes"": [9], ""learning_rate_init"": 0.0008416384318991261}"
2026-07-06T16:21:01+00:00,mlp,breast_cancer,TPE,0,11,balanced_accuracy,0.970431,"{""alpha"": 8.191276728845856e-05, ""hidden_layer_sizes"": [24], ""learning_rate_init"": 0.009805573180947777}"
2026-07-06T16:21:01+00:00,mlp,breast_cancer,TPE,0,12,balanced_accuracy,0.973441,"{""alpha"": 2.4571215061563134e-05, ""hidden_layer_sizes"": [11], ""learning_rate_init"": 0.0025655286492729463}"
2026-07-06T16:21:01+00:00,mlp,breast_cancer,TPE,0,13,balanced_accuracy,0.966372,"{""alpha"": 0.004599201751234198, ""hidden_layer_sizes"": [32], ""learning_rate_init"": 0.022020365368192775}"
2026-07-06T16:21:01+00:00,mlp,breast_cancer,TPE,0,14,balanced_accuracy,0.973441,"{""alpha"": 0.0007754008822131339, ""hidden_layer_sizes"": [25], ""learning_rate_init"": 0.0031322367858623106}"
2026-07-06T16:21:01+00:00,mlp,breast_cancer,TPE,0,15,balanced_accuracy,0.967437,"{""alpha"": 0.006240746903912361, ""hidden_layer_sizes"": [12], ""learning_rate_init"": 0.024740889070481695}"
2026-07-06T16:21:01+00:00,mlp,breast_cancer,TPE,0,16,balanced_accuracy,0.962226,"{""alpha"": 0.0804410469361499, ""hidden_layer_sizes"": [28], ""learning_rate_init"": 0.0007433506317733768}"
2026-07-06T16:21:01+00:00,mlp,breast_cancer,TPE,0,17,balanced_accuracy,0.973441,"{""alpha"": 3.140457025386941e-05, ""hidden_layer_sizes"": [22], ""learning_rate_init"": 0.005493045340935076}"
2026-07-06T16:21:01+00:00,mlp,breast_cancer,TPE,0,18,balanced_accuracy,0.972290,"{""alpha"": 0.00019924906467250097, ""hidden_layer_sizes"": [2], ""learning_rate_init"": 0.014548632678080702}"
2026-07-06T16:21:01+00:00,mlp,breast_cancer,TPE,0,19,balanced_accuracy,0.969969,"{""alpha"": 0.010888999643751096, ""hidden_layer_sizes"": [14], ""learning_rate_init"": 0.03874907818667239}"
2026-07-06T16:21:01+00:00,mlp,breast_cancer,TPE,0,20,balanced_accuracy,0.969828,"{""alpha"": 0.001442918496384518, ""hidden_layer_sizes"": [8], ""learning_rate_init"": 0.00109078501473774}"
2026-07-06T16:21:01+00:00,mlp,breast_cancer,TPE,0,21,balanced_accuracy,0.970465,"{""alpha"": 1.8364569952181183e-05, ""hidden_layer_sizes"": [9], ""learning_rate_init"": 0.003503014947626371}"
2026-07-06T16:21:01+00:00,mlp,breast_cancer,TPE,0,22,balanced_accuracy,0.968711,"{""alpha"": 6.277218548234605e-06, ""hidden_layer_sizes"": [12], ""learning_rate_init"": 0.002567624422501057}"
2026-07-06T16:21:01+00:00,mlp,breast_cancer,TPE,0,23,balanced_accuracy,0.966904,"{""alpha"": 4.1338359186490924e-05, ""hidden_layer_sizes"": [16], ""learning_rate_init"": 0.0005740665748237048}"
2026-07-06T16:21:01+00:00,mlp,breast_cancer,TPE,0,24,balanced_accuracy,0.975196,"{""alpha"": 7.739386641788635e-06, ""hidden_layer_sizes"": [22], ""learning_rate_init"": 0.0014183579945080504}"
2026-07-06T16:21:01+00:00,mlp,breast_cancer,TPE,0,25,balanced_accuracy,0.948034,"{""alpha"": 1.0711194230679387e-06, ""hidden_layer_sizes"": [22], ""learning_rate_init"": 0.00028790622574266956}"
2026-07-06T16:21:01+00:00,mlp,breast_cancer,TPE,0,26,balanced_accuracy,0.970465,"{""alpha"": 4.468886403374594e-06, ""hidden_layer_sizes"": [28], ""learning_rate_init"": 0.00130985036346919}"
2026-07-06T16:21:01+00:00,mlp,breast_cancer,TPE,0,27,balanced_accuracy,0.956273,"{""alpha"": 0.00045954695713679644, ""hidden_layer_sizes"": [22], ""learning_rate_init"": 0.0004836935918000133}"
2026-07-06T16:21:01+00:00,mlp,breast_cancer,TPE,0,28,balanced_accuracy,0.973956,"{""alpha"": 1.0860803248347573e-05, ""hidden_layer_sizes"": [28], ""learning_rate_init"": 0.013884019283690536}"
2026-07-06T16:21:01+00:00,mlp,breast_cancer,TPE,0,29,balanced_accuracy,0.973441,"{""alpha"": 2.3099139664547357e-06, ""hidden_layer_sizes"": [21], ""learning_rate_init"": 0.006817639980347602}"
2026-07-06T16:21:01+00:00,mlp,breast_cancer,TPE,0,30,balanced_accuracy,0.966975,"{""alpha"": 0.0019624176006812527, ""hidden_layer_sizes"": [17], ""learning_rate_init"": 0.005039619409131909}"
2026-07-06T16:21:01+00:00,mlp,breast_cancer,TPE,0,31,balanced_accuracy,0.972220,"{""alpha"": 1.7308055189388752e-05, ""hidden_layer_sizes"": [28], ""learning_rate_init"": 0.013364313206309208}"
2026-07-06T16:21:01+00:00,mlp,breast_cancer,TPE,0,32,balanced_accuracy,0.963805,"{""alpha"": 7.755046515890722e-05, ""hidden_layer_sizes"": [30], ""learning_rate_init"": 0.04384762353406556}"
2026-07-06T16:21:01+00:00,mlp,breast_cancer,TPE,0,33,balanced_accuracy,0.956469,"{""alpha"": 0.00023031733056241933, ""hidden_layer_sizes"": [24], ""learning_rate_init"": 0.014035051265294406}"
2026-07-06T16:21:01+00:00,mlp,breast_cancer,TPE,0,34,balanced_accuracy,0.976365,"{""alpha"": 1.0527980368417455e-05, ""hidden_layer_sizes"": [20], ""learning_rate_init"": 0.008603317391735003}"
2026-07-06T16:21:01+00:00,mlp,breast_cancer,TPE,0,35,balanced_accuracy,0.967455,"{""alpha"": 5.612309832520904e-05, ""hidden_layer_sizes"": [18], ""learning_rate_init"": 0.0019521181339828028}"
2026-07-06T16:21:01+00:00,mlp,breast_cancer,TPE,0,36,balanced_accuracy,0.968711,"{""alpha"": 2.4724116295870484e-06, ""hidden_layer_sizes"": [20], ""learning_rate_init"": 0.05778752080861343}"
2026-07-06T16:21:01+00:00,mlp,breast_cancer,TPE,0,37,balanced_accuracy,0.972167,"{""alpha"": 1.1835651348401052e-05, ""hidden_layer_sizes"": [19], ""learning_rate_init"": 0.009195012759847881}"
2026-07-06T16:21:01+00:00,mlp,breast_cancer,TPE,0,38,balanced_accuracy,0.964531,"{""alpha"": 2.936206232155072e-06, ""hidden_layer_sizes"": [15], ""learning_rate_init"": 0.00491547113286682}"
2026-07-06T16:21:01+00:00,mlp,breast_cancer,TPE,0,39,balanced_accuracy,0.971705,"{""alpha"": 0.013598552175505868, ""hidden_layer_sizes"": [26], ""learning_rate_init"": 0.02461117970901578}"
2026-07-06T16:21:01+00:00,mlp,breast_cancer,TPE,0,40,balanced_accuracy,0.966372,"{""alpha"": 0.00012880799432554523, ""hidden_layer_sizes"": [24], ""learning_rate_init"": 0.004284298213402166}"
2026-07-06T16:21:01+00:00,mlp,breast_cancer,TPE,0,41,balanced_accuracy,0.968108,"{""alpha"": 8.584808034370528e-06, ""hidden_layer_sizes"": [29], ""learning_rate_init"": 0.007572188154593577}"
2026-07-06T16:21:01+00:00,mlp,breast_cancer,TPE,0,42,balanced_accuracy,0.976950,"{""alpha"": 1.5237226220425698e-05, ""hidden_layer_sizes"": [27], ""learning_rate_init"": 0.01139084270537612}"
2026-07-06T16:21:01+00:00,mlp,breast_cancer,TPE,0,43,balanced_accuracy,0.975178,"{""alpha"": 3.5272683415082277e-06, ""hidden_layer_sizes"": [26], ""learning_rate_init"": 0.020245949583157286}"
2026-07-06T16:21:01+00:00,mlp,breast_cancer,TPE,0,44,balanced_accuracy,0.975196,"{""alpha"": 4.173908094006173e-06, ""hidden_layer_sizes"": [23], ""learning_rate_init"": 0.0015582647842231412}"
2026-07-06T16:21:01+00:00,mlp,breast_cancer,TPE,0,45,balanced_accuracy,0.936482,"{""alpha"": 4.184222701355306e-06, ""hidden_layer_sizes"": [26], ""learning_rate_init"": 0.00015563248963125067}"
2026-07-06T16:21:01+00:00,mlp,breast_cancer,TPE,0,46,balanced_accuracy,0.975196,"{""alpha"": 1.4534462418473203e-05, ""hidden_layer_sizes"": [23], ""learning_rate_init"": 0.001593235646494597}"
2026-07-06T16:21:01+00:00,mlp,breast_cancer,TPE,0,47,balanced_accuracy,0.976950,"{""alpha"": 1.592844891702191e-05, ""hidden_layer_sizes"": [23], ""learning_rate_init"": 0.0012879011900834533}"
2026-07-06T16:21:01+00:00,mlp,breast_cancer,TPE,0,48,balanced_accuracy,0.964547,"{""alpha"": 1.740321048421687e-06, ""hidden_layer_sizes"": [20], ""learning_rate_init"": 0.0002906223230753333}"
2026-07-06T16:21:01+00:00,mlp,breast_cancer,TPE,0,49,balanced_accuracy,0.965716,"{""alpha"": 6.322698029714351e-06, ""hidden_layer_sizes"": [20], ""learning_rate_init"": 0.0004407522061768582}"
2026-07-06T16:22:25+00:00,rf,breast_cancer,TPE,0,0,balanced_accuracy,0.954216,"{""max_depth"": 15, ""max_features"": null, ""min_samples_split"": 13, ""n_estimators"": 297}"
2026-07-06T16:22:25+00:00,rf,breast_cancer,TPE,0,1,balanced_accuracy,0.955934,"{""max_depth"": 18, ""max_features"": ""log2"", ""min_samples_split"": 20, ""n_estimators"": 247}"
2026-07-06T16:22:25+00:00,rf,breast_cancer,TPE,0,2,balanced_accuracy,0.952462,"{""max_depth"": 19, ""max_features"": null, ""min_samples_split"": 3, ""n_estimators"": 306}"
2026-07-06T16:22:25+00:00,rf,breast_cancer,TPE,0,3,balanced_accuracy,0.954198,"{""max_depth"": 18, ""max_features"": ""sqrt"", ""min_samples_split"": 20, ""n_estimators"": 400}"
2026-07-06T16:22:25+00:00,rf,breast_cancer,TPE,0,4,balanced_accuracy,0.959461,"{""max_depth"": 14, ""max_features"": ""sqrt"", ""min_samples_split"": 4, ""n_estimators"": 103}"
2026-07-06T16:22:25+00:00,rf,breast_cancer,TPE,0,5,balanced_accuracy,0.957707,"{""max_depth"": 16, ""max_features"": null, ""min_samples_split"": 10, ""n_estimators"": 169}"
2026-07-06T16:22:25+00:00,rf,breast_cancer,TPE,0,6,balanced_accuracy,0.954198,"{""max_depth"": 13, ""max_features"": ""sqrt"", ""min_samples_split"": 19, ""n_estimators"": 326}"
2026-07-06T16:22:25+00:00,rf,breast_cancer,TPE,0,7,balanced_accuracy,0.959425,"{""max_depth"": 3, ""max_features"": ""sqrt"", ""min_samples_split"": 14, ""n_estimators"": 364}"
2026-07-06T16:22:25+00:00,rf,breast_cancer,TPE,0,8,balanced_accuracy,0.961179,"{""max_depth"": 8, ""max_features"": ""log2"", ""min_samples_split"": 12, ""n_estimators"": 192}"
2026-07-06T16:22:25+00:00,rf,breast_cancer,TPE,0,9,balanced_accuracy,0.959425,"{""max_depth"": 5, ""max_features"": ""log2"", ""min_samples_split"": 14, ""n_estimators"": 144}"
2026-07-06T16:22:25+00:00,rf,breast_cancer,TPE,0,10,balanced_accuracy,0.961197,"{""max_depth"": 9, ""max_features"": ""log2"", ""min_samples_split"": 7, ""n_estimators"": 474}"
2026-07-06T16:22:25+00:00,rf,breast_cancer,TPE,0,11,balanced_accuracy,0.964173,"{""max_depth"": 9, ""max_features"": ""log2"", ""min_samples_split"": 8, ""n_estimators"": 478}"
2026-07-06T16:22:25+00:00,rf,breast_cancer,TPE,0,12,balanced_accuracy,0.959443,"{""max_depth"": 10, ""max_features"": ""log2"", ""min_samples_split"": 7, ""n_estimators"": 499}"
2026-07-06T16:22:25+00:00,rf,breast_cancer,TPE,0,13,balanced_accuracy,0.961197,"{""max_depth"": 9, ""max_features"": ""log2"", ""min_samples_split"": 7, ""n_estimators"": 500}"
2026-07-06T16:22:25+00:00,rf,breast_cancer,TPE,0,14,balanced_accuracy,0.961197,"{""max_depth"": 11, ""max_features"": ""log2"", ""min_samples_split"": 7, ""n_estimators"": 436}"
2026-07-06T16:22:25+00:00,rf,breast_cancer,TPE,0,15,balanced_accuracy,0.961179,"{""max_depth"": 6, ""max_features"": ""log2"", ""min_samples_split"": 10, ""n_estimators"": 443}"
2026-07-06T16:22:25+00:00,rf,breast_cancer,TPE,0,16,balanced_accuracy,0.961197,"{""max_depth"": 7, ""max_features"": ""log2"", ""min_samples_split"": 6, ""n_estimators"": 444}"
2026-07-06T16:22:25+00:00,rf,breast_cancer,TPE,0,17,balanced_accuracy,0.961179,"{""max_depth"": 12, ""max_features"": ""log2"", ""min_samples_split"": 10, ""n_estimators"": 383}"
2026-07-06T16:22:25+00:00,rf,breast_cancer,TPE,0,18,balanced_accuracy,0.961179,"{""max_depth"": 3, ""max_features"": ""log2"", ""min_samples_split"": 2, ""n_estimators"": 462}"
2026-07-06T16:22:25+00:00,rf,breast_cancer,TPE,0,19,balanced_accuracy,0.954216,"{""max_depth"": 5, ""max_features"": null, ""min_samples_split"": 5, ""n_estimators"": 408}"
2026-07-06T16:22:25+00:00,rf,breast_cancer,TPE,0,20,balanced_accuracy,0.957670,"{""max_depth"": 10, ""max_features"": ""log2"", ""min_samples_split"": 16, ""n_estimators"": 338}"
2026-07-06T16:22:25+00:00,rf,breast_cancer,TPE,0,21,balanced_accuracy,0.959443,"{""max_depth"": 9, ""max_features"": ""log2"", ""min_samples_split"": 8, ""n_estimators"": 492}"
2026-07-06T16:22:25+00:00,rf,breast_cancer,TPE,0,22,balanced_accuracy,0.962419,"{""max_depth"": 8, ""max_features"": ""log2"", ""min_samples_split"": 9, ""n_estimators"": 499}"
2026-07-06T16:22:25+00:00,rf,breast_cancer,TPE,0,23,balanced_accuracy,0.961197,"{""max_depth"": 7, ""max_features"": ""log2"", ""min_samples_split"": 9, ""n_estimators"": 463}"
2026-07-06T16:22:25+00:00,rf,breast_cancer,TPE,0,24,balanced_accuracy,0.959443,"{""max_depth"": 12, ""max_features"": ""log2"", ""min_samples_split"": 11, ""n_estimators"": 424}"
2026-07-06T16:22:25+00:00,rf,breast_cancer,TPE,0,25,balanced_accuracy,0.961197,"{""max_depth"": 8, ""max_features"": ""log2"", ""min_samples_split"": 5, ""n_estimators"": 471}"
2026-07-06T16:22:25+00:00,rf,breast_cancer,TPE,0,26,balanced_accuracy,0.962933,"{""max_depth"": 5, ""max_features"": ""log2"", ""min_samples_split"": 8, ""n_estimators"": 373}"
2026-07-06T16:22:25+00:00,rf,breast_cancer,TPE,0,27,balanced_accuracy,0.954057,"{""max_depth"": 2, ""max_features"": ""log2"", ""min_samples_split"": 9, ""n_estimators"": 261}"
2026-07-06T16:22:25+00:00,rf,breast_cancer,TPE,0,28,balanced_accuracy,0.957688,"{""max_depth"": 5, ""max_features"": ""sqrt"", ""min_samples_split"": 12, ""n_estimators"": 364}"
2026-07-06T16:22:25+00:00,rf,breast_cancer,TPE,0,29,balanced_accuracy,0.955952,"{""max_depth"": 4, ""max_features"": null, ""min_samples_split"": 9, ""n_estimators"": 50}"
2026-07-06T16:22:25+00:00,rf,breast_cancer,TPE,0,30,balanced_accuracy,0.952462,"{""max_depth"": 7, ""max_features"": null, ""min_samples_split"": 16, ""n_estimators"": 273}"
2026-07-06T16:22:25+00:00,rf,breast_cancer,TPE,0,31,balanced_accuracy,0.961197,"{""max_depth"": 9, ""max_features"": ""log2"", ""min_samples_split"": 8, ""n_estimators"": 469}"
2026-07-06T16:22:25+00:00,rf,breast_cancer,TPE,0,32,balanced_accuracy,0.961197,"{""max_depth"": 11, ""max_features"": ""log2"", ""min_samples_split"": 5, ""n_estimators"": 407}"
2026-07-06T16:22:25+00:00,rf,breast_cancer,TPE,0,33,balanced_accuracy,0.961197,"{""max_depth"": 6, ""max_features"": ""log2"", ""min_samples_split"": 6, ""n_estimators"": 373}"
2026-07-06T16:22:25+00:00,rf,breast_cancer,TPE,0,34,balanced_accuracy,0.959443,"{""max_depth"": 8, ""max_features"": ""log2"", ""min_samples_split"": 8, ""n_estimators"": 426}"
2026-07-06T16:22:25+00:00,rf,breast_cancer,TPE,0,35,balanced_accuracy,0.959443,"{""max_depth"": 16, ""max_features"": ""log2"", ""min_samples_split"": 4, ""n_estimators"": 337}"
2026-07-06T16:22:25+00:00,rf,breast_cancer,TPE,0,36,balanced_accuracy,0.959443,"{""max_depth"": 20, ""max_features"": ""log2"", ""min_samples_split"": 11, ""n_estimators"": 470}"
2026-07-06T16:22:25+00:00,rf,breast_cancer,TPE,0,37,balanced_accuracy,0.959443,"{""max_depth"": 10, ""max_features"": ""sqrt"", ""min_samples_split"": 6, ""n_estimators"": 233}"
2026-07-06T16:22:25+00:00,rf,breast_cancer,TPE,0,38,balanced_accuracy,0.952462,"{""max_depth"": 14, ""max_features"": null, ""min_samples_split"": 3, ""n_estimators"": 297}"
2026-07-06T16:22:25+00:00,rf,breast_cancer,TPE,0,39,balanced_accuracy,0.957688,"{""max_depth"": 6, ""max_features"": ""sqrt"", ""min_samples_split"": 11, ""n_estimators"": 384}"
2026-07-06T16:22:25+00:00,rf,breast_cancer,TPE,0,40,balanced_accuracy,0.957688,"{""max_depth"": 4, ""max_features"": ""log2"", ""min_samples_split"": 13, ""n_estimators"": 480}"
2026-07-06T16:22:25+00:00,rf,breast_cancer,TPE,0,41,balanced_accuracy,0.961197,"{""max_depth"": 9, ""max_features"": ""log2"", ""min_samples_split"": 7, ""n_estimators"": 495}"
2026-07-06T16:22:25+00:00,rf,breast_cancer,TPE,0,42,balanced_accuracy,0.964173,"{""max_depth"": 8, ""max_features"": ""log2"", ""min_samples_split"": 8, ""n_estimators"": 449}"
2026-07-06T16:22:25+00:00,rf,breast_cancer,TPE,0,43,balanced_accuracy,0.962419,"{""max_depth"": 8, ""max_features"": ""log2"", ""min_samples_split"": 9, ""n_estimators"": 447}"
2026-07-06T16:22:25+00:00,rf,breast_cancer,TPE,0,44,balanced_accuracy,0.962419,"{""max_depth"": 7, ""max_features"": ""log2"", ""min_samples_split"": 9, ""n_estimators"": 447}"
2026-07-06T16:22:25+00:00,rf,breast_cancer,TPE,0,45,balanced_accuracy,0.959443,"{""max_depth"": 8, ""max_features"": ""log2"", ""min_samples_split"": 8, ""n_estimators"": 415}"
2026-07-06T16:22:25+00:00,rf,breast_cancer,TPE,0,46,balanced_accuracy,0.959443,"{""max_depth"": 11, ""max_features"": ""log2"", ""min_samples_split"": 10, ""n_estimators"": 391}"
2026-07-06T16:22:25+00:00,rf,breast_cancer,TPE,0,47,balanced_accuracy,0.954198,"{""max_depth"": 6, ""max_features"": ""sqrt"", ""min_samples_split"": 12, ""n_estimators"": 450}"
2026-07-06T16:22:25+00:00,rf,breast_cancer,TPE,0,48,balanced_accuracy,0.961179,"{""max_depth"": 4, ""max_features"": ""log2"", ""min_samples_split"": 10, ""n_estimators"": 355}"
2026-07-06T16:22:25+00:00,rf,breast_cancer,TPE,0,49,balanced_accuracy,0.964173,"{""max_depth"": 8, ""max_features"": ""log2"", ""min_samples_split"": 8, ""n_estimators"": 318}"
2026-07-06T16:22:25+00:00,svm_linear,breast_cancer,TPE,0,0,balanced_accuracy,0.983435,"{""C"": 1.96282248134428}"
2026-07-06T16:22:25+00:00,svm_linear,breast_cancer,TPE,0,1,balanced_accuracy,0.971671,"{""C"": 19.549524484259873}"
2026-07-06T16:22:25+00:00,svm_linear,breast_cancer,TPE,0,2,balanced_accuracy,0.975676,"{""C"": 4.135997393839888}"
2026-07-06T16:22:25+00:00,svm_linear,breast_cancer,TPE,0,3,balanced_accuracy,0.986359,"{""C"": 1.8590843630169627}"
2026-07-06T16:22:25+00:00,svm_linear,breast_cancer,TPE,0,4,balanced_accuracy,0.983435,"{""C"": 0.348280208702833}"
2026-07-06T16:22:25+00:00,svm_linear,breast_cancer,TPE,0,5,balanced_accuracy,0.978120,"{""C"": 7.505241622349544}"
2026-07-06T16:22:25+00:00,svm_linear,breast_cancer,TPE,0,6,balanced_accuracy,0.983435,"{""C"": 0.4222048983149828}"
2026-07-06T16:22:25+00:00,svm_linear,breast_cancer,TPE,0,7,balanced_accuracy,0.964761,"{""C"": 224.2012371372442}"
2026-07-06T16:22:25+00:00,svm_linear,breast_cancer,TPE,0,8,balanced_accuracy,0.964761,"{""C"": 605.3082080079017}"
2026-07-06T16:22:25+00:00,svm_linear,breast_cancer,TPE,0,9,balanced_accuracy,0.974044,"{""C"": 0.1998246739232945}"
2026-07-06T16:22:25+00:00,svm_linear,breast_cancer,TPE,0,10,balanced_accuracy,0.887636,"{""C"": 0.00243777399563589}"
2026-07-06T16:22:25+00:00,svm_linear,breast_cancer,TPE,0,11,balanced_accuracy,0.956858,"{""C"": 0.025052515810946994}"
2026-07-06T16:22:25+00:00,svm_linear,breast_cancer,TPE,0,12,balanced_accuracy,0.986359,"{""C"": 1.8080891097511027}"
2026-07-06T16:22:25+00:00,svm_linear,breast_cancer,TPE,0,13,balanced_accuracy,0.973426,"{""C"": 23.70861010201569}"
2026-07-06T16:22:25+00:00,svm_linear,breast_cancer,TPE,0,14,balanced_accuracy,0.958028,"{""C"": 0.037109651167789484}"
2026-07-06T16:22:25+00:00,svm_linear,breast_cancer,TPE,0,15,balanced_accuracy,0.966497,"{""C"": 64.93626075567352}"
2026-07-06T16:22:25+00:00,svm_linear,breast_cancer,TPE,0,16,balanced_accuracy,0.980459,"{""C"": 0.623932484405336}"
2026-07-06T16:22:25+00:00,svm_linear,breast_cancer,TPE,0,17,balanced_accuracy,0.968606,"{""C"": 0.06638724445827252}"
2026-07-06T16:22:25+00:00,svm_linear,breast_cancer,TPE,0,18,balanced_accuracy,0.890612,"{""C"": 0.002624910794281691}"
2026-07-06T16:22:25+00:00,svm_linear,breast_cancer,TPE,0,19,balanced_accuracy,0.981151,"{""C"": 1.1463322214050118}"
2026-07-06T16:22:25+00:00,svm_linear,breast_cancer,TPE,0,20,balanced_accuracy,0.934942,"{""C"": 0.008727457321431304}"
2026-07-06T16:22:25+00:00,svm_linear,breast_cancer,TPE,0,21,balanced_accuracy,0.980511,"{""C"": 2.3350355495278743}"
2026-07-06T16:22:25+00:00,svm_linear,breast_cancer,TPE,0,22,balanced_accuracy,0.978120,"{""C"": 8.863821226780974}"
2026-07-06T16:22:25+00:00,svm_linear,breast_cancer,TPE,0,23,balanced_accuracy,0.982887,"{""C"": 1.4782727135072835}"
2026-07-06T16:22:25+00:00,svm_linear,breast_cancer,TPE,0,24,balanced_accuracy,0.973974,"{""C"": 0.11996307339721558}"
2026-07-06T16:22:25+00:00,svm_linear,breast_cancer,TPE,0,25,balanced_accuracy,0.970006,"{""C"": 45.07015413649764}"
2026-07-06T16:22:25+00:00,svm_linear,breast_cancer,TPE,0,26,balanced_accuracy,0.978652,"{""C"": 3.598846597710123}"
2026-07-06T16:22:25+00:00,svm_linear,breast_cancer,TPE,0,27,balanced_accuracy,0.985863,"{""C"": 1.0215866807635365}"
2026-07-06T16:22:25+00:00,svm_linear,breast_cancer,TPE,0,28,balanced_accuracy,0.987599,"{""C"": 0.891094670013056}"
2026-07-06T16:22:25+00:00,svm_linear,breast_cancer,TPE,0,29,balanced_accuracy,0.976968,"{""C"": 0.22923364741852548}"
2026-07-06T16:22:25+00:00,svm_linear,breast_cancer,TPE,0,30,balanced_accuracy,0.976384,"{""C"": 13.120231334698573}"
2026-07-06T16:22:25+00:00,svm_linear,breast_cancer,TPE,0,31,balanced_accuracy,0.987599,"{""C"": 0.8061712153717815}"
2026-07-06T16:22:25+00:00,svm_linear,breast_cancer,TPE,0,32,balanced_accuracy,0.983383,"{""C"": 2.496445696004935}"
2026-07-06T16:22:25+00:00,svm_linear,breast_cancer,TPE,0,33,balanced_accuracy,0.985863,"{""C"": 0.9854731537166154}"
2026-07-06T16:22:25+00:00,svm_linear,breast_cancer,TPE,0,34,balanced_accuracy,0.973922,"{""C"": 4.8895431977553905}"
2026-07-06T16:22:25+00:00,svm_linear,breast_cancer,TPE,0,35,balanced_accuracy,0.983435,"{""C"": 0.4779616300195293}"
2026-07-06T16:22:25+00:00,svm_linear,breast_cancer,TPE,0,36,balanced_accuracy,0.977535,"{""C"": 0.10567508428017551}"
2026-07-06T16:22:25+00:00,svm_linear,breast_cancer,TPE,0,37,balanced_accuracy,0.973426,"{""C"": 22.58019397842978}"
2026-07-06T16:22:25+00:00,svm_linear,breast_cancer,TPE,0,38,balanced_accuracy,0.979874,"{""C"": 5.282812116577715}"
2026-07-06T16:22:25+00:00,svm_linear,breast_cancer,TPE,0,39,balanced_accuracy,0.975781,"{""C"": 0.281603555974074}"
2026-07-06T16:22:25+00:00,svm_linear,breast_cancer,TPE,0,40,balanced_accuracy,0.980459,"{""C"": 0.6129162445600516}"
2026-07-06T16:22:25+00:00,svm_linear,breast_cancer,TPE,0,41,balanced_accuracy,0.979911,"{""C"": 1.3641708707484572}"
2026-07-06T16:22:25+00:00,svm_linear,breast_cancer,TPE,0,42,balanced_accuracy,0.983383,"{""C"": 2.854073717752285}"
2026-07-06T16:22:25+00:00,svm_linear,breast_cancer,TPE,0,43,balanced_accuracy,0.981151,"{""C"": 1.0872023482402842}"
2026-07-06T16:22:25+00:00,svm_linear,breast_cancer,TPE,0,44,balanced_accuracy,0.976384,"{""C"": 9.435280881117453}"
2026-07-06T16:22:25+00:00,svm_linear,breast_cancer,TPE,0,45,balanced_accuracy,0.975728,"{""C"": 0.14910538404158077}"
2026-07-06T16:22:25+00:00,svm_linear,breast_cancer,TPE,0,46,balanced_accuracy,0.981699,"{""C"": 0.6891729699440307}"
2026-07-06T16:22:25+00:00,svm_linear,breast_cancer,TPE,0,47,balanced_accuracy,0.983435,"{""C"": 0.36588000098933987}"
2026-07-06T16:22:25+00:00,svm_linear,breast_cancer,TPE,0,48,balanced_accuracy,0.965682,"{""C"": 0.064868314244759}"
2026-07-06T16:22:25+00:00,svm_linear,breast_cancer,TPE,0,49,balanced_accuracy,0.964761,"{""C"": 194.01186043832183}"
2026-07-06T16:22:26+00:00,svm_rbf,breast_cancer,TPE,0,0,balanced_accuracy,0.962281,"{""C"": 1.96282248134428, ""gamma"": 0.3766576841599298}"
2026-07-06T16:22:26+00:00,svm_rbf,breast_cancer,TPE,0,1,balanced_accuracy,0.981699,"{""C"": 4.135997393839888, ""gamma"": 0.05301709347576828}"
2026-07-06T16:22:26+00:00,svm_rbf,breast_cancer,TPE,0,2,balanced_accuracy,0.966338,"{""C"": 0.348280208702833, ""gamma"": 0.1696174638729098}"
2026-07-06T16:22:26+00:00,svm_rbf,breast_cancer,TPE,0,3,balanced_accuracy,0.500000,"{""C"": 0.4222048983149828, ""gamma"": 2.8765041432546945}"
2026-07-06T16:22:26+00:00,svm_rbf,breast_cancer,TPE,0,4,balanced_accuracy,0.975162,"{""C"": 605.3082080079017, ""gamma"": 0.008264328927007725}"
2026-07-06T16:22:26+00:00,svm_rbf,breast_cancer,TPE,0,5,balanced_accuracy,0.969776,"{""C"": 56.27949975223143, ""gamma"": 0.04410365667970985}"
2026-07-06T16:22:26+00:00,svm_rbf,breast_cancer,TPE,0,6,balanced_accuracy,0.502976,"{""C"": 2.5601615250028704, ""gamma"": 4.246031301768208}"
2026-07-06T16:22:26+00:00,svm_rbf,breast_cancer,TPE,0,7,balanced_accuracy,0.500000,"{""C"": 0.002668187524237051, ""gamma"": 0.00027267573880087313}"
2026-07-06T16:22:26+00:00,svm_rbf,breast_cancer,TPE,0,8,balanced_accuracy,0.500000,"{""C"": 0.001322240284589594, ""gamma"": 1.4557916623227765}"
2026-07-06T16:22:26+00:00,svm_rbf,breast_cancer,TPE,0,9,balanced_accuracy,0.700666,"{""C"": 46.659545670218456, ""gamma"": 2.239034272168371}"
2026-07-06T16:22:26+00:00,svm_rbf,breast_cancer,TPE,0,10,balanced_accuracy,0.500000,"{""C"": 0.03391577297946079, ""gamma"": 0.00018575382456983945}"
2026-07-06T16:22:26+00:00,svm_rbf,breast_cancer,TPE,0,11,balanced_accuracy,0.976916,"{""C"": 520.7983086710348, ""gamma"": 0.006999881783185168}"
2026-07-06T16:22:26+00:00,svm_rbf,breast_cancer,TPE,0,12,balanced_accuracy,0.977431,"{""C"": 496.2275402792127, ""gamma"": 0.0028718573885035004}"
2026-07-06T16:22:26+00:00,svm_rbf,breast_cancer,TPE,0,13,balanced_accuracy,0.977535,"{""C"": 42.137885318557025, ""gamma"": 0.003204693569198647}"
2026-07-06T16:22:26+00:00,svm_rbf,breast_cancer,TPE,0,14,balanced_accuracy,0.959834,"{""C"": 12.784314335667078, ""gamma"": 0.0010972140507085914}"
2026-07-06T16:22:26+00:00,svm_rbf,breast_cancer,TPE,0,15,balanced_accuracy,0.978671,"{""C"": 24.097773868183474, ""gamma"": 0.03310751237150715}"
2026-07-06T16:22:26+00:00,svm_rbf,breast_cancer,TPE,0,16,balanced_accuracy,0.975799,"{""C"": 4.08310323837169, ""gamma"": 0.03085537378845393}"
2026-07-06T16:22:26+00:00,svm_rbf,breast_cancer,TPE,0,17,balanced_accuracy,0.942082,"{""C"": 0.21180803035997844, ""gamma"": 0.054658182594425175}"
2026-07-06T16:22:26+00:00,svm_rbf,breast_cancer,TPE,0,18,balanced_accuracy,0.568087,"{""C"": 0.035357599095464834, ""gamma"": 0.3811073800753146}"
2026-07-06T16:22:26+00:00,svm_rbf,breast_cancer,TPE,0,19,balanced_accuracy,0.978775,"{""C"": 9.533020407345576, ""gamma"": 0.016589013831304327}"
2026-07-06T16:22:26+00:00,svm_rbf,breast_cancer,TPE,0,20,balanced_accuracy,0.978652,"{""C"": 172.3563775692708, ""gamma"": 0.01334387777501997}"
2026-07-06T16:22:26+00:00,svm_rbf,breast_cancer,TPE,0,21,balanced_accuracy,0.976916,"{""C"": 9.128274438793833, ""gamma"": 0.11541075223923777}"
2026-07-06T16:22:26+00:00,svm_rbf,breast_cancer,TPE,0,22,balanced_accuracy,0.981699,"{""C"": 11.947079608242552, ""gamma"": 0.019924906467250078}"
2026-07-06T16:22:26+00:00,svm_rbf,breast_cancer,TPE,0,23,balanced_accuracy,0.908417,"{""C"": 1.889604816205804, ""gamma"": 0.0009364322231523127}"
2026-07-06T16:22:26+00:00,svm_rbf,breast_cancer,TPE,0,24,balanced_accuracy,0.951010,"{""C"": 0.7529857375479738, ""gamma"": 0.01629913412124767}"
2026-07-06T16:22:26+00:00,svm_rbf,breast_cancer,TPE,0,25,balanced_accuracy,0.979892,"{""C"": 6.858352923601442, ""gamma"": 0.12355463827539882}"
2026-07-06T16:22:26+00:00,svm_rbf,breast_cancer,TPE,0,26,balanced_accuracy,0.941886,"{""C"": 134.9788203361564, ""gamma"": 0.6799240234497611}"
2026-07-06T16:22:26+00:00,svm_rbf,breast_cancer,TPE,0,27,balanced_accuracy,0.875217,"{""C"": 0.060306918435653924, ""gamma"": 0.36643145993162346}"
2026-07-06T16:22:26+00:00,svm_rbf,breast_cancer,TPE,0,28,balanced_accuracy,0.500000,"{""C"": 4.650415058880441, ""gamma"": 8.726338609340111}"
2026-07-06T16:22:26+00:00,svm_rbf,breast_cancer,TPE,0,29,balanced_accuracy,0.979892,"{""C"": 1.2852893854123029, ""gamma"": 0.10160070611963051}"
2026-07-06T16:22:26+00:00,svm_rbf,breast_cancer,TPE,0,30,balanced_accuracy,0.944155,"{""C"": 0.16845585406516017, ""gamma"": 0.32096533855676845}"
2026-07-06T16:22:26+00:00,svm_rbf,breast_cancer,TPE,0,31,balanced_accuracy,0.971068,"{""C"": 0.8890098707343845, ""gamma"": 0.08471923196225913}"
2026-07-06T16:22:26+00:00,svm_rbf,breast_cancer,TPE,0,32,balanced_accuracy,0.973426,"{""C"": 1.171510815294698, ""gamma"": 0.18081018489684683}"
2026-07-06T16:22:26+00:00,svm_rbf,breast_cancer,TPE,0,33,balanced_accuracy,0.976916,"{""C"": 6.1175402837636055, ""gamma"": 0.15120963081923755}"
2026-07-06T16:22:26+00:00,svm_rbf,breast_cancer,TPE,0,34,balanced_accuracy,0.971016,"{""C"": 22.167119558775237, ""gamma"": 0.07296178268329385}"
2026-07-06T16:22:26+00:00,svm_rbf,breast_cancer,TPE,0,35,balanced_accuracy,0.945465,"{""C"": 2.20424556198196, ""gamma"": 0.9206217282797293}"
2026-07-06T16:22:26+00:00,svm_rbf,breast_cancer,TPE,0,36,balanced_accuracy,0.955104,"{""C"": 0.4197041747305631, ""gamma"": 0.03424958707442244}"
2026-07-06T16:22:26+00:00,svm_rbf,breast_cancer,TPE,0,37,balanced_accuracy,0.956947,"{""C"": 13.304315754977354, ""gamma"": 0.21408771996566253}"
2026-07-06T16:22:26+00:00,svm_rbf,breast_cancer,TPE,0,38,balanced_accuracy,0.961004,"{""C"": 3.4323711582129053, ""gamma"": 0.006349043986682734}"
2026-07-06T16:22:26+00:00,svm_rbf,breast_cancer,TPE,0,39,balanced_accuracy,0.971635,"{""C"": 1.4520948132711375, ""gamma"": 0.024004675537791915}"
2026-07-06T16:22:26+00:00,svm_rbf,breast_cancer,TPE,0,40,balanced_accuracy,0.969262,"{""C"": 125.99521868127081, ""gamma"": 0.10065296517593036}"
2026-07-06T16:22:26+00:00,svm_rbf,breast_cancer,TPE,0,41,balanced_accuracy,0.978723,"{""C"": 7.57886163167898, ""gamma"": 0.011500742373339225}"
2026-07-06T16:22:26+00:00,svm_rbf,breast_cancer,TPE,0,42,balanced_accuracy,0.978723,"{""C"": 24.846075486194184, ""gamma"": 0.004370224487920534}"
2026-07-06T16:22:26+00:00,svm_rbf,breast_cancer,TPE,0,43,balanced_accuracy,0.969776,"{""C"": 56.88600720648862, ""gamma"": 0.051010176505498425}"
2026-07-06T16:22:26+00:00,svm_rbf,breast_cancer,TPE,0,44,balanced_accuracy,0.942082,"{""C"": 0.5305190901495792, ""gamma"": 0.01913689067637521}"
2026-07-06T16:22:26+00:00,svm_rbf,breast_cancer,TPE,0,45,balanced_accuracy,0.961004,"{""C"": 14.00214899102019, ""gamma"": 0.0014674353845456195}"
2026-07-06T16:22:26+00:00,svm_rbf,breast_cancer,TPE,0,46,balanced_accuracy,0.961004,"{""C"": 2.5099287354524398, ""gamma"": 0.009463149365808676}"
2026-07-06T16:22:26+00:00,svm_rbf,breast_cancer,TPE,0,47,balanced_accuracy,0.500000,"{""C"": 0.006223879921862571, ""gamma"": 0.054232752248885054}"
2026-07-06T16:22:26+00:00,svm_rbf,breast_cancer,TPE,0,48,balanced_accuracy,0.981647,"{""C"": 41.486977623557976, ""gamma"": 0.022430802034194317}"
2026-07-06T16:22:26+00:00,svm_rbf,breast_cancer,TPE,0,49,balanced_accuracy,0.940132,"{""C"": 81.17530383791147, ""gamma"": 0.723896960882009}"
2026-07-06T16:22:41+00:00,xgboost,breast_cancer,TPE,0,0,balanced_accuracy,0.960649,"{""colsample_bytree"": 0.7118273996694524, ""learning_rate"": 0.05910317077425309, ""max_depth"": 7, ""n_estimators"": 297, ""reg_lambda"": 0.3833332156156664, ""subsample"": 0.7724415914984484}"
2026-07-06T16:22:41+00:00,xgboost,breast_cancer,TPE,0,1,balanced_accuracy,0.959461,"{""colsample_bytree"": 0.8958625190413323, ""learning_rate"": 0.1618191272832578, ""max_depth"": 10, ""n_estimators"": 247, ""reg_lambda"": 0.13049073550362397, ""subsample"": 0.6917207594128889}"
2026-07-06T16:22:41+00:00,xgboost,breast_cancer,TPE,0,2,balanced_accuracy,0.964706,"{""colsample_bytree"": 0.5101091987201629, ""learning_rate"": 0.1962524585239014, ""max_depth"": 2, ""n_estimators"": 306, ""reg_lambda"": 2.1403233140986067, ""subsample"": 0.5435646498507704}"
2026-07-06T16:22:41+00:00,xgboost,breast_cancer,TPE,0,3,balanced_accuracy,0.957725,"{""colsample_bytree"": 0.7307396811264659, ""learning_rate"": 0.14293072093890533, ""max_depth"": 10, ""n_estimators"": 400, ""reg_lambda"": 1.3246974647468452, ""subsample"": 0.8995792821083618}"
2026-07-06T16:22:41+00:00,xgboost,breast_cancer,TPE,0,4,balanced_accuracy,0.957122,"{""colsample_bytree"": 0.7609241608750359, ""learning_rate"": 0.038473523622807364, ""max_depth"": 3, ""n_estimators"": 103, ""reg_lambda"": 0.045566719139214756, ""subsample"": 0.972334458524792}"
2026-07-06T16:22:41+00:00,xgboost,breast_cancer,TPE,0,5,balanced_accuracy,0.959409,"{""colsample_bytree"": 0.5093949002181776, ""learning_rate"": 0.08276957557192281, ""max_depth"": 6, ""n_estimators"": 169, ""reg_lambda"": 0.2954894558726685, ""subsample"": 0.7842169744343243}"
2026-07-06T16:22:41+00:00,xgboost,breast_cancer,TPE,0,6,balanced_accuracy,0.955918,"{""colsample_bytree"": 0.679753950286893, ""learning_rate"": 0.03374584570073953, ""max_depth"": 10, ""n_estimators"": 326, ""reg_lambda"": 0.05599223654063348, ""subsample"": 0.8409101495517417}"
2026-07-06T16:22:41+00:00,xgboost,breast_cancer,TPE,0,7,balanced_accuracy,0.954519,"{""colsample_bytree"": 0.6051912805369204, ""learning_rate"": 0.0014098918363046988, ""max_depth"": 8, ""n_estimators"": 364, ""reg_lambda"": 0.0032787264983352763, ""subsample"": 0.8353189348090797}"
2026-07-06T16:22:41+00:00,xgboost,breast_cancer,TPE,0,8,balanced_accuracy,0.953650,"{""colsample_bytree"": 0.9941869190296131, ""learning_rate"": 0.007960781083787736, ""max_depth"": 7, ""n_estimators"": 192, ""reg_lambda"": 0.0025596420901526653, ""subsample"": 0.7193007567311602}"
2026-07-06T16:22:41+00:00,xgboost,breast_cancer,TPE,0,9,balanced_accuracy,0.916518,"{""colsample_bytree"": 0.7331553864281531, ""learning_rate"": 0.002509477090866099, ""max_depth"": 7, ""n_estimators"": 144, ""reg_lambda"": 0.009499535455183799, ""subsample"": 0.626645801269891}"
2026-07-06T16:22:41+00:00,xgboost,breast_cancer,TPE,0,10,balanced_accuracy,0.954164,"{""colsample_bytree"": 0.8732691763941831, ""learning_rate"": 0.007627625676927525, ""max_depth"": 2, ""n_estimators"": 474, ""reg_lambda"": 8.609071076878536, ""subsample"": 0.5100229215872223}"
2026-07-06T16:22:41+00:00,xgboost,breast_cancer,TPE,0,11,balanced_accuracy,0.958239,"{""colsample_bytree"": 0.5053001824096808, ""learning_rate"": 0.27328496886851295, ""max_depth"": 4, ""n_estimators"": 261, ""reg_lambda"": 1.7312955706326263, ""subsample"": 0.5187075174451028}"
2026-07-06T16:22:41+00:00,xgboost,breast_cancer,TPE,0,12,balanced_accuracy,0.962403,"{""colsample_bytree"": 0.612839193532737, ""learning_rate"": 0.04452823491573578, ""max_depth"": 5, ""n_estimators"": 296, ""reg_lambda"": 0.9054041578302555, ""subsample"": 0.6195029986752796}"
2026-07-06T16:22:41+00:00,xgboost,breast_cancer,TPE,0,13,balanced_accuracy,0.955918,"{""colsample_bytree"": 0.5991104245678268, ""learning_rate"": 0.01905826500713779, ""max_depth"": 4, ""n_estimators"": 437, ""reg_lambda"": 7.088785950525901, ""subsample"": 0.5845294117842664}"
2026-07-06T16:22:41+00:00,xgboost,breast_cancer,TPE,0,14,balanced_accuracy,0.958876,"{""colsample_bytree"": 0.587939674219799, ""learning_rate"": 0.01377769876994706, ""max_depth"": 5, ""n_estimators"": 231, ""reg_lambda"": 1.4774400260168106, ""subsample"": 0.6089092747139807}"
2026-07-06T16:22:41+00:00,xgboost,breast_cancer,TPE,0,15,balanced_accuracy,0.957707,"{""colsample_bytree"": 0.5645975586732264, ""learning_rate"": 0.28566849373366554, ""max_depth"": 2, ""n_estimators"": 57, ""reg_lambda"": 3.4619334288261925, ""subsample"": 0.5644665523489685}"
2026-07-06T16:22:41+00:00,xgboost,breast_cancer,TPE,0,16,balanced_accuracy,0.959461,"{""colsample_bytree"": 0.6556995728912105, ""learning_rate"": 0.10163657047380746, ""max_depth"": 4, ""n_estimators"": 335, ""reg_lambda"": 0.5964042221525959, ""subsample"": 0.6672668916423338}"
2026-07-06T16:22:41+00:00,xgboost,breast_cancer,TPE,0,17,balanced_accuracy,0.964140,"{""colsample_bytree"": 0.5416300678058837, ""learning_rate"": 0.04440717977245013, ""max_depth"": 3, ""n_estimators"": 393, ""reg_lambda"": 0.7012722656562477, ""subsample"": 0.6476506511735296}"
2026-07-06T16:22:41+00:00,xgboost,breast_cancer,TPE,0,18,balanced_accuracy,0.960631,"{""colsample_bytree"": 0.5446757637916414, ""learning_rate"": 0.018982849805971706, ""max_depth"": 3, ""n_estimators"": 497, ""reg_lambda"": 0.135257758557102, ""subsample"": 0.6657073485812677}"
2026-07-06T16:22:41+00:00,xgboost,breast_cancer,TPE,0,19,balanced_accuracy,0.962437,"{""colsample_bytree"": 0.5255304884401584, ""learning_rate"": 0.14806810761917608, ""max_depth"": 2, ""n_estimators"": 391, ""reg_lambda"": 3.65565293937637, ""subsample"": 0.5554259931205967}"
2026-07-06T16:22:41+00:00,xgboost,breast_cancer,TPE,0,20,balanced_accuracy,0.958895,"{""colsample_bytree"": 0.6325777868436686, ""learning_rate"": 0.00414722603465817, ""max_depth"": 3, ""n_estimators"": 433, ""reg_lambda"": 0.1842628508918496, ""subsample"": 0.7522298319281439}"
2026-07-06T16:22:41+00:00,xgboost,breast_cancer,TPE,0,21,balanced_accuracy,0.964192,"{""colsample_bytree"": 0.5350420284510209, ""learning_rate"": 0.18079377805601035, ""max_depth"": 2, ""n_estimators"": 371, ""reg_lambda"": 3.3246579999013988, ""subsample"": 0.5505821418762975}"
2026-07-06T16:22:41+00:00,xgboost,breast_cancer,TPE,0,22,balanced_accuracy,0.956485,"{""colsample_bytree"": 0.5521444833325037, ""learning_rate"": 0.07865737106670374, ""max_depth"": 2, ""n_estimators"": 344, ""reg_lambda"": 3.3680551800964476, ""subsample"": 0.5405611870486936}"
2026-07-06T16:22:41+00:00,xgboost,breast_cancer,TPE,0,23,balanced_accuracy,0.950603,"{""colsample_bytree"": 0.564513510732097, ""learning_rate"": 0.2329436749093767, ""max_depth"": 3, ""n_estimators"": 387, ""reg_lambda"": 0.6134199723780073, ""subsample"": 0.5030111247692727}"
2026-07-06T16:22:41+00:00,xgboost,breast_cancer,TPE,0,24,balanced_accuracy,0.962952,"{""colsample_bytree"": 0.5047220453981747, ""learning_rate"": 0.114975046390878, ""max_depth"": 3, ""n_estimators"": 299, ""reg_lambda"": 2.90616751586683, ""subsample"": 0.6426865909146169}"
2026-07-06T16:22:41+00:00,xgboost,breast_cancer,TPE,0,25,balanced_accuracy,0.956485,"{""colsample_bytree"": 0.6542901775161686, ""learning_rate"": 0.058472717186655976, ""max_depth"": 2, ""n_estimators"": 435, ""reg_lambda"": 8.542611306059445, ""subsample"": 0.5789514888116619}"
2026-07-06T16:22:41+00:00,xgboost,breast_cancer,TPE,0,26,balanced_accuracy,0.957725,"{""colsample_bytree"": 0.570330500680983, ""learning_rate"": 0.18861050991315398, ""max_depth"": 4, ""n_estimators"": 365, ""reg_lambda"": 1.8039955601103104, ""subsample"": 0.5925423600714987}"
2026-07-06T16:22:41+00:00,xgboost,breast_cancer,TPE,0,27,balanced_accuracy,0.964121,"{""colsample_bytree"": 0.5378940364483686, ""learning_rate"": 0.028065528306959207, ""max_depth"": 5, ""n_estimators"": 415, ""reg_lambda"": 0.7442378957105963, ""subsample"": 0.7107171408229553}"
2026-07-06T16:22:41+00:00,xgboost,breast_cancer,TPE,0,28,balanced_accuracy,0.957725,"{""colsample_bytree"": 0.7861385219296442, ""learning_rate"": 0.06949399063766226, ""max_depth"": 3, ""n_estimators"": 473, ""reg_lambda"": 0.0570503083622537, ""subsample"": 0.5389170739231157}"
2026-07-06T16:22:41+00:00,xgboost,breast_cancer,TPE,0,29,balanced_accuracy,0.957725,"{""colsample_bytree"": 0.6798740726251118, ""learning_rate"": 0.05358338868847023, ""max_depth"": 2, ""n_estimators"": 290, ""reg_lambda"": 0.2604420712360835, ""subsample"": 0.643183386937975}"
2026-07-06T16:22:41+00:00,xgboost,breast_cancer,TPE,0,30,balanced_accuracy,0.959461,"{""colsample_bytree"": 0.6298858238270763, ""learning_rate"": 0.0990760725004252, ""max_depth"": 4, ""n_estimators"": 216, ""reg_lambda"": 0.4009651827362589, ""subsample"": 0.673621168243411}"
2026-07-06T16:22:41+00:00,xgboost,breast_cancer,TPE,0,31,balanced_accuracy,0.954678,"{""colsample_bytree"": 0.5429866322581648, ""learning_rate"": 0.019134072325540215, ""max_depth"": 5, ""n_estimators"": 419, ""reg_lambda"": 0.7787334779579447, ""subsample"": 0.7341024096658696}"
2026-07-06T16:22:41+00:00,xgboost,breast_cancer,TPE,0,32,balanced_accuracy,0.959409,"{""colsample_bytree"": 0.5333629124162375, ""learning_rate"": 0.02856513480353578, ""max_depth"": 6, ""n_estimators"": 370, ""reg_lambda"": 0.4547817665921847, ""subsample"": 0.7871752125360654}"
2026-07-06T16:22:41+00:00,xgboost,breast_cancer,TPE,0,33,balanced_accuracy,0.957725,"{""colsample_bytree"": 0.5819080473535334, ""learning_rate"": 0.17807299886998318, ""max_depth"": 2, ""n_estimators"": 319, ""reg_lambda"": 5.04861018998107, ""subsample"": 0.6967739100022067}"
2026-07-06T16:22:41+00:00,xgboost,breast_cancer,TPE,0,34,balanced_accuracy,0.957655,"{""colsample_bytree"": 0.5020632491420377, ""learning_rate"": 0.027512981812724036, ""max_depth"": 6, ""n_estimators"": 401, ""reg_lambda"": 1.033372106816239, ""subsample"": 0.7062742270066281}"
2026-07-06T16:22:41+00:00,xgboost,breast_cancer,TPE,0,35,balanced_accuracy,0.957122,"{""colsample_bytree"": 0.5334265611799199, ""learning_rate"": 0.010937924025577741, ""max_depth"": 3, ""n_estimators"": 267, ""reg_lambda"": 1.6211580816627498, ""subsample"": 0.9981597188969469}"
2026-07-06T16:22:41+00:00,xgboost,breast_cancer,TPE,0,36,balanced_accuracy,0.962403,"{""colsample_bytree"": 0.5771023462345025, ""learning_rate"": 0.11641824583243181, ""max_depth"": 8, ""n_estimators"": 349, ""reg_lambda"": 2.6330787726450695, ""subsample"": 0.814142172036038}"
2026-07-06T16:22:41+00:00,xgboost,breast_cancer,TPE,0,37,balanced_accuracy,0.960631,"{""colsample_bytree"": 0.5304590891914519, ""learning_rate"": 0.1957632235925183, ""max_depth"": 5, ""n_estimators"": 414, ""reg_lambda"": 0.10391692309212154, ""subsample"": 0.9113635972842824}"
2026-07-06T16:22:41+00:00,xgboost,breast_cancer,TPE,0,38,balanced_accuracy,0.954749,"{""colsample_bytree"": 0.6144855071606846, ""learning_rate"": 0.035962718836552915, ""max_depth"": 9, ""n_estimators"": 465, ""reg_lambda"": 0.2578749536224787, ""subsample"": 0.5371256709191101}"
2026-07-06T16:22:41+00:00,xgboost,breast_cancer,TPE,0,39,balanced_accuracy,0.964158,"{""colsample_bytree"": 0.5005582860508622, ""learning_rate"": 0.04974270759393191, ""max_depth"": 4, ""n_estimators"": 380, ""reg_lambda"": 0.024844573910738427, ""subsample"": 0.7375114886627514}"
2026-07-06T16:22:41+00:00,xgboost,breast_cancer,TPE,0,40,balanced_accuracy,0.954749,"{""colsample_bytree"": 0.967589467950272, ""learning_rate"": 0.0459881248187438, ""max_depth"": 4, ""n_estimators"": 309, ""reg_lambda"": 0.010638001433458326, ""subsample"": 0.600362977475883}"
2026-07-06T16:22:41+00:00,xgboost,breast_cancer,TPE,0,41,balanced_accuracy,0.959479,"{""colsample_bytree"": 0.500946531452052, ""learning_rate"": 0.06583470562360566, ""max_depth"": 3, ""n_estimators"": 370, ""reg_lambda"": 0.0010130735472887625, ""subsample"": 0.7391522064008539}"
2026-07-06T16:22:41+00:00,xgboost,breast_cancer,TPE,0,42,balanced_accuracy,0.962899,"{""colsample_bytree"": 0.5245150133957595, ""learning_rate"": 0.025623566676785836, ""max_depth"": 5, ""n_estimators"": 386, ""reg_lambda"": 0.007394752970640976, ""subsample"": 0.7544305060040959}"
2026-07-06T16:22:41+00:00,xgboost,breast_cancer,TPE,0,43,balanced_accuracy,0.961145,"{""colsample_bytree"": 0.5534724862947503, ""learning_rate"": 0.14163697616293885, ""max_depth"": 6, ""n_estimators"": 452, ""reg_lambda"": 0.021855237944161877, ""subsample"": 0.7979250139584355}"
2026-07-06T16:22:41+00:00,xgboost,breast_cancer,TPE,0,44,balanced_accuracy,0.964140,"{""colsample_bytree"": 0.5970567247040155, ""learning_rate"": 0.03898131888198036, ""max_depth"": 4, ""n_estimators"": 275, ""reg_lambda"": 0.022702008825168436, ""subsample"": 0.7151229627841368}"
2026-07-06T16:22:41+00:00,xgboost,breast_cancer,TPE,0,45,balanced_accuracy,0.962385,"{""colsample_bytree"": 0.5939906126478797, ""learning_rate"": 0.08684772424943524, ""max_depth"": 4, ""n_estimators"": 273, ""reg_lambda"": 0.02711432264842651, ""subsample"": 0.8909465529051721}"
2026-07-06T16:22:41+00:00,xgboost,breast_cancer,TPE,0,46,balanced_accuracy,0.875112,"{""colsample_bytree"": 0.6296341603784865, ""learning_rate"": 0.0010569754305177538, ""max_depth"": 2, ""n_estimators"": 322, ""reg_lambda"": 0.020217514708813535, ""subsample"": 0.6300582397159517}"
2026-07-06T16:22:41+00:00,xgboost,breast_cancer,TPE,0,47,balanced_accuracy,0.955918,"{""colsample_bytree"": 0.6870631709163466, ""learning_rate"": 0.0426945360266801, ""max_depth"": 3, ""n_estimators"": 240, ""reg_lambda"": 0.07950068379008333, ""subsample"": 0.7683771448285386}"
2026-07-06T16:22:41+00:00,xgboost,breast_cancer,TPE,0,48,balanced_accuracy,0.955900,"{""colsample_bytree"": 0.516970810057186, ""learning_rate"": 0.013655673767142839, ""max_depth"": 3, ""n_estimators"": 211, ""reg_lambda"": 0.04032268768777113, ""subsample"": 0.6823145891430855}"
2026-07-06T16:22:41+00:00,xgboost,breast_cancer,TPE,0,49,balanced_accuracy,0.958221,"{""colsample_bytree"": 0.6075130453486449, ""learning_rate"": 0.2521154668634286, ""max_depth"": 4, ""n_estimators"": 164, ""reg_lambda"": 0.004488651673921289, ""subsample"": 0.565591233513568}"
2026-07-06T16:22:42+00:00,knn,circles,TPE,0,0,balanced_accuracy,0.982549,"{""n_neighbors"": 17, ""p"": 1, ""weights"": ""uniform""}"
2026-07-06T16:22:42+00:00,knn,circles,TPE,0,1,balanced_accuracy,0.987524,"{""n_neighbors"": 20, ""p"": 1, ""weights"": ""distance""}"
2026-07-06T16:22:42+00:00,knn,circles,TPE,0,2,balanced_accuracy,0.985037,"{""n_neighbors"": 24, ""p"": 1, ""weights"": ""distance""}"
2026-07-06T16:22:42+00:00,knn,circles,TPE,0,3,balanced_accuracy,0.985037,"{""n_neighbors"": 3, ""p"": 2, ""weights"": ""distance""}"
2026-07-06T16:22:42+00:00,knn,circles,TPE,0,4,balanced_accuracy,0.982587,"{""n_neighbors"": 30, ""p"": 1, ""weights"": ""uniform""}"
2026-07-06T16:22:42+00:00,knn,circles,TPE,0,5,balanced_accuracy,0.987524,"{""n_neighbors"": 20, ""p"": 1, ""weights"": ""distance""}"
2026-07-06T16:22:42+00:00,knn,circles,TPE,0,6,balanced_accuracy,0.987524,"{""n_neighbors"": 8, ""p"": 1, ""weights"": ""uniform""}"
2026-07-06T16:22:42+00:00,knn,circles,TPE,0,7,balanced_accuracy,0.982549,"{""n_neighbors"": 19, ""p"": 1, ""weights"": ""distance""}"
2026-07-06T16:22:42+00:00,knn,circles,TPE,0,8,balanced_accuracy,0.987524,"{""n_neighbors"": 11, ""p"": 2, ""weights"": ""distance""}"
2026-07-06T16:22:42+00:00,knn,circles,TPE,0,9,balanced_accuracy,0.977574,"{""n_neighbors"": 21, ""p"": 2, ""weights"": ""uniform""}"
2026-07-06T16:22:42+00:00,knn,circles,TPE,0,10,balanced_accuracy,0.985037,"{""n_neighbors"": 29, ""p"": 2, ""weights"": ""distance""}"
2026-07-06T16:22:42+00:00,knn,circles,TPE,0,11,balanced_accuracy,0.985037,"{""n_neighbors"": 14, ""p"": 1, ""weights"": ""distance""}"
2026-07-06T16:22:42+00:00,knn,circles,TPE,0,12,balanced_accuracy,0.985037,"{""n_neighbors"": 24, ""p"": 1, ""weights"": ""distance""}"
2026-07-06T16:22:42+00:00,knn,circles,TPE,0,13,balanced_accuracy,0.985037,"{""n_neighbors"": 24, ""p"": 1, ""weights"": ""distance""}"
2026-07-06T16:22:42+00:00,knn,circles,TPE,0,14,balanced_accuracy,0.985037,"{""n_neighbors"": 15, ""p"": 1, ""weights"": ""distance""}"
2026-07-06T16:22:42+00:00,knn,circles,TPE,0,15,balanced_accuracy,0.987524,"{""n_neighbors"": 20, ""p"": 1, ""weights"": ""distance""}"
2026-07-06T16:22:42+00:00,knn,circles,TPE,0,16,balanced_accuracy,0.985037,"{""n_neighbors"": 11, ""p"": 1, ""weights"": ""distance""}"
2026-07-06T16:22:42+00:00,knn,circles,TPE,0,17,balanced_accuracy,0.985037,"{""n_neighbors"": 26, ""p"": 1, ""weights"": ""distance""}"
2026-07-06T16:22:42+00:00,knn,circles,TPE,0,18,balanced_accuracy,0.987524,"{""n_neighbors"": 1, ""p"": 2, ""weights"": ""uniform""}"
2026-07-06T16:22:42+00:00,knn,circles,TPE,0,19,balanced_accuracy,0.985037,"{""n_neighbors"": 21, ""p"": 1, ""weights"": ""distance""}"
2026-07-06T16:22:42+00:00,knn,circles,TPE,0,20,balanced_accuracy,0.987524,"{""n_neighbors"": 16, ""p"": 1, ""weights"": ""distance""}"
2026-07-06T16:22:42+00:00,knn,circles,TPE,0,21,balanced_accuracy,0.987524,"{""n_neighbors"": 7, ""p"": 1, ""weights"": ""uniform""}"
2026-07-06T16:22:42+00:00,knn,circles,TPE,0,22,balanced_accuracy,0.987524,"{""n_neighbors"": 6, ""p"": 1, ""weights"": ""uniform""}"
2026-07-06T16:22:42+00:00,knn,circles,TPE,0,23,balanced_accuracy,0.990012,"{""n_neighbors"": 12, ""p"": 1, ""weights"": ""uniform""}"
2026-07-06T16:22:42+00:00,knn,circles,TPE,0,24,balanced_accuracy,0.990012,"{""n_neighbors"": 12, ""p"": 1, ""weights"": ""uniform""}"
2026-07-06T16:22:42+00:00,knn,circles,TPE,0,25,balanced_accuracy,0.990012,"{""n_neighbors"": 12, ""p"": 1, ""weights"": ""uniform""}"
2026-07-06T16:22:42+00:00,knn,circles,TPE,0,26,balanced_accuracy,0.985037,"{""n_neighbors"": 12, ""p"": 2, ""weights"": ""uniform""}"
2026-07-06T16:22:42+00:00,knn,circles,TPE,0,27,balanced_accuracy,0.985037,"{""n_neighbors"": 9, ""p"": 1, ""weights"": ""uniform""}"
2026-07-06T16:22:42+00:00,knn,circles,TPE,0,28,balanced_accuracy,0.987524,"{""n_neighbors"": 13, ""p"": 1, ""weights"": ""uniform""}"
2026-07-06T16:22:42+00:00,knn,circles,TPE,0,29,balanced_accuracy,0.982549,"{""n_neighbors"": 17, ""p"": 1, ""weights"": ""uniform""}"
2026-07-06T16:22:42+00:00,knn,circles,TPE,0,30,balanced_accuracy,0.987524,"{""n_neighbors"": 5, ""p"": 1, ""weights"": ""uniform""}"
2026-07-06T16:22:42+00:00,knn,circles,TPE,0,31,balanced_accuracy,0.990012,"{""n_neighbors"": 10, ""p"": 1, ""weights"": ""uniform""}"
2026-07-06T16:22:42+00:00,knn,circles,TPE,0,32,balanced_accuracy,0.990012,"{""n_neighbors"": 10, ""p"": 1, ""weights"": ""uniform""}"
2026-07-06T16:22:42+00:00,knn,circles,TPE,0,33,balanced_accuracy,0.987524,"{""n_neighbors"": 13, ""p"": 1, ""weights"": ""uniform""}"
2026-07-06T16:22:42+00:00,knn,circles,TPE,0,34,balanced_accuracy,0.985037,"{""n_neighbors"": 9, ""p"": 1, ""weights"": ""uniform""}"
2026-07-06T16:22:42+00:00,knn,circles,TPE,0,35,balanced_accuracy,0.992537,"{""n_neighbors"": 4, ""p"": 1, ""weights"": ""uniform""}"
2026-07-06T16:22:42+00:00,knn,circles,TPE,0,36,balanced_accuracy,0.992537,"{""n_neighbors"": 4, ""p"": 1, ""weights"": ""uniform""}"
2026-07-06T16:22:42+00:00,knn,circles,TPE,0,37,balanced_accuracy,0.987524,"{""n_neighbors"": 4, ""p"": 2, ""weights"": ""uniform""}"
2026-07-06T16:22:42+00:00,knn,circles,TPE,0,38,balanced_accuracy,0.987524,"{""n_neighbors"": 1, ""p"": 1, ""weights"": ""uniform""}"
2026-07-06T16:22:42+00:00,knn,circles,TPE,0,39,balanced_accuracy,0.987524,"{""n_neighbors"": 3, ""p"": 1, ""weights"": ""uniform""}"
2026-07-06T16:22:42+00:00,knn,circles,TPE,0,40,balanced_accuracy,0.987524,"{""n_neighbors"": 7, ""p"": 1, ""weights"": ""uniform""}"
2026-07-06T16:22:42+00:00,knn,circles,TPE,0,41,balanced_accuracy,0.987524,"{""n_neighbors"": 3, ""p"": 1, ""weights"": ""uniform""}"
2026-07-06T16:22:42+00:00,knn,circles,TPE,0,42,balanced_accuracy,0.987524,"{""n_neighbors"": 8, ""p"": 1, ""weights"": ""uniform""}"
2026-07-06T16:22:42+00:00,knn,circles,TPE,0,43,balanced_accuracy,0.982549,"{""n_neighbors"": 17, ""p"": 1, ""weights"": ""uniform""}"
2026-07-06T16:22:42+00:00,knn,circles,TPE,0,44,balanced_accuracy,0.987524,"{""n_neighbors"": 5, ""p"": 1, ""weights"": ""uniform""}"
2026-07-06T16:22:42+00:00,knn,circles,TPE,0,45,balanced_accuracy,0.985037,"{""n_neighbors"": 12, ""p"": 2, ""weights"": ""uniform""}"
2026-07-06T16:22:42+00:00,knn,circles,TPE,0,46,balanced_accuracy,0.982549,"{""n_neighbors"": 15, ""p"": 1, ""weights"": ""uniform""}"
2026-07-06T16:22:42+00:00,knn,circles,TPE,0,47,balanced_accuracy,0.985037,"{""n_neighbors"": 18, ""p"": 1, ""weights"": ""uniform""}"
2026-07-06T16:22:42+00:00,knn,circles,TPE,0,48,balanced_accuracy,0.987524,"{""n_neighbors"": 2, ""p"": 1, ""weights"": ""uniform""}"
2026-07-06T16:22:42+00:00,knn,circles,TPE,0,49,balanced_accuracy,0.987524,"{""n_neighbors"": 6, ""p"": 1, ""weights"": ""uniform""}"
2026-07-06T16:22:42+00:00,logreg,circles,TPE,0,0,balanced_accuracy,0.452699,"{""C"": 1.96282248134428}"
2026-07-06T16:22:42+00:00,logreg,circles,TPE,0,1,balanced_accuracy,0.452699,"{""C"": 19.549524484259873}"
2026-07-06T16:22:42+00:00,logreg,circles,TPE,0,2,balanced_accuracy,0.452699,"{""C"": 4.135997393839888}"
2026-07-06T16:22:42+00:00,logreg,circles,TPE,0,3,balanced_accuracy,0.452699,"{""C"": 1.8590843630169627}"
2026-07-06T16:22:42+00:00,logreg,circles,TPE,0,4,balanced_accuracy,0.455224,"{""C"": 0.348280208702833}"
2026-07-06T16:22:42+00:00,logreg,circles,TPE,0,5,balanced_accuracy,0.452699,"{""C"": 7.505241622349544}"
2026-07-06T16:22:42+00:00,logreg,circles,TPE,0,6,balanced_accuracy,0.455224,"{""C"": 0.4222048983149828}"
2026-07-06T16:22:42+00:00,logreg,circles,TPE,0,7,balanced_accuracy,0.452699,"{""C"": 224.2012371372442}"
2026-07-06T16:22:42+00:00,logreg,circles,TPE,0,8,balanced_accuracy,0.452699,"{""C"": 605.3082080079017}"
2026-07-06T16:22:42+00:00,logreg,circles,TPE,0,9,balanced_accuracy,0.455224,"{""C"": 0.1998246739232945}"
2026-07-06T16:22:42+00:00,logreg,circles,TPE,0,10,balanced_accuracy,0.509573,"{""C"": 0.0013243623620587995}"
2026-07-06T16:22:42+00:00,logreg,circles,TPE,0,11,balanced_accuracy,0.509573,"{""C"": 0.0013239904606230611}"
2026-07-06T16:22:42+00:00,logreg,circles,TPE,0,12,balanced_accuracy,0.512061,"{""C"": 0.0013323336863192534}"
2026-07-06T16:22:42+00:00,logreg,circles,TPE,0,13,balanced_accuracy,0.509573,"{""C"": 0.0013190919167740047}"
2026-07-06T16:22:42+00:00,logreg,circles,TPE,0,14,balanced_accuracy,0.465363,"{""C"": 0.012709822137126207}"
2026-07-06T16:22:42+00:00,logreg,circles,TPE,0,15,balanced_accuracy,0.467926,"{""C"": 0.010584996250011537}"
2026-07-06T16:22:42+00:00,logreg,circles,TPE,0,16,balanced_accuracy,0.465363,"{""C"": 0.015935725551758203}"
2026-07-06T16:22:42+00:00,logreg,circles,TPE,0,17,balanced_accuracy,0.465664,"{""C"": 0.00465523486549615}"
2026-07-06T16:22:42+00:00,logreg,circles,TPE,0,18,balanced_accuracy,0.465325,"{""C"": 0.03138162614685407}"
2026-07-06T16:22:42+00:00,logreg,circles,TPE,0,19,balanced_accuracy,0.457749,"{""C"": 0.061156333135333744}"
2026-07-06T16:22:42+00:00,logreg,circles,TPE,0,20,balanced_accuracy,0.453339,"{""C"": 0.0032523768751507643}"
2026-07-06T16:22:42+00:00,logreg,circles,TPE,0,21,balanced_accuracy,0.512023,"{""C"": 0.0014059173578159564}"
2026-07-06T16:22:42+00:00,logreg,circles,TPE,0,22,balanced_accuracy,0.458314,"{""C"": 0.0036165591090286595}"
2026-07-06T16:22:42+00:00,logreg,circles,TPE,0,23,balanced_accuracy,0.512099,"{""C"": 0.0012455815174715278}"
2026-07-06T16:22:42+00:00,logreg,circles,TPE,0,24,balanced_accuracy,0.457749,"{""C"": 0.06469998580374067}"
2026-07-06T16:22:42+00:00,logreg,circles,TPE,0,25,balanced_accuracy,0.529851,"{""C"": 0.0010053142747118785}"
2026-07-06T16:22:42+00:00,logreg,circles,TPE,0,26,balanced_accuracy,0.460576,"{""C"": 0.005563307114754229}"
2026-07-06T16:22:42+00:00,logreg,circles,TPE,0,27,balanced_accuracy,0.460802,"{""C"": 0.003869829940680036}"
2026-07-06T16:22:42+00:00,logreg,circles,TPE,0,28,balanced_accuracy,0.465363,"{""C"": 0.020720669605893628}"
2026-07-06T16:22:42+00:00,logreg,circles,TPE,0,29,balanced_accuracy,0.462988,"{""C"": 0.007971625777158398}"
2026-07-06T16:22:42+00:00,logreg,circles,TPE,0,30,balanced_accuracy,0.529851,"{""C"": 0.0010378560260119096}"
2026-07-06T16:22:42+00:00,logreg,circles,TPE,0,31,balanced_accuracy,0.529851,"{""C"": 0.0010440803736584388}"
2026-07-06T16:22:42+00:00,logreg,circles,TPE,0,32,balanced_accuracy,0.448666,"{""C"": 0.00240115089488196}"
2026-07-06T16:22:42+00:00,logreg,circles,TPE,0,33,balanced_accuracy,0.529851,"{""C"": 0.0010060538829540359}"
2026-07-06T16:22:42+00:00,logreg,circles,TPE,0,34,balanced_accuracy,0.448402,"{""C"": 0.003011941531244635}"
2026-07-06T16:22:42+00:00,logreg,circles,TPE,0,35,balanced_accuracy,0.529851,"{""C"": 0.0010135488774268044}"
2026-07-06T16:22:42+00:00,logreg,circles,TPE,0,36,balanced_accuracy,0.467926,"{""C"": 0.009676777425434832}"
2026-07-06T16:22:42+00:00,logreg,circles,TPE,0,37,balanced_accuracy,0.462800,"{""C"": 0.03925294789889172}"
2026-07-06T16:22:42+00:00,logreg,circles,TPE,0,38,balanced_accuracy,0.441052,"{""C"": 0.002575908946402396}"
2026-07-06T16:22:42+00:00,logreg,circles,TPE,0,39,balanced_accuracy,0.462988,"{""C"": 0.00686156246929654}"
2026-07-06T16:22:42+00:00,logreg,circles,TPE,0,40,balanced_accuracy,0.452699,"{""C"": 58.17842209549653}"
2026-07-06T16:22:42+00:00,logreg,circles,TPE,0,41,balanced_accuracy,0.522200,"{""C"": 0.0012011747790412193}"
2026-07-06T16:22:42+00:00,logreg,circles,TPE,0,42,balanced_accuracy,0.448666,"{""C"": 0.002392147586170086}"
2026-07-06T16:22:42+00:00,logreg,circles,TPE,0,43,balanced_accuracy,0.448779,"{""C"": 0.0021860810692280407}"
2026-07-06T16:22:42+00:00,logreg,circles,TPE,0,44,balanced_accuracy,0.463063,"{""C"": 0.005632563779158614}"
2026-07-06T16:22:42+00:00,logreg,circles,TPE,0,45,balanced_accuracy,0.529851,"{""C"": 0.0010092692048550653}"
2026-07-06T16:22:42+00:00,logreg,circles,TPE,0,46,balanced_accuracy,0.451342,"{""C"": 0.002013488617170192}"
2026-07-06T16:22:42+00:00,logreg,circles,TPE,0,47,balanced_accuracy,0.455224,"{""C"": 1.0338365657450277}"
2026-07-06T16:22:42+00:00,logreg,circles,TPE,0,48,balanced_accuracy,0.465363,"{""C"": 0.020382780748965382}"
2026-07-06T16:22:42+00:00,logreg,circles,TPE,0,49,balanced_accuracy,0.532338,"{""C"": 0.0010684912869274206}"
2026-07-06T16:23:39+00:00,mlp,circles,TPE,0,0,balanced_accuracy,0.992537,"{""alpha"": 0.0037665768415992965, ""hidden_layer_sizes"": [19], ""learning_rate_init"": 0.006431172050131994}"
2026-07-06T16:23:39+00:00,mlp,circles,TPE,0,1,balanced_accuracy,0.995025,"{""alpha"": 0.0001313028028065861, ""hidden_layer_sizes"": [18], ""learning_rate_init"": 0.008663279761354562}"
2026-07-06T16:23:39+00:00,mlp,circles,TPE,0,2,balanced_accuracy,0.985037,"{""alpha"": 0.028765041432546982, ""hidden_layer_sizes"": [15], ""learning_rate_init"": 0.07780155576901421}"
2026-07-06T16:23:39+00:00,mlp,circles,TPE,0,3,balanced_accuracy,0.992537,"{""alpha"": 0.009091283280651459, ""hidden_layer_sizes"": [13], ""learning_rate_init"": 0.003860866271460547}"
2026-07-06T16:23:39+00:00,mlp,circles,TPE,0,4,balanced_accuracy,0.567843,"{""alpha"": 0.04246031301768214, ""hidden_layer_sizes"": [19], ""learning_rate_init"": 0.00016334587611069497}"
2026-07-06T16:23:39+00:00,mlp,circles,TPE,0,5,balanced_accuracy,0.970149,"{""alpha"": 1.2620948285169311e-06, ""hidden_layer_sizes"": [4], ""learning_rate_init"": 0.03146730406166007}"
2026-07-06T16:23:39+00:00,mlp,circles,TPE,0,6,balanced_accuracy,0.979986,"{""alpha"": 0.022390342721683703, ""hidden_layer_sizes"": [26], ""learning_rate_init"": 0.08626905220714905}"
2026-07-06T16:23:39+00:00,mlp,circles,TPE,0,7,balanced_accuracy,0.992537,"{""alpha"": 0.00020295362430434728, ""hidden_layer_sizes"": [26], ""learning_rate_init"": 0.02195773446539457}"
2026-07-06T16:23:39+00:00,mlp,circles,TPE,0,8,balanced_accuracy,0.532866,"{""alpha"": 0.0015834527427829746, ""hidden_layer_sizes"": [5], ""learning_rate_init"": 0.00026919058249260725}"
2026-07-06T16:23:39+00:00,mlp,circles,TPE,0,9,balanced_accuracy,0.992537,"{""alpha"": 0.0004066695065393846, ""hidden_layer_sizes"": [31], ""learning_rate_init"": 0.0017538232373118048}"
2026-07-06T16:23:39+00:00,mlp,circles,TPE,0,10,balanced_accuracy,0.739974,"{""alpha"": 8.967691581608022e-06, ""hidden_layer_sizes"": [9], ""learning_rate_init"": 0.0007786964913593174}"
2026-07-06T16:23:39+00:00,mlp,circles,TPE,0,11,balanced_accuracy,0.990012,"{""alpha"": 6.16646794499383e-05, ""hidden_layer_sizes"": [20], ""learning_rate_init"": 0.006976470632747631}"
2026-07-06T16:23:39+00:00,mlp,circles,TPE,0,12,balanced_accuracy,0.990012,"{""alpha"": 0.002016629529925428, ""hidden_layer_sizes"": [20], ""learning_rate_init"": 0.011306774224183974}"
2026-07-06T16:23:39+00:00,mlp,circles,TPE,0,13,balanced_accuracy,0.990012,"{""alpha"": 2.9532836936206897e-05, ""hidden_layer_sizes"": [15], ""learning_rate_init"": 0.002458009274601996}"
2026-07-06T16:23:39+00:00,mlp,circles,TPE,0,14,balanced_accuracy,0.987562,"{""alpha"": 0.0021196188155040633, ""hidden_layer_sizes"": [26], ""learning_rate_init"": 0.0007930460026346485}"
2026-07-06T16:23:39+00:00,mlp,circles,TPE,0,15,balanced_accuracy,0.488278,"{""alpha"": 0.00048148045830803703, ""hidden_layer_sizes"": [11], ""learning_rate_init"": 0.01296940253403764}"
2026-07-06T16:23:39+00:00,mlp,circles,TPE,0,16,balanced_accuracy,0.995025,"{""alpha"": 7.08128369585614e-06, ""hidden_layer_sizes"": [18], ""learning_rate_init"": 0.005252351343930348}"
2026-07-06T16:23:39+00:00,mlp,circles,TPE,0,17,balanced_accuracy,0.987524,"{""alpha"": 2.515669295928911e-06, ""hidden_layer_sizes"": [22], ""learning_rate_init"": 0.0015958649783280239}"
2026-07-06T16:23:39+00:00,mlp,circles,TPE,0,18,balanced_accuracy,0.912898,"{""alpha"": 1.2057556832688504e-05, ""hidden_layer_sizes"": [8], ""learning_rate_init"": 0.03256892082464625}"
2026-07-06T16:23:39+00:00,mlp,circles,TPE,0,19,balanced_accuracy,0.987524,"{""alpha"": 0.00011624824435611752, ""hidden_layer_sizes"": [16], ""learning_rate_init"": 0.004166275563569568}"
2026-07-06T16:23:39+00:00,mlp,circles,TPE,0,20,balanced_accuracy,0.940072,"{""alpha"": 9.996762179547475e-06, ""hidden_layer_sizes"": [23], ""learning_rate_init"": 0.000658067789183611}"
2026-07-06T16:23:39+00:00,mlp,circles,TPE,0,21,balanced_accuracy,0.992500,"{""alpha"": 0.004841255878276838, ""hidden_layer_sizes"": [17], ""learning_rate_init"": 0.015612575395921485}"
2026-07-06T16:23:39+00:00,mlp,circles,TPE,0,22,balanced_accuracy,0.995025,"{""alpha"": 0.0872633860934015, ""hidden_layer_sizes"": [18], ""learning_rate_init"": 0.006740580044490863}"
2026-07-06T16:23:39+00:00,mlp,circles,TPE,0,23,balanced_accuracy,0.987562,"{""alpha"": 0.09777103558712648, ""hidden_layer_sizes"": [23], ""learning_rate_init"": 0.006987473604434248}"
2026-07-06T16:23:39+00:00,mlp,circles,TPE,0,24,balanced_accuracy,0.990050,"{""alpha"": 3.111809206911866e-06, ""hidden_layer_sizes"": [14], ""learning_rate_init"": 0.003430405848545091}"
2026-07-06T16:23:39+00:00,mlp,circles,TPE,0,25,balanced_accuracy,0.995025,"{""alpha"": 4.7894116086344346e-05, ""hidden_layer_sizes"": [12], ""learning_rate_init"": 0.008621393804644434}"
2026-07-06T16:23:39+00:00,mlp,circles,TPE,0,26,balanced_accuracy,0.994987,"{""alpha"": 2.1020516825375965e-05, ""hidden_layer_sizes"": [17], ""learning_rate_init"": 0.05013853916444095}"
2026-07-06T16:23:39+00:00,mlp,circles,TPE,0,27,balanced_accuracy,0.990012,"{""alpha"": 0.0007746611348133551, ""hidden_layer_sizes"": [29], ""learning_rate_init"": 0.02020998949151877}"
2026-07-06T16:23:39+00:00,mlp,circles,TPE,0,28,balanced_accuracy,0.987524,"{""alpha"": 3.468700441282685e-06, ""hidden_layer_sizes"": [22], ""learning_rate_init"": 0.0013928850899143333}"
2026-07-06T16:23:39+00:00,mlp,circles,TPE,0,29,balanced_accuracy,0.997512,"{""alpha"": 0.0001369245384951066, ""hidden_layer_sizes"": [18], ""learning_rate_init"": 0.003594217171452785}"
2026-07-06T16:23:39+00:00,mlp,circles,TPE,0,30,balanced_accuracy,0.650422,"{""alpha"": 0.0001465623941214865, ""hidden_layer_sizes"": [10], ""learning_rate_init"": 0.004256627073844475}"
2026-07-06T16:23:39+00:00,mlp,circles,TPE,0,31,balanced_accuracy,0.990050,"{""alpha"": 0.012228647643951545, ""hidden_layer_sizes"": [17], ""learning_rate_init"": 0.005523971657188585}"
2026-07-06T16:23:39+00:00,mlp,circles,TPE,0,32,balanced_accuracy,0.985075,"{""alpha"": 1.043475341509973e-06, ""hidden_layer_sizes"": [19], ""learning_rate_init"": 0.0023136226236521286}"
2026-07-06T16:23:39+00:00,mlp,circles,TPE,0,33,balanced_accuracy,0.995025,"{""alpha"": 0.00024237665491819204, ""hidden_layer_sizes"": [18], ""learning_rate_init"": 0.00969017350148148}"
2026-07-06T16:23:39+00:00,mlp,circles,TPE,0,34,balanced_accuracy,0.992537,"{""alpha"": 6.41045582176304e-05, ""hidden_layer_sizes"": [14], ""learning_rate_init"": 0.0053054866796995006}"
2026-07-06T16:23:39+00:00,mlp,circles,TPE,0,35,balanced_accuracy,0.990050,"{""alpha"": 0.09113339257853975, ""hidden_layer_sizes"": [21], ""learning_rate_init"": 0.002846448205450433}"
2026-07-06T16:23:39+00:00,mlp,circles,TPE,0,36,balanced_accuracy,0.990012,"{""alpha"": 5.827971942649747e-06, ""hidden_layer_sizes"": [24], ""learning_rate_init"": 0.018082052274158683}"
2026-07-06T16:23:39+00:00,mlp,circles,TPE,0,37,balanced_accuracy,0.992500,"{""alpha"": 0.006589095734219108, ""hidden_layer_sizes"": [13], ""learning_rate_init"": 0.032230222079666984}"
2026-07-06T16:23:39+00:00,mlp,circles,TPE,0,38,balanced_accuracy,0.937509,"{""alpha"": 0.013159500630067062, ""hidden_layer_sizes"": [19], ""learning_rate_init"": 0.0010335617643771737}"
2026-07-06T16:23:39+00:00,mlp,circles,TPE,0,39,balanced_accuracy,0.832655,"{""alpha"": 0.04070589972411479, ""hidden_layer_sizes"": [15], ""learning_rate_init"": 0.0004216316749520588}"
2026-07-06T16:23:39+00:00,mlp,circles,TPE,0,40,balanced_accuracy,0.727612,"{""alpha"": 0.0010858487251087076, ""hidden_layer_sizes"": [7], ""learning_rate_init"": 0.008523015241984101}"
2026-07-06T16:23:39+00:00,mlp,circles,TPE,0,41,balanced_accuracy,0.467624,"{""alpha"": 6.214603299218523e-05, ""hidden_layer_sizes"": [2], ""learning_rate_init"": 0.008351906193561822}"
2026-07-06T16:23:39+00:00,mlp,circles,TPE,0,42,balanced_accuracy,0.995025,"{""alpha"": 2.5979159593293397e-05, ""hidden_layer_sizes"": [12], ""learning_rate_init"": 0.0049439635181946035}"
2026-07-06T16:23:39+00:00,mlp,circles,TPE,0,43,balanced_accuracy,0.987524,"{""alpha"": 4.344530984207811e-05, ""hidden_layer_sizes"": [16], ""learning_rate_init"": 0.011682474457281985}"
2026-07-06T16:23:39+00:00,mlp,circles,TPE,0,44,balanced_accuracy,0.990012,"{""alpha"": 0.0002756403192889002, ""hidden_layer_sizes"": [20], ""learning_rate_init"": 0.0029414861212823016}"
2026-07-06T16:23:39+00:00,mlp,circles,TPE,0,45,balanced_accuracy,0.995025,"{""alpha"": 0.00010801962601306931, ""hidden_layer_sizes"": [12], ""learning_rate_init"": 0.0063919723059644796}"
2026-07-06T16:23:39+00:00,mlp,circles,TPE,0,46,balanced_accuracy,0.737713,"{""alpha"": 1.4130890266467485e-05, ""hidden_layer_sizes"": [6], ""learning_rate_init"": 0.002054304236990043}"
2026-07-06T16:23:39+00:00,mlp,circles,TPE,0,47,balanced_accuracy,0.992537,"{""alpha"": 1.7333683227162505e-06, ""hidden_layer_sizes"": [18], ""learning_rate_init"": 0.02459138587890751}"
2026-07-06T16:23:39+00:00,mlp,circles,TPE,0,48,balanced_accuracy,0.995025,"{""alpha"": 6.530008596698917e-06, ""hidden_layer_sizes"": [25], ""learning_rate_init"": 0.015064072314823826}"
2026-07-06T16:23:39+00:00,mlp,circles,TPE,0,49,balanced_accuracy,0.775026,"{""alpha"": 0.0006883442451849477, ""hidden_layer_sizes"": [28], ""learning_rate_init"": 0.00015508811724783026}"
2026-07-06T16:24:35+00:00,rf,circles,TPE,0,0,balanced_accuracy,0.984999,"{""max_depth"": 15, ""max_features"": null, ""min_samples_split"": 13, ""n_estimators"": 297}"
2026-07-06T16:24:35+00:00,rf,circles,TPE,0,1,balanced_accuracy,0.992500,"{""max_depth"": 18, ""max_features"": ""log2"", ""min_samples_split"": 20, ""n_estimators"": 247}"
2026-07-06T16:24:35+00:00,rf,circles,TPE,0,2,balanced_accuracy,0.987524,"{""max_depth"": 19, ""max_features"": null, ""min_samples_split"": 3, ""n_estimators"": 306}"
2026-07-06T16:24:35+00:00,rf,circles,TPE,0,3,balanced_accuracy,0.992500,"{""max_depth"": 18, ""max_features"": ""sqrt"", ""min_samples_split"": 20, ""n_estimators"": 400}"
2026-07-06T16:24:35+00:00,rf,circles,TPE,0,4,balanced_accuracy,0.992500,"{""max_depth"": 14, ""max_features"": ""sqrt"", ""min_samples_split"": 4, ""n_estimators"": 103}"
2026-07-06T16:24:35+00:00,rf,circles,TPE,0,5,balanced_accuracy,0.984999,"{""max_depth"": 16, ""max_features"": null, ""min_samples_split"": 10, ""n_estimators"": 169}"
2026-07-06T16:24:35+00:00,rf,circles,TPE,0,6,balanced_accuracy,0.992500,"{""max_depth"": 13, ""max_features"": ""sqrt"", ""min_samples_split"": 19, ""n_estimators"": 326}"
2026-07-06T16:24:35+00:00,rf,circles,TPE,0,7,balanced_accuracy,0.987449,"{""max_depth"": 3, ""max_features"": ""sqrt"", ""min_samples_split"": 14, ""n_estimators"": 364}"
2026-07-06T16:24:35+00:00,rf,circles,TPE,0,8,balanced_accuracy,0.989974,"{""max_depth"": 8, ""max_features"": ""log2"", ""min_samples_split"": 12, ""n_estimators"": 192}"
2026-07-06T16:24:35+00:00,rf,circles,TPE,0,9,balanced_accuracy,0.989974,"{""max_depth"": 5, ""max_features"": ""log2"", ""min_samples_split"": 14, ""n_estimators"": 144}"
2026-07-06T16:24:35+00:00,rf,circles,TPE,0,10,balanced_accuracy,0.989974,"{""max_depth"": 11, ""max_features"": ""log2"", ""min_samples_split"": 7, ""n_estimators"": 474}"
2026-07-06T16:24:35+00:00,rf,circles,TPE,0,11,balanced_accuracy,0.992500,"{""max_depth"": 20, ""max_features"": ""log2"", ""min_samples_split"": 20, ""n_estimators"": 478}"
2026-07-06T16:24:35+00:00,rf,circles,TPE,0,12,balanced_accuracy,0.992500,"{""max_depth"": 18, ""max_features"": ""sqrt"", ""min_samples_split"": 17, ""n_estimators"": 399}"
2026-07-06T16:24:35+00:00,rf,circles,TPE,0,13,balanced_accuracy,0.992500,"{""max_depth"": 17, ""max_features"": ""log2"", ""min_samples_split"": 17, ""n_estimators"": 242}"
2026-07-06T16:24:35+00:00,rf,circles,TPE,0,14,balanced_accuracy,0.992500,"{""max_depth"": 11, ""max_features"": ""sqrt"", ""min_samples_split"": 17, ""n_estimators"": 415}"
2026-07-06T16:24:35+00:00,rf,circles,TPE,0,15,balanced_accuracy,0.987487,"{""max_depth"": 20, ""max_features"": ""sqrt"", ""min_samples_split"": 20, ""n_estimators"": 57}"
2026-07-06T16:24:35+00:00,rf,circles,TPE,0,16,balanced_accuracy,0.992500,"{""max_depth"": 17, ""max_features"": ""log2"", ""min_samples_split"": 17, ""n_estimators"": 231}"
2026-07-06T16:24:35+00:00,rf,circles,TPE,0,17,balanced_accuracy,0.992500,"{""max_depth"": 12, ""max_features"": ""sqrt"", ""min_samples_split"": 18, ""n_estimators"": 255}"
2026-07-06T16:24:35+00:00,rf,circles,TPE,0,18,balanced_accuracy,0.992500,"{""max_depth"": 9, ""max_features"": ""log2"", ""min_samples_split"": 15, ""n_estimators"": 421}"
2026-07-06T16:24:35+00:00,rf,circles,TPE,0,19,balanced_accuracy,0.982474,"{""max_depth"": 15, ""max_features"": null, ""min_samples_split"": 20, ""n_estimators"": 360}"
2026-07-06T16:24:35+00:00,rf,circles,TPE,0,20,balanced_accuracy,0.989974,"{""max_depth"": 18, ""max_features"": ""log2"", ""min_samples_split"": 11, ""n_estimators"": 500}"
2026-07-06T16:24:35+00:00,rf,circles,TPE,0,21,balanced_accuracy,0.990012,"{""max_depth"": 14, ""max_features"": ""sqrt"", ""min_samples_split"": 2, ""n_estimators"": 80}"
2026-07-06T16:24:35+00:00,rf,circles,TPE,0,22,balanced_accuracy,0.990012,"{""max_depth"": 16, ""max_features"": ""sqrt"", ""min_samples_split"": 7, ""n_estimators"": 114}"
2026-07-06T16:24:35+00:00,rf,circles,TPE,0,23,balanced_accuracy,0.992500,"{""max_depth"": 14, ""max_features"": ""sqrt"", ""min_samples_split"": 9, ""n_estimators"": 213}"
2026-07-06T16:24:35+00:00,rf,circles,TPE,0,24,balanced_accuracy,0.990012,"{""max_depth"": 18, ""max_features"": ""sqrt"", ""min_samples_split"": 4, ""n_estimators"": 275}"
2026-07-06T16:24:35+00:00,rf,circles,TPE,0,25,balanced_accuracy,0.990012,"{""max_depth"": 20, ""max_features"": ""sqrt"", ""min_samples_split"": 6, ""n_estimators"": 124}"
2026-07-06T16:24:35+00:00,rf,circles,TPE,0,26,balanced_accuracy,0.989974,"{""max_depth"": 13, ""max_features"": ""sqrt"", ""min_samples_split"": 15, ""n_estimators"": 180}"
2026-07-06T16:24:35+00:00,rf,circles,TPE,0,27,balanced_accuracy,0.987487,"{""max_depth"": 9, ""max_features"": ""sqrt"", ""min_samples_split"": 8, ""n_estimators"": 88}"
2026-07-06T16:24:35+00:00,rf,circles,TPE,0,28,balanced_accuracy,0.987524,"{""max_depth"": 16, ""max_features"": null, ""min_samples_split"": 5, ""n_estimators"": 351}"
2026-07-06T16:24:35+00:00,rf,circles,TPE,0,29,balanced_accuracy,0.992500,"{""max_depth"": 15, ""max_features"": ""log2"", ""min_samples_split"": 12, ""n_estimators"": 275}"
2026-07-06T16:24:35+00:00,rf,circles,TPE,0,30,balanced_accuracy,0.982474,"{""max_depth"": 17, ""max_features"": null, ""min_samples_split"": 18, ""n_estimators"": 156}"
2026-07-06T16:24:35+00:00,rf,circles,TPE,0,31,balanced_accuracy,0.992500,"{""max_depth"": 13, ""max_features"": ""sqrt"", ""min_samples_split"": 19, ""n_estimators"": 315}"
2026-07-06T16:24:35+00:00,rf,circles,TPE,0,32,balanced_accuracy,0.992500,"{""max_depth"": 11, ""max_features"": ""sqrt"", ""min_samples_split"": 19, ""n_estimators"": 324}"
2026-07-06T16:24:35+00:00,rf,circles,TPE,0,33,balanced_accuracy,0.992500,"{""max_depth"": 19, ""max_features"": ""sqrt"", ""min_samples_split"": 19, ""n_estimators"": 435}"
2026-07-06T16:24:35+00:00,rf,circles,TPE,0,34,balanced_accuracy,0.992500,"{""max_depth"": 14, ""max_features"": ""sqrt"", ""min_samples_split"": 16, ""n_estimators"": 384}"
2026-07-06T16:24:35+00:00,rf,circles,TPE,0,35,balanced_accuracy,0.982474,"{""max_depth"": 15, ""max_features"": null, ""min_samples_split"": 18, ""n_estimators"": 285}"
2026-07-06T16:24:35+00:00,rf,circles,TPE,0,36,balanced_accuracy,0.989974,"{""max_depth"": 5, ""max_features"": ""sqrt"", ""min_samples_split"": 13, ""n_estimators"": 332}"
2026-07-06T16:24:35+00:00,rf,circles,TPE,0,37,balanced_accuracy,0.992500,"{""max_depth"": 12, ""max_features"": ""log2"", ""min_samples_split"": 10, ""n_estimators"": 209}"
2026-07-06T16:24:35+00:00,rf,circles,TPE,0,38,balanced_accuracy,0.992500,"{""max_depth"": 19, ""max_features"": ""sqrt"", ""min_samples_split"": 20, ""n_estimators"": 444}"
2026-07-06T16:24:35+00:00,rf,circles,TPE,0,39,balanced_accuracy,0.990012,"{""max_depth"": 9, ""max_features"": ""log2"", ""min_samples_split"": 2, ""n_estimators"": 384}"
2026-07-06T16:24:35+00:00,rf,circles,TPE,0,40,balanced_accuracy,0.984999,"{""max_depth"": 7, ""max_features"": null, ""min_samples_split"": 15, ""n_estimators"": 343}"
2026-07-06T16:24:35+00:00,rf,circles,TPE,0,41,balanced_accuracy,0.992500,"{""max_depth"": 19, ""max_features"": ""log2"", ""min_samples_split"": 20, ""n_estimators"": 387}"
2026-07-06T16:24:35+00:00,rf,circles,TPE,0,42,balanced_accuracy,0.992500,"{""max_depth"": 20, ""max_features"": ""log2"", ""min_samples_split"": 19, ""n_estimators"": 476}"
2026-07-06T16:24:35+00:00,rf,circles,TPE,0,43,balanced_accuracy,0.992500,"{""max_depth"": 18, ""max_features"": ""log2"", ""min_samples_split"": 18, ""n_estimators"": 449}"
2026-07-06T16:24:35+00:00,rf,circles,TPE,0,44,balanced_accuracy,0.992500,"{""max_depth"": 17, ""max_features"": ""log2"", ""min_samples_split"": 16, ""n_estimators"": 305}"
2026-07-06T16:24:35+00:00,rf,circles,TPE,0,45,balanced_accuracy,0.992500,"{""max_depth"": 19, ""max_features"": ""log2"", ""min_samples_split"": 20, ""n_estimators"": 466}"
2026-07-06T16:24:35+00:00,rf,circles,TPE,0,46,balanced_accuracy,0.992500,"{""max_depth"": 16, ""max_features"": ""sqrt"", ""min_samples_split"": 19, ""n_estimators"": 368}"
2026-07-06T16:24:35+00:00,rf,circles,TPE,0,47,balanced_accuracy,0.992500,"{""max_depth"": 20, ""max_features"": ""log2"", ""min_samples_split"": 17, ""n_estimators"": 409}"
2026-07-06T16:24:35+00:00,rf,circles,TPE,0,48,balanced_accuracy,0.992500,"{""max_depth"": 12, ""max_features"": ""sqrt"", ""min_samples_split"": 16, ""n_estimators"": 251}"
2026-07-06T16:24:35+00:00,rf,circles,TPE,0,49,balanced_accuracy,0.992500,"{""max_depth"": 18, ""max_features"": ""log2"", ""min_samples_split"": 20, ""n_estimators"": 499}"
2026-07-06T16:24:36+00:00,svm_linear,circles,TPE,0,0,balanced_accuracy,0.490050,"{""C"": 1.96282248134428}"
2026-07-06T16:24:36+00:00,svm_linear,circles,TPE,0,1,balanced_accuracy,0.490087,"{""C"": 19.549524484259873}"
2026-07-06T16:24:36+00:00,svm_linear,circles,TPE,0,2,balanced_accuracy,0.490087,"{""C"": 4.135997393839888}"
2026-07-06T16:24:36+00:00,svm_linear,circles,TPE,0,3,balanced_accuracy,0.490050,"{""C"": 1.8590843630169627}"
2026-07-06T16:24:36+00:00,svm_linear,circles,TPE,0,4,balanced_accuracy,0.490125,"{""C"": 0.348280208702833}"
2026-07-06T16:24:36+00:00,svm_linear,circles,TPE,0,5,balanced_accuracy,0.490087,"{""C"": 7.505241622349544}"
2026-07-06T16:24:36+00:00,svm_linear,circles,TPE,0,6,balanced_accuracy,0.490125,"{""C"": 0.4222048983149828}"
2026-07-06T16:24:36+00:00,svm_linear,circles,TPE,0,7,balanced_accuracy,0.490087,"{""C"": 224.2012371372442}"
2026-07-06T16:24:36+00:00,svm_linear,circles,TPE,0,8,balanced_accuracy,0.492575,"{""C"": 605.3082080079017}"
2026-07-06T16:24:36+00:00,svm_linear,circles,TPE,0,9,balanced_accuracy,0.492613,"{""C"": 0.1998246739232945}"
2026-07-06T16:24:36+00:00,svm_linear,circles,TPE,0,10,balanced_accuracy,0.504975,"{""C"": 0.0013243623620587995}"
2026-07-06T16:24:36+00:00,svm_linear,circles,TPE,0,11,balanced_accuracy,0.504975,"{""C"": 0.0015199454776972608}"
2026-07-06T16:24:36+00:00,svm_linear,circles,TPE,0,12,balanced_accuracy,0.504975,"{""C"": 0.0013323336863192534}"
2026-07-06T16:24:36+00:00,svm_linear,circles,TPE,0,13,balanced_accuracy,0.504975,"{""C"": 0.0013190919167740047}"
2026-07-06T16:24:36+00:00,svm_linear,circles,TPE,0,14,balanced_accuracy,0.504975,"{""C"": 0.013416647402932462}"
2026-07-06T16:24:36+00:00,svm_linear,circles,TPE,0,15,balanced_accuracy,0.504975,"{""C"": 0.011144998339996406}"
2026-07-06T16:24:36+00:00,svm_linear,circles,TPE,0,16,balanced_accuracy,0.504975,"{""C"": 0.015935725551758203}"
2026-07-06T16:24:36+00:00,svm_linear,circles,TPE,0,17,balanced_accuracy,0.504975,"{""C"": 0.00465523486549615}"
2026-07-06T16:24:36+00:00,svm_linear,circles,TPE,0,18,balanced_accuracy,0.519900,"{""C"": 0.03138162614685407}"
2026-07-06T16:24:36+00:00,svm_linear,circles,TPE,0,19,balanced_accuracy,0.539726,"{""C"": 0.04109682872052209}"
2026-07-06T16:24:36+00:00,svm_linear,circles,TPE,0,20,balanced_accuracy,0.485301,"{""C"": 0.09497052875809317}"
2026-07-06T16:24:36+00:00,svm_linear,circles,TPE,0,21,balanced_accuracy,0.460877,"{""C"": 0.06241720734994452}"
2026-07-06T16:24:36+00:00,svm_linear,circles,TPE,0,22,balanced_accuracy,0.484057,"{""C"": 0.04861835348778329}"
2026-07-06T16:24:36+00:00,svm_linear,circles,TPE,0,23,balanced_accuracy,0.504975,"{""C"": 0.004164542542165493}"
2026-07-06T16:24:36+00:00,svm_linear,circles,TPE,0,24,balanced_accuracy,0.504975,"{""C"": 0.025095994625543266}"
2026-07-06T16:24:36+00:00,svm_linear,circles,TPE,0,25,balanced_accuracy,0.504975,"{""C"": 0.0051621857309950125}"
2026-07-06T16:24:36+00:00,svm_linear,circles,TPE,0,26,balanced_accuracy,0.495138,"{""C"": 0.14960350809145187}"
2026-07-06T16:24:36+00:00,svm_linear,circles,TPE,0,27,balanced_accuracy,0.490125,"{""C"": 0.5967168010157189}"
2026-07-06T16:24:36+00:00,svm_linear,circles,TPE,0,28,balanced_accuracy,0.517413,"{""C"": 0.03065452690422329}"
2026-07-06T16:24:36+00:00,svm_linear,circles,TPE,0,29,balanced_accuracy,0.497588,"{""C"": 0.8835336739142525}"
2026-07-06T16:24:36+00:00,svm_linear,circles,TPE,0,30,balanced_accuracy,0.534637,"{""C"": 0.042481987028742056}"
2026-07-06T16:24:36+00:00,svm_linear,circles,TPE,0,31,balanced_accuracy,0.527363,"{""C"": 0.03363273578669295}"
2026-07-06T16:24:36+00:00,svm_linear,circles,TPE,0,32,balanced_accuracy,0.475539,"{""C"": 0.07652281332827617}"
2026-07-06T16:24:36+00:00,svm_linear,circles,TPE,0,33,balanced_accuracy,0.504975,"{""C"": 0.006774739756898855}"
2026-07-06T16:24:36+00:00,svm_linear,circles,TPE,0,34,balanced_accuracy,0.492575,"{""C"": 0.17644019261220725}"
2026-07-06T16:24:36+00:00,svm_linear,circles,TPE,0,35,balanced_accuracy,0.522388,"{""C"": 0.03265082480850459}"
2026-07-06T16:24:36+00:00,svm_linear,circles,TPE,0,36,balanced_accuracy,0.490050,"{""C"": 1.8567149344645055}"
2026-07-06T16:24:36+00:00,svm_linear,circles,TPE,0,37,balanced_accuracy,0.492613,"{""C"": 0.25177849125129215}"
2026-07-06T16:24:36+00:00,svm_linear,circles,TPE,0,38,balanced_accuracy,0.485225,"{""C"": 0.09714368235887323}"
2026-07-06T16:24:36+00:00,svm_linear,circles,TPE,0,39,balanced_accuracy,0.490087,"{""C"": 26.820599800302446}"
2026-07-06T16:24:36+00:00,svm_linear,circles,TPE,0,40,balanced_accuracy,0.490050,"{""C"": 1.216320749583644}"
2026-07-06T16:24:36+00:00,svm_linear,circles,TPE,0,41,balanced_accuracy,0.527363,"{""C"": 0.03322376217169962}"
2026-07-06T16:24:36+00:00,svm_linear,circles,TPE,0,42,balanced_accuracy,0.539763,"{""C"": 0.039126073200279526}"
2026-07-06T16:24:36+00:00,svm_linear,circles,TPE,0,43,balanced_accuracy,0.504975,"{""C"": 0.014235581286517201}"
2026-07-06T16:24:36+00:00,svm_linear,circles,TPE,0,44,balanced_accuracy,0.487600,"{""C"": 0.3258005359245587}"
2026-07-06T16:24:36+00:00,svm_linear,circles,TPE,0,45,balanced_accuracy,0.504975,"{""C"": 0.008602734879066742}"
2026-07-06T16:24:36+00:00,svm_linear,circles,TPE,0,46,balanced_accuracy,0.504975,"{""C"": 0.003234885634060921}"
2026-07-06T16:24:36+00:00,svm_linear,circles,TPE,0,47,balanced_accuracy,0.494158,"{""C"": 0.04620306876066151}"
2026-07-06T16:24:36+00:00,svm_linear,circles,TPE,0,48,balanced_accuracy,0.490087,"{""C"": 4.6463098956005355}"
2026-07-06T16:24:36+00:00,svm_linear,circles,TPE,0,49,balanced_accuracy,0.504975,"{""C"": 0.021000477899850684}"
2026-07-06T16:24:37+00:00,svm_rbf,circles,TPE,0,0,balanced_accuracy,0.990012,"{""C"": 1.96282248134428, ""gamma"": 0.3766576841599298}"
2026-07-06T16:24:37+00:00,svm_rbf,circles,TPE,0,1,balanced_accuracy,0.980062,"{""C"": 4.135997393839888, ""gamma"": 0.05301709347576828}"
2026-07-06T16:24:37+00:00,svm_rbf,circles,TPE,0,2,balanced_accuracy,0.977574,"{""C"": 0.348280208702833, ""gamma"": 0.1696174638729098}"
2026-07-06T16:24:37+00:00,svm_rbf,circles,TPE,0,3,balanced_accuracy,0.987487,"{""C"": 0.4222048983149828, ""gamma"": 2.8765041432546945}"
2026-07-06T16:24:37+00:00,svm_rbf,circles,TPE,0,4,balanced_accuracy,0.985037,"{""C"": 605.3082080079017, ""gamma"": 0.008264328927007725}"
2026-07-06T16:24:37+00:00,svm_rbf,circles,TPE,0,5,balanced_accuracy,0.987524,"{""C"": 56.27949975223143, ""gamma"": 0.04410365667970985}"
2026-07-06T16:24:37+00:00,svm_rbf,circles,TPE,0,6,balanced_accuracy,0.990012,"{""C"": 2.5601615250028704, ""gamma"": 4.246031301768208}"
2026-07-06T16:24:37+00:00,svm_rbf,circles,TPE,0,7,balanced_accuracy,0.509950,"{""C"": 0.002668187524237051, ""gamma"": 0.00027267573880087313}"
2026-07-06T16:24:37+00:00,svm_rbf,circles,TPE,0,8,balanced_accuracy,0.659204,"{""C"": 0.001322240284589594, ""gamma"": 1.4557916623227765}"
2026-07-06T16:24:37+00:00,svm_rbf,circles,TPE,0,9,balanced_accuracy,0.992462,"{""C"": 46.659545670218456, ""gamma"": 2.239034272168371}"
2026-07-06T16:24:37+00:00,svm_rbf,circles,TPE,0,10,balanced_accuracy,0.507463,"{""C"": 0.03796760532000351, ""gamma"": 0.0001878062513645153}"
2026-07-06T16:24:37+00:00,svm_rbf,circles,TPE,0,11,balanced_accuracy,0.992537,"{""C"": 47.69257849836579, ""gamma"": 0.41072476556843207}"
2026-07-06T16:24:37+00:00,svm_rbf,circles,TPE,0,12,balanced_accuracy,0.990012,"{""C"": 78.75687284157931, ""gamma"": 9.013863300677023}"
2026-07-06T16:24:37+00:00,svm_rbf,circles,TPE,0,13,balanced_accuracy,0.990012,"{""C"": 42.137885318557025, ""gamma"": 0.5847948457209017}"
2026-07-06T16:24:37+00:00,svm_rbf,circles,TPE,0,14,balanced_accuracy,0.977574,"{""C"": 906.1322009654928, ""gamma"": 0.0038513516452689913}"
2026-07-06T16:24:37+00:00,svm_rbf,circles,TPE,0,15,balanced_accuracy,0.987524,"{""C"": 14.118235437725152, ""gamma"": 0.12363093935819557}"
2026-07-06T16:24:37+00:00,svm_rbf,circles,TPE,0,16,balanced_accuracy,0.997512,"{""C"": 100.29826198743957, ""gamma"": 0.9812773249722315}"
2026-07-06T16:24:37+00:00,svm_rbf,circles,TPE,0,17,balanced_accuracy,0.992500,"{""C"": 208.76272155702628, ""gamma"": 0.5164373048363964}"
2026-07-06T16:24:37+00:00,svm_rbf,circles,TPE,0,18,balanced_accuracy,0.589891,"{""C"": 9.322096102553207, ""gamma"": 0.00533683840569114}"
2026-07-06T16:24:37+00:00,svm_rbf,circles,TPE,0,19,balanced_accuracy,0.987524,"{""C"": 230.42441176708613, ""gamma"": 0.02942005763782637}"
2026-07-06T16:24:37+00:00,svm_rbf,circles,TPE,0,20,balanced_accuracy,0.542289,"{""C"": 0.3724276907531453, ""gamma"": 0.001309378075381202}"
2026-07-06T16:24:37+00:00,svm_rbf,circles,TPE,0,21,balanced_accuracy,0.992500,"{""C"": 137.11611261538638, ""gamma"": 0.6756905355043162}"
2026-07-06T16:24:37+00:00,svm_rbf,circles,TPE,0,22,balanced_accuracy,0.995025,"{""C"": 306.18168100016754, ""gamma"": 0.19557543331321323}"
2026-07-06T16:24:37+00:00,svm_rbf,circles,TPE,0,23,balanced_accuracy,0.990050,"{""C"": 13.379073307176284, ""gamma"": 0.1887119627630071}"
2026-07-06T16:24:37+00:00,svm_rbf,circles,TPE,0,24,balanced_accuracy,0.997512,"{""C"": 372.2040158897199, ""gamma"": 1.2733424345019475}"
2026-07-06T16:24:37+00:00,svm_rbf,circles,TPE,0,25,balanced_accuracy,0.997512,"{""C"": 462.293653974572, ""gamma"": 1.2945019844542331}"
2026-07-06T16:24:37+00:00,svm_rbf,circles,TPE,0,26,balanced_accuracy,0.990012,"{""C"": 730.7875564959486, ""gamma"": 9.273048203340062}"
2026-07-06T16:24:37+00:00,svm_rbf,circles,TPE,0,27,balanced_accuracy,0.987487,"{""C"": 342.96305891821066, ""gamma"": 4.506371795761644}"
2026-07-06T16:24:37+00:00,svm_rbf,circles,TPE,0,28,balanced_accuracy,0.997512,"{""C"": 124.3639229483516, ""gamma"": 1.2412189266878615}"
2026-07-06T16:24:37+00:00,svm_rbf,circles,TPE,0,29,balanced_accuracy,0.990012,"{""C"": 20.49829912237307, ""gamma"": 1.1037735345947695}"
2026-07-06T16:24:37+00:00,svm_rbf,circles,TPE,0,30,balanced_accuracy,0.995025,"{""C"": 973.312404405227, ""gamma"": 0.09636088999218302}"
2026-07-06T16:24:37+00:00,svm_rbf,circles,TPE,0,31,balanced_accuracy,0.997512,"{""C"": 104.1331723445388, ""gamma"": 1.2557026201248032}"
2026-07-06T16:24:37+00:00,svm_rbf,circles,TPE,0,32,balanced_accuracy,0.997512,"{""C"": 161.66758320295517, ""gamma"": 1.0439965250309435}"
2026-07-06T16:24:37+00:00,svm_rbf,circles,TPE,0,33,balanced_accuracy,0.990050,"{""C"": 5.973330888499491, ""gamma"": 0.3387168503134201}"
2026-07-06T16:24:37+00:00,svm_rbf,circles,TPE,0,34,balanced_accuracy,0.989974,"{""C"": 25.606812427914043, ""gamma"": 2.4585755835140772}"
2026-07-06T16:24:37+00:00,svm_rbf,circles,TPE,0,35,balanced_accuracy,0.987487,"{""C"": 329.6802281424708, ""gamma"": 3.11138538729191}"
2026-07-06T16:24:37+00:00,svm_rbf,circles,TPE,0,36,balanced_accuracy,0.992537,"{""C"": 447.01473516069274, ""gamma"": 0.29746839888619014}"
2026-07-06T16:24:37+00:00,svm_rbf,circles,TPE,0,37,balanced_accuracy,0.992500,"{""C"": 1.6886096769643444, ""gamma"": 5.940724778048076}"
2026-07-06T16:24:37+00:00,svm_rbf,circles,TPE,0,38,balanced_accuracy,0.994987,"{""C"": 107.65075809513162, ""gamma"": 0.8898870838976151}"
2026-07-06T16:24:37+00:00,svm_rbf,circles,TPE,0,39,balanced_accuracy,0.992500,"{""C"": 31.197089197524825, ""gamma"": 1.865567044942354}"
2026-07-06T16:24:37+00:00,svm_rbf,circles,TPE,0,40,balanced_accuracy,0.942673,"{""C"": 1.0202637215887724, ""gamma"": 0.05287497185096201}"
2026-07-06T16:24:37+00:00,svm_rbf,circles,TPE,0,41,balanced_accuracy,0.994987,"{""C"": 110.54980010298638, ""gamma"": 1.5404408285106026}"
2026-07-06T16:24:37+00:00,svm_rbf,circles,TPE,0,42,balanced_accuracy,0.987487,"{""C"": 66.01629615203913, ""gamma"": 3.3442836769416413}"
2026-07-06T16:24:37+00:00,svm_rbf,circles,TPE,0,43,balanced_accuracy,0.992500,"{""C"": 506.91613475322055, ""gamma"": 0.7479205068780189}"
2026-07-06T16:24:37+00:00,svm_rbf,circles,TPE,0,44,balanced_accuracy,0.875622,"{""C"": 0.05686540478835785, ""gamma"": 0.24219158006007988}"
2026-07-06T16:24:37+00:00,svm_rbf,circles,TPE,0,45,balanced_accuracy,0.994987,"{""C"": 85.12458890015932, ""gamma"": 1.6995419718613778}"
2026-07-06T16:24:37+00:00,svm_rbf,circles,TPE,0,46,balanced_accuracy,0.992500,"{""C"": 197.9879351191153, ""gamma"": 0.40968003658104735}"
2026-07-06T16:24:37+00:00,svm_rbf,circles,TPE,0,47,balanced_accuracy,0.990050,"{""C"": 59.69208155876752, ""gamma"": 0.08530117955574146}"
2026-07-06T16:24:37+00:00,svm_rbf,circles,TPE,0,48,balanced_accuracy,0.994987,"{""C"": 466.9992873927655, ""gamma"": 1.42162910300847}"
2026-07-06T16:24:37+00:00,svm_rbf,circles,TPE,0,49,balanced_accuracy,0.992537,"{""C"": 4.331325204409876, ""gamma"": 6.2574255853862395}"
2026-07-06T16:24:44+00:00,xgboost,circles,TPE,0,0,balanced_accuracy,0.984999,"{""colsample_bytree"": 0.7118273996694524, ""learning_rate"": 0.05910317077425309, ""max_depth"": 7, ""n_estimators"": 297, ""reg_lambda"": 0.3833332156156664, ""subsample"": 0.7724415914984484}"
2026-07-06T16:24:44+00:00,xgboost,circles,TPE,0,1,balanced_accuracy,0.985037,"{""colsample_bytree"": 0.8958625190413323, ""learning_rate"": 0.1618191272832578, ""max_depth"": 10, ""n_estimators"": 247, ""reg_lambda"": 0.13049073550362397, ""subsample"": 0.6917207594128889}"
2026-07-06T16:24:44+00:00,xgboost,circles,TPE,0,2,balanced_accuracy,0.984962,"{""colsample_bytree"": 0.5101091987201629, ""learning_rate"": 0.1962524585239014, ""max_depth"": 2, ""n_estimators"": 306, ""reg_lambda"": 2.1403233140986067, ""subsample"": 0.5435646498507704}"
2026-07-06T16:24:44+00:00,xgboost,circles,TPE,0,3,balanced_accuracy,0.982474,"{""colsample_bytree"": 0.7307396811264659, ""learning_rate"": 0.14293072093890533, ""max_depth"": 10, ""n_estimators"": 400, ""reg_lambda"": 1.3246974647468452, ""subsample"": 0.8995792821083618}"
2026-07-06T16:24:44+00:00,xgboost,circles,TPE,0,4,balanced_accuracy,0.984999,"{""colsample_bytree"": 0.7609241608750359, ""learning_rate"": 0.038473523622807364, ""max_depth"": 3, ""n_estimators"": 103, ""reg_lambda"": 0.045566719139214756, ""subsample"": 0.972334458524792}"
2026-07-06T16:24:44+00:00,xgboost,circles,TPE,0,5,balanced_accuracy,0.987524,"{""colsample_bytree"": 0.5093949002181776, ""learning_rate"": 0.08276957557192281, ""max_depth"": 6, ""n_estimators"": 169, ""reg_lambda"": 0.2954894558726685, ""subsample"": 0.7842169744343243}"
2026-07-06T16:24:44+00:00,xgboost,circles,TPE,0,6,balanced_accuracy,0.984999,"{""colsample_bytree"": 0.679753950286893, ""learning_rate"": 0.03374584570073953, ""max_depth"": 10, ""n_estimators"": 326, ""reg_lambda"": 0.05599223654063348, ""subsample"": 0.8409101495517417}"
2026-07-06T16:24:44+00:00,xgboost,circles,TPE,0,7,balanced_accuracy,0.960011,"{""colsample_bytree"": 0.6051912805369204, ""learning_rate"": 0.0014098918363046988, ""max_depth"": 8, ""n_estimators"": 364, ""reg_lambda"": 0.0032787264983352763, ""subsample"": 0.8353189348090797}"
2026-07-06T16:24:44+00:00,xgboost,circles,TPE,0,8,balanced_accuracy,0.972524,"{""colsample_bytree"": 0.9941869190296131, ""learning_rate"": 0.007960781083787736, ""max_depth"": 7, ""n_estimators"": 192, ""reg_lambda"": 0.0025596420901526653, ""subsample"": 0.7193007567311602}"
2026-07-06T16:24:44+00:00,xgboost,circles,TPE,0,9,balanced_accuracy,0.970036,"{""colsample_bytree"": 0.7331553864281531, ""learning_rate"": 0.002509477090866099, ""max_depth"": 7, ""n_estimators"": 144, ""reg_lambda"": 0.009499535455183799, ""subsample"": 0.626645801269891}"
2026-07-06T16:24:44+00:00,xgboost,circles,TPE,0,10,balanced_accuracy,0.987487,"{""colsample_bytree"": 0.8732781732595272, ""learning_rate"": 0.0075382837100265885, ""max_depth"": 4, ""n_estimators"": 474, ""reg_lambda"": 8.3673989109891, ""subsample"": 0.5100229215872223}"
2026-07-06T16:24:44+00:00,xgboost,circles,TPE,0,11,balanced_accuracy,0.987487,"{""colsample_bytree"": 0.8565284688926472, ""learning_rate"": 0.009465465888710008, ""max_depth"": 4, ""n_estimators"": 452, ""reg_lambda"": 8.240404803372321, ""subsample"": 0.5191600801521363}"
2026-07-06T16:24:44+00:00,xgboost,circles,TPE,0,12,balanced_accuracy,0.982436,"{""colsample_bytree"": 0.5286994230746794, ""learning_rate"": 0.010220821922091236, ""max_depth"": 5, ""n_estimators"": 500, ""reg_lambda"": 7.050631735202437, ""subsample"": 0.6254056329013273}"
2026-07-06T16:24:44+00:00,xgboost,circles,TPE,0,13,balanced_accuracy,0.972448,"{""colsample_bytree"": 0.8286916893890148, ""learning_rate"": 0.003620946264561861, ""max_depth"": 5, ""n_estimators"": 77, ""reg_lambda"": 0.6276972028535031, ""subsample"": 0.9833889731679984}"
2026-07-06T16:24:44+00:00,xgboost,circles,TPE,0,14,balanced_accuracy,0.982474,"{""colsample_bytree"": 0.9740668792387487, ""learning_rate"": 0.023975019731349898, ""max_depth"": 5, ""n_estimators"": 218, ""reg_lambda"": 0.21105761330702297, ""subsample"": 0.6018239690846651}"
2026-07-06T16:24:44+00:00,xgboost,circles,TPE,0,15,balanced_accuracy,0.984999,"{""colsample_bytree"": 0.5931184950699459, ""learning_rate"": 0.08647987822176156, ""max_depth"": 4, ""n_estimators"": 420, ""reg_lambda"": 3.151314237569665, ""subsample"": 0.7142967158241783}"
2026-07-06T16:24:44+00:00,xgboost,circles,TPE,0,16,balanced_accuracy,0.979986,"{""colsample_bytree"": 0.6186331649268071, ""learning_rate"": 0.01756010630847402, ""max_depth"": 6, ""n_estimators"": 170, ""reg_lambda"": 0.01732611094818685, ""subsample"": 0.7877627817387075}"
2026-07-06T16:24:44+00:00,xgboost,circles,TPE,0,17,balanced_accuracy,0.979949,"{""colsample_bytree"": 0.9274662842386744, ""learning_rate"": 0.004523518900434151, ""max_depth"": 2, ""n_estimators"": 50, ""reg_lambda"": 0.902241578372079, ""subsample"": 0.9190719376277003}"
2026-07-06T16:24:44+00:00,xgboost,circles,TPE,0,18,balanced_accuracy,0.979949,"{""colsample_bytree"": 0.7889111767713847, ""learning_rate"": 0.09448249014945966, ""max_depth"": 8, ""n_estimators"": 497, ""reg_lambda"": 4.307688221401681, ""subsample"": 0.5656391139476892}"
2026-07-06T16:24:44+00:00,xgboost,circles,TPE,0,19,balanced_accuracy,0.982512,"{""colsample_bytree"": 0.6547535273506816, ""learning_rate"": 0.25695788298703254, ""max_depth"": 4, ""n_estimators"": 255, ""reg_lambda"": 0.08021150630784872, ""subsample"": 0.6673607085091586}"
2026-07-06T16:24:44+00:00,xgboost,circles,TPE,0,20,balanced_accuracy,0.980024,"{""colsample_bytree"": 0.5533357832389402, ""learning_rate"": 0.0012315215552545422, ""max_depth"": 6, ""n_estimators"": 381, ""reg_lambda"": 0.36657935179102624, ""subsample"": 0.7522298319281439}"
2026-07-06T16:24:44+00:00,xgboost,circles,TPE,0,21,balanced_accuracy,0.987487,"{""colsample_bytree"": 0.8680170190640292, ""learning_rate"": 0.009681581307105197, ""max_depth"": 3, ""n_estimators"": 443, ""reg_lambda"": 6.620249237343351, ""subsample"": 0.5026931647266147}"
2026-07-06T16:24:44+00:00,xgboost,circles,TPE,0,22,balanced_accuracy,0.984999,"{""colsample_bytree"": 0.853706583068427, ""learning_rate"": 0.0061704545555924, ""max_depth"": 4, ""n_estimators"": 451, ""reg_lambda"": 1.6112138417859796, ""subsample"": 0.504449057244021}"
2026-07-06T16:24:44+00:00,xgboost,circles,TPE,0,23,balanced_accuracy,0.984962,"{""colsample_bytree"": 0.8004155786333171, ""learning_rate"": 0.015106959363454419, ""max_depth"": 3, ""n_estimators"": 454, ""reg_lambda"": 9.45493747175999, ""subsample"": 0.5739890456692832}"
2026-07-06T16:24:44+00:00,xgboost,circles,TPE,0,24,balanced_accuracy,0.975049,"{""colsample_bytree"": 0.9330890136590947, ""learning_rate"": 0.0025259561456590133, ""max_depth"": 6, ""n_estimators"": 347, ""reg_lambda"": 0.0011158803420726225, ""subsample"": 0.5348788093058778}"
2026-07-06T16:24:44+00:00,xgboost,circles,TPE,0,25,balanced_accuracy,0.982436,"{""colsample_bytree"": 0.9034739438089542, ""learning_rate"": 0.01368464395593105, ""max_depth"": 4, ""n_estimators"": 126, ""reg_lambda"": 3.4731842456613258, ""subsample"": 0.6495155278055893}"
2026-07-06T16:24:44+00:00,xgboost,circles,TPE,0,26,balanced_accuracy,0.982436,"{""colsample_bytree"": 0.8161221993561183, ""learning_rate"": 0.04510610784897555, ""max_depth"": 5, ""n_estimators"": 272, ""reg_lambda"": 9.81978172738302, ""subsample"": 0.5925423600714987}"
2026-07-06T16:24:44+00:00,xgboost,circles,TPE,0,27,balanced_accuracy,0.984962,"{""colsample_bytree"": 0.6760830393063048, ""learning_rate"": 0.005540842686491404, ""max_depth"": 3, ""n_estimators"": 471, ""reg_lambda"": 0.7353680192396678, ""subsample"": 0.5392988839368447}"
2026-07-06T16:24:44+00:00,xgboost,circles,TPE,0,28,balanced_accuracy,0.982436,"{""colsample_bytree"": 0.9463054813018559, ""learning_rate"": 0.0028450672919442975, ""max_depth"": 8, ""n_estimators"": 415, ""reg_lambda"": 2.5112706329018373, ""subsample"": 0.8114448569972588}"
2026-07-06T16:24:44+00:00,xgboost,circles,TPE,0,29,balanced_accuracy,0.982474,"{""colsample_bytree"": 0.7706072670579143, ""learning_rate"": 0.06506464310538605, ""max_depth"": 6, ""n_estimators"": 336, ""reg_lambda"": 0.27406644076899406, ""subsample"": 0.8730726238060408}"
2026-07-06T16:24:44+00:00,xgboost,circles,TPE,0,30,balanced_accuracy,0.984999,"{""colsample_bytree"": 0.8566958205454168, ""learning_rate"": 0.022560012335651802, ""max_depth"": 7, ""n_estimators"": 390, ""reg_lambda"": 4.505557179662522, ""subsample"": 0.9340860519780133}"
2026-07-06T16:24:44+00:00,xgboost,circles,TPE,0,31,balanced_accuracy,0.984999,"{""colsample_bytree"": 0.8659392988123873, ""learning_rate"": 0.010429094142503753, ""max_depth"": 3, ""n_estimators"": 441, ""reg_lambda"": 5.70670982234831, ""subsample"": 0.5034048031554575}"
2026-07-06T16:24:44+00:00,xgboost,circles,TPE,0,32,balanced_accuracy,0.987487,"{""colsample_bytree"": 0.8877810331793863, ""learning_rate"": 0.011058512295435936, ""max_depth"": 2, ""n_estimators"": 470, ""reg_lambda"": 1.4288126051720174, ""subsample"": 0.5044391241465253}"
2026-07-06T16:24:44+00:00,xgboost,circles,TPE,0,33,balanced_accuracy,0.987487,"{""colsample_bytree"": 0.8281672106180539, ""learning_rate"": 0.007365687984016044, ""max_depth"": 4, ""n_estimators"": 416, ""reg_lambda"": 6.103915222281548, ""subsample"": 0.5614379294886338}"
2026-07-06T16:24:44+00:00,xgboost,circles,TPE,0,34,balanced_accuracy,0.982474,"{""colsample_bytree"": 0.8951128380319501, ""learning_rate"": 0.023803227250888164, ""max_depth"": 3, ""n_estimators"": 280, ""reg_lambda"": 1.8269506016311794, ""subsample"": 0.5294513331595387}"
2026-07-06T16:24:44+00:00,xgboost,circles,TPE,0,35,balanced_accuracy,0.982512,"{""colsample_bytree"": 0.960402231007907, ""learning_rate"": 0.1213828468198232, ""max_depth"": 2, ""n_estimators"": 480, ""reg_lambda"": 0.17924850948889606, ""subsample"": 0.6027375354044465}"
2026-07-06T16:24:44+00:00,xgboost,circles,TPE,0,36,balanced_accuracy,0.962536,"{""colsample_bytree"": 0.7179583115622336, ""learning_rate"": 0.0016844996936507095, ""max_depth"": 9, ""n_estimators"": 313, ""reg_lambda"": 0.029650959528486, ""subsample"": 0.6918206369942748}"
2026-07-06T16:24:44+00:00,xgboost,circles,TPE,0,37,balanced_accuracy,0.982474,"{""colsample_bytree"": 0.7499945856534583, ""learning_rate"": 0.004253829885724834, ""max_depth"": 5, ""n_estimators"": 440, ""reg_lambda"": 0.10391692309212154, ""subsample"": 0.5299888471811042}"
2026-07-06T16:24:44+00:00,xgboost,circles,TPE,0,38,balanced_accuracy,0.984962,"{""colsample_bytree"": 0.5079167847384713, ""learning_rate"": 0.20029803557133077, ""max_depth"": 3, ""n_estimators"": 363, ""reg_lambda"": 0.49545989088453174, ""subsample"": 0.7497139674634583}"
2026-07-06T16:24:44+00:00,xgboost,circles,TPE,0,39,balanced_accuracy,0.982474,"{""colsample_bytree"": 0.9121599472740759, ""learning_rate"": 0.03147349648900229, ""max_depth"": 4, ""n_estimators"": 237, ""reg_lambda"": 3.0832229456513542, ""subsample"": 0.557738071076807}"
2026-07-06T16:24:44+00:00,xgboost,circles,TPE,0,40,balanced_accuracy,0.984999,"{""colsample_bytree"": 0.9938338547168845, ""learning_rate"": 0.05106780456341474, ""max_depth"": 2, ""n_estimators"": 430, ""reg_lambda"": 0.9824769411821883, ""subsample"": 0.6431751820132444}"
2026-07-06T16:24:44+00:00,xgboost,circles,TPE,0,41,balanced_accuracy,0.987487,"{""colsample_bytree"": 0.8815091230592668, ""learning_rate"": 0.01067371751553804, ""max_depth"": 2, ""n_estimators"": 472, ""reg_lambda"": 1.3427356093950755, ""subsample"": 0.5003540377092505}"
2026-07-06T16:24:44+00:00,xgboost,circles,TPE,0,42,balanced_accuracy,0.982436,"{""colsample_bytree"": 0.877291068232301, ""learning_rate"": 0.007361556866152148, ""max_depth"": 3, ""n_estimators"": 468, ""reg_lambda"": 2.2151084721654413, ""subsample"": 0.5216967617643181}"
2026-07-06T16:24:44+00:00,xgboost,circles,TPE,0,43,balanced_accuracy,0.987487,"{""colsample_bytree"": 0.8448082149563063, ""learning_rate"": 0.01163424684689818, ""max_depth"": 2, ""n_estimators"": 489, ""reg_lambda"": 9.871015817785668, ""subsample"": 0.5909350653857999}"
2026-07-06T16:24:44+00:00,xgboost,circles,TPE,0,44,balanced_accuracy,0.987487,"{""colsample_bytree"": 0.9177929366550102, ""learning_rate"": 0.009259247975549473, ""max_depth"": 3, ""n_estimators"": 405, ""reg_lambda"": 6.270637261301343, ""subsample"": 0.5223891513014856}"
2026-07-06T16:24:44+00:00,xgboost,circles,TPE,0,45,balanced_accuracy,0.982474,"{""colsample_bytree"": 0.5688535184461716, ""learning_rate"": 0.016419006139217332, ""max_depth"": 5, ""n_estimators"": 457, ""reg_lambda"": 1.0810002117547364, ""subsample"": 0.5568559644341273}"
2026-07-06T16:24:44+00:00,xgboost,circles,TPE,0,46,balanced_accuracy,0.987487,"{""colsample_bytree"": 0.7948777445498046, ""learning_rate"": 0.0060291622338179175, ""max_depth"": 2, ""n_estimators"": 377, ""reg_lambda"": 4.546292806083691, ""subsample"": 0.5776043411209535}"
2026-07-06T16:24:44+00:00,xgboost,circles,TPE,0,47,balanced_accuracy,0.982474,"{""colsample_bytree"": 0.6277323508175814, ""learning_rate"": 0.0032074817570585177, ""max_depth"": 4, ""n_estimators"": 179, ""reg_lambda"": 0.4841470234270497, ""subsample"": 0.5504734077234372}"
2026-07-06T16:24:44+00:00,xgboost,circles,TPE,0,48,balanced_accuracy,0.979911,"{""colsample_bytree"": 0.8381885092039014, ""learning_rate"": 0.0017422879882830076, ""max_depth"": 9, ""n_estimators"": 497, ""reg_lambda"": 2.3803701696107478, ""subsample"": 0.9988635270012935}"
2026-07-06T16:24:44+00:00,xgboost,circles,TPE,0,49,balanced_accuracy,0.982474,"{""colsample_bytree"": 0.6891318499602607, ""learning_rate"": 0.031589407377035826, ""max_depth"": 4, ""n_estimators"": 434, ""reg_lambda"": 7.488863120354717, ""subsample"": 0.6250047352872896}"
2026-07-06T16:24:45+00:00,knn,digits_3v5,TPE,0,0,balanced_accuracy,0.993197,"{""n_neighbors"": 17, ""p"": 1, ""weights"": ""uniform""}"
2026-07-06T16:24:45+00:00,knn,digits_3v5,TPE,0,1,balanced_accuracy,0.996599,"{""n_neighbors"": 20, ""p"": 1, ""weights"": ""distance""}"
2026-07-06T16:24:45+00:00,knn,digits_3v5,TPE,0,2,balanced_accuracy,0.993197,"{""n_neighbors"": 24, ""p"": 1, ""weights"": ""distance""}"
2026-07-06T16:24:45+00:00,knn,digits_3v5,TPE,0,3,balanced_accuracy,1.000000,"{""n_neighbors"": 3, ""p"": 2, ""weights"": ""distance""}"
2026-07-06T16:24:45+00:00,knn,digits_3v5,TPE,0,4,balanced_accuracy,0.986324,"{""n_neighbors"": 30, ""p"": 1, ""weights"": ""uniform""}"
2026-07-06T16:24:45+00:00,knn,digits_3v5,TPE,0,5,balanced_accuracy,0.996599,"{""n_neighbors"": 20, ""p"": 1, ""weights"": ""distance""}"
2026-07-06T16:24:45+00:00,knn,digits_3v5,TPE,0,6,balanced_accuracy,1.000000,"{""n_neighbors"": 8, ""p"": 1, ""weights"": ""uniform""}"
2026-07-06T16:24:45+00:00,knn,digits_3v5,TPE,0,7,balanced_accuracy,0.993197,"{""n_neighbors"": 19, ""p"": 1, ""weights"": ""distance""}"
2026-07-06T16:24:45+00:00,knn,digits_3v5,TPE,0,8,balanced_accuracy,0.996528,"{""n_neighbors"": 11, ""p"": 2, ""weights"": ""distance""}"
2026-07-06T16:24:45+00:00,knn,digits_3v5,TPE,0,9,balanced_accuracy,0.996528,"{""n_neighbors"": 21, ""p"": 2, ""weights"": ""uniform""}"
2026-07-06T16:24:45+00:00,knn,digits_3v5,TPE,0,10,balanced_accuracy,1.000000,"{""n_neighbors"": 1, ""p"": 2, ""weights"": ""distance""}"
2026-07-06T16:24:45+00:00,knn,digits_3v5,TPE,0,11,balanced_accuracy,1.000000,"{""n_neighbors"": 3, ""p"": 2, ""weights"": ""uniform""}"
2026-07-06T16:24:45+00:00,knn,digits_3v5,TPE,0,12,balanced_accuracy,0.993056,"{""n_neighbors"": 7, ""p"": 2, ""weights"": ""uniform""}"
2026-07-06T16:24:45+00:00,knn,digits_3v5,TPE,0,13,balanced_accuracy,0.993056,"{""n_neighbors"": 10, ""p"": 2, ""weights"": ""uniform""}"
2026-07-06T16:24:45+00:00,knn,digits_3v5,TPE,0,14,balanced_accuracy,1.000000,"{""n_neighbors"": 6, ""p"": 1, ""weights"": ""distance""}"
2026-07-06T16:24:45+00:00,knn,digits_3v5,TPE,0,15,balanced_accuracy,0.996528,"{""n_neighbors"": 13, ""p"": 2, ""weights"": ""uniform""}"
2026-07-06T16:24:45+00:00,knn,digits_3v5,TPE,0,16,balanced_accuracy,1.000000,"{""n_neighbors"": 5, ""p"": 2, ""weights"": ""uniform""}"
2026-07-06T16:24:45+00:00,knn,digits_3v5,TPE,0,17,balanced_accuracy,1.000000,"{""n_neighbors"": 8, ""p"": 1, ""weights"": ""distance""}"
2026-07-06T16:24:45+00:00,knn,digits_3v5,TPE,0,18,balanced_accuracy,0.996528,"{""n_neighbors"": 13, ""p"": 2, ""weights"": ""distance""}"
2026-07-06T16:24:45+00:00,knn,digits_3v5,TPE,0,19,balanced_accuracy,1.000000,"{""n_neighbors"": 1, ""p"": 1, ""weights"": ""uniform""}"
2026-07-06T16:24:45+00:00,knn,digits_3v5,TPE,0,20,balanced_accuracy,0.996528,"{""n_neighbors"": 14, ""p"": 2, ""weights"": ""uniform""}"
2026-07-06T16:24:45+00:00,knn,digits_3v5,TPE,0,21,balanced_accuracy,1.000000,"{""n_neighbors"": 1, ""p"": 2, ""weights"": ""distance""}"
2026-07-06T16:24:45+00:00,knn,digits_3v5,TPE,0,22,balanced_accuracy,1.000000,"{""n_neighbors"": 4, ""p"": 2, ""weights"": ""distance""}"
2026-07-06T16:24:45+00:00,knn,digits_3v5,TPE,0,23,balanced_accuracy,1.000000,"{""n_neighbors"": 3, ""p"": 2, ""weights"": ""distance""}"
2026-07-06T16:24:45+00:00,knn,digits_3v5,TPE,0,24,balanced_accuracy,0.993056,"{""n_neighbors"": 9, ""p"": 2, ""weights"": ""distance""}"
2026-07-06T16:24:45+00:00,knn,digits_3v5,TPE,0,25,balanced_accuracy,1.000000,"{""n_neighbors"": 1, ""p"": 2, ""weights"": ""distance""}"
2026-07-06T16:24:45+00:00,knn,digits_3v5,TPE,0,26,balanced_accuracy,1.000000,"{""n_neighbors"": 5, ""p"": 1, ""weights"": ""distance""}"
2026-07-06T16:24:45+00:00,knn,digits_3v5,TPE,0,27,balanced_accuracy,1.000000,"{""n_neighbors"": 8, ""p"": 2, ""weights"": ""distance""}"
2026-07-06T16:24:45+00:00,knn,digits_3v5,TPE,0,28,balanced_accuracy,0.996528,"{""n_neighbors"": 11, ""p"": 1, ""weights"": ""uniform""}"
2026-07-06T16:24:45+00:00,knn,digits_3v5,TPE,0,29,balanced_accuracy,1.000000,"{""n_neighbors"": 3, ""p"": 1, ""weights"": ""uniform""}"
2026-07-06T16:24:45+00:00,knn,digits_3v5,TPE,0,30,balanced_accuracy,1.000000,"{""n_neighbors"": 6, ""p"": 2, ""weights"": ""distance""}"
2026-07-06T16:24:45+00:00,knn,digits_3v5,TPE,0,31,balanced_accuracy,1.000000,"{""n_neighbors"": 3, ""p"": 2, ""weights"": ""uniform""}"
2026-07-06T16:24:45+00:00,knn,digits_3v5,TPE,0,32,balanced_accuracy,1.000000,"{""n_neighbors"": 3, ""p"": 2, ""weights"": ""uniform""}"
2026-07-06T16:24:45+00:00,knn,digits_3v5,TPE,0,33,balanced_accuracy,1.000000,"{""n_neighbors"": 1, ""p"": 2, ""weights"": ""uniform""}"
2026-07-06T16:24:45+00:00,knn,digits_3v5,TPE,0,34,balanced_accuracy,1.000000,"{""n_neighbors"": 5, ""p"": 2, ""weights"": ""uniform""}"
2026-07-06T16:24:45+00:00,knn,digits_3v5,TPE,0,35,balanced_accuracy,0.993056,"{""n_neighbors"": 7, ""p"": 1, ""weights"": ""uniform""}"
2026-07-06T16:24:45+00:00,knn,digits_3v5,TPE,0,36,balanced_accuracy,0.996599,"{""n_neighbors"": 15, ""p"": 1, ""weights"": ""distance""}"
2026-07-06T16:24:45+00:00,knn,digits_3v5,TPE,0,37,balanced_accuracy,1.000000,"{""n_neighbors"": 3, ""p"": 2, ""weights"": ""uniform""}"
2026-07-06T16:24:45+00:00,knn,digits_3v5,TPE,0,38,balanced_accuracy,0.993197,"{""n_neighbors"": 28, ""p"": 1, ""weights"": ""distance""}"
2026-07-06T16:24:45+00:00,knn,digits_3v5,TPE,0,39,balanced_accuracy,0.993056,"{""n_neighbors"": 10, ""p"": 2, ""weights"": ""uniform""}"
2026-07-06T16:24:45+00:00,knn,digits_3v5,TPE,0,40,balanced_accuracy,0.993056,"{""n_neighbors"": 7, ""p"": 2, ""weights"": ""distance""}"
2026-07-06T16:24:45+00:00,knn,digits_3v5,TPE,0,41,balanced_accuracy,1.000000,"{""n_neighbors"": 6, ""p"": 1, ""weights"": ""distance""}"
2026-07-06T16:24:45+00:00,knn,digits_3v5,TPE,0,42,balanced_accuracy,1.000000,"{""n_neighbors"": 4, ""p"": 1, ""weights"": ""distance""}"
2026-07-06T16:24:45+00:00,knn,digits_3v5,TPE,0,43,balanced_accuracy,1.000000,"{""n_neighbors"": 2, ""p"": 1, ""weights"": ""distance""}"
2026-07-06T16:24:45+00:00,knn,digits_3v5,TPE,0,44,balanced_accuracy,1.000000,"{""n_neighbors"": 5, ""p"": 1, ""weights"": ""distance""}"
2026-07-06T16:24:45+00:00,knn,digits_3v5,TPE,0,45,balanced_accuracy,1.000000,"{""n_neighbors"": 8, ""p"": 1, ""weights"": ""distance""}"
2026-07-06T16:24:45+00:00,knn,digits_3v5,TPE,0,46,balanced_accuracy,1.000000,"{""n_neighbors"": 6, ""p"": 1, ""weights"": ""uniform""}"
2026-07-06T16:24:45+00:00,knn,digits_3v5,TPE,0,47,balanced_accuracy,0.996528,"{""n_neighbors"": 10, ""p"": 2, ""weights"": ""distance""}"
2026-07-06T16:24:45+00:00,knn,digits_3v5,TPE,0,48,balanced_accuracy,0.996528,"{""n_neighbors"": 2, ""p"": 1, ""weights"": ""uniform""}"
2026-07-06T16:24:45+00:00,knn,digits_3v5,TPE,0,49,balanced_accuracy,1.000000,"{""n_neighbors"": 4, ""p"": 2, ""weights"": ""distance""}"
2026-07-06T16:24:46+00:00,logreg,digits_3v5,TPE,0,0,balanced_accuracy,0.996528,"{""C"": 1.96282248134428}"
2026-07-06T16:24:46+00:00,logreg,digits_3v5,TPE,0,1,balanced_accuracy,0.996528,"{""C"": 19.549524484259873}"
2026-07-06T16:24:46+00:00,logreg,digits_3v5,TPE,0,2,balanced_accuracy,0.996528,"{""C"": 4.135997393839888}"
2026-07-06T16:24:46+00:00,logreg,digits_3v5,TPE,0,3,balanced_accuracy,0.996528,"{""C"": 1.8590843630169627}"
2026-07-06T16:24:46+00:00,logreg,digits_3v5,TPE,0,4,balanced_accuracy,0.996528,"{""C"": 0.348280208702833}"
2026-07-06T16:24:46+00:00,logreg,digits_3v5,TPE,0,5,balanced_accuracy,0.996528,"{""C"": 7.505241622349544}"
2026-07-06T16:24:46+00:00,logreg,digits_3v5,TPE,0,6,balanced_accuracy,0.996528,"{""C"": 0.4222048983149828}"
2026-07-06T16:24:46+00:00,logreg,digits_3v5,TPE,0,7,balanced_accuracy,0.993056,"{""C"": 224.2012371372442}"
2026-07-06T16:24:46+00:00,logreg,digits_3v5,TPE,0,8,balanced_accuracy,0.993056,"{""C"": 605.3082080079017}"
2026-07-06T16:24:46+00:00,logreg,digits_3v5,TPE,0,9,balanced_accuracy,0.993056,"{""C"": 0.1998246739232945}"
2026-07-06T16:24:46+00:00,logreg,digits_3v5,TPE,0,10,balanced_accuracy,0.982781,"{""C"": 0.00243777399563589}"
2026-07-06T16:24:46+00:00,logreg,digits_3v5,TPE,0,11,balanced_accuracy,0.996528,"{""C"": 25.06548319168148}"
2026-07-06T16:24:46+00:00,logreg,digits_3v5,TPE,0,12,balanced_accuracy,0.993056,"{""C"": 63.515467168009415}"
2026-07-06T16:24:46+00:00,logreg,digits_3v5,TPE,0,13,balanced_accuracy,0.989583,"{""C"": 0.02460223350968428}"
2026-07-06T16:24:46+00:00,logreg,digits_3v5,TPE,0,14,balanced_accuracy,0.993056,"{""C"": 47.16351267972005}"
2026-07-06T16:24:46+00:00,logreg,digits_3v5,TPE,0,15,balanced_accuracy,0.989583,"{""C"": 0.058772589412190525}"
2026-07-06T16:24:46+00:00,logreg,digits_3v5,TPE,0,16,balanced_accuracy,0.996528,"{""C"": 1.8810288872532541}"
2026-07-06T16:24:46+00:00,logreg,digits_3v5,TPE,0,17,balanced_accuracy,0.996528,"{""C"": 15.816896927950971}"
2026-07-06T16:24:46+00:00,logreg,digits_3v5,TPE,0,18,balanced_accuracy,0.975978,"{""C"": 0.001197550042181826}"
2026-07-06T16:24:46+00:00,logreg,digits_3v5,TPE,0,19,balanced_accuracy,0.993056,"{""C"": 144.90672475864605}"
2026-07-06T16:24:46+00:00,logreg,digits_3v5,TPE,0,20,balanced_accuracy,0.996528,"{""C"": 1.8664607424358177}"
2026-07-06T16:24:46+00:00,logreg,digits_3v5,TPE,0,21,balanced_accuracy,0.996528,"{""C"": 5.065601860988748}"
2026-07-06T16:24:46+00:00,logreg,digits_3v5,TPE,0,22,balanced_accuracy,0.996528,"{""C"": 5.572750726499077}"
2026-07-06T16:24:46+00:00,logreg,digits_3v5,TPE,0,23,balanced_accuracy,0.996528,"{""C"": 0.9709502419607605}"
2026-07-06T16:24:46+00:00,logreg,digits_3v5,TPE,0,24,balanced_accuracy,0.989583,"{""C"": 0.06414829104982371}"
2026-07-06T16:24:46+00:00,logreg,digits_3v5,TPE,0,25,balanced_accuracy,0.996528,"{""C"": 17.094712675141686}"
2026-07-06T16:24:46+00:00,logreg,digits_3v5,TPE,0,26,balanced_accuracy,0.996528,"{""C"": 5.794754675463547}"
2026-07-06T16:24:46+00:00,logreg,digits_3v5,TPE,0,27,balanced_accuracy,0.993056,"{""C"": 83.1534341087804}"
2026-07-06T16:24:46+00:00,logreg,digits_3v5,TPE,0,28,balanced_accuracy,0.993056,"{""C"": 333.23116239550245}"
2026-07-06T16:24:46+00:00,logreg,digits_3v5,TPE,0,29,balanced_accuracy,0.996528,"{""C"": 1.0058002631433376}"
2026-07-06T16:24:46+00:00,logreg,digits_3v5,TPE,0,30,balanced_accuracy,0.996528,"{""C"": 3.6369730684629435}"
2026-07-06T16:24:46+00:00,logreg,digits_3v5,TPE,0,31,balanced_accuracy,0.996528,"{""C"": 0.3463624953823627}"
2026-07-06T16:24:46+00:00,logreg,digits_3v5,TPE,0,32,balanced_accuracy,0.996528,"{""C"": 10.359248649229857}"
2026-07-06T16:24:46+00:00,logreg,digits_3v5,TPE,0,33,balanced_accuracy,0.996528,"{""C"": 2.018771412628203}"
2026-07-06T16:24:46+00:00,logreg,digits_3v5,TPE,0,34,balanced_accuracy,0.996528,"{""C"": 0.47216797452417336}"
2026-07-06T16:24:46+00:00,logreg,digits_3v5,TPE,0,35,balanced_accuracy,0.993056,"{""C"": 31.46618819278757}"
2026-07-06T16:24:46+00:00,logreg,digits_3v5,TPE,0,36,balanced_accuracy,0.993056,"{""C"": 0.10567508428017551}"
2026-07-06T16:24:46+00:00,logreg,digits_3v5,TPE,0,37,balanced_accuracy,0.996528,"{""C"": 0.7653836433005766}"
2026-07-06T16:24:46+00:00,logreg,digits_3v5,TPE,0,38,balanced_accuracy,0.989583,"{""C"": 0.011357325966314457}"
2026-07-06T16:24:46+00:00,logreg,digits_3v5,TPE,0,39,balanced_accuracy,0.993056,"{""C"": 838.0355529448648}"
2026-07-06T16:24:46+00:00,logreg,digits_3v5,TPE,0,40,balanced_accuracy,0.996528,"{""C"": 9.266404284387805}"
2026-07-06T16:24:46+00:00,logreg,digits_3v5,TPE,0,41,balanced_accuracy,0.996528,"{""C"": 2.5856135812020837}"
2026-07-06T16:24:46+00:00,logreg,digits_3v5,TPE,0,42,balanced_accuracy,0.993056,"{""C"": 0.1552148066596127}"
2026-07-06T16:24:46+00:00,logreg,digits_3v5,TPE,0,43,balanced_accuracy,0.996528,"{""C"": 0.32603285287247474}"
2026-07-06T16:24:46+00:00,logreg,digits_3v5,TPE,0,44,balanced_accuracy,0.996528,"{""C"": 1.1288497253331349}"
2026-07-06T16:24:46+00:00,logreg,digits_3v5,TPE,0,45,balanced_accuracy,0.996528,"{""C"": 0.4599774772144907}"
2026-07-06T16:24:46+00:00,logreg,digits_3v5,TPE,0,46,balanced_accuracy,0.996528,"{""C"": 15.91867158831956}"
2026-07-06T16:24:46+00:00,logreg,digits_3v5,TPE,0,47,balanced_accuracy,0.989583,"{""C"": 0.025382352250452586}"
2026-07-06T16:24:46+00:00,logreg,digits_3v5,TPE,0,48,balanced_accuracy,0.993056,"{""C"": 37.40768572338116}"
2026-07-06T16:24:46+00:00,logreg,digits_3v5,TPE,0,49,balanced_accuracy,0.996528,"{""C"": 3.5237778180726433}"
2026-07-06T16:25:00+00:00,mlp,digits_3v5,TPE,0,0,balanced_accuracy,0.996528,"{""alpha"": 0.0037665768415992965, ""hidden_layer_sizes"": [19], ""learning_rate_init"": 0.006431172050131994}"
2026-07-06T16:25:00+00:00,mlp,digits_3v5,TPE,0,1,balanced_accuracy,0.996599,"{""alpha"": 0.0001313028028065861, ""hidden_layer_sizes"": [18], ""learning_rate_init"": 0.008663279761354562}"
2026-07-06T16:25:00+00:00,mlp,digits_3v5,TPE,0,2,balanced_accuracy,0.993056,"{""alpha"": 0.028765041432546982, ""hidden_layer_sizes"": [15], ""learning_rate_init"": 0.07780155576901421}"
2026-07-06T16:25:00+00:00,mlp,digits_3v5,TPE,0,3,balanced_accuracy,0.996528,"{""alpha"": 0.009091283280651459, ""hidden_layer_sizes"": [13], ""learning_rate_init"": 0.003860866271460547}"
2026-07-06T16:25:00+00:00,mlp,digits_3v5,TPE,0,4,balanced_accuracy,0.989654,"{""alpha"": 0.04246031301768214, ""hidden_layer_sizes"": [19], ""learning_rate_init"": 0.00016334587611069497}"
2026-07-06T16:25:00+00:00,mlp,digits_3v5,TPE,0,5,balanced_accuracy,0.986324,"{""alpha"": 1.2620948285169311e-06, ""hidden_layer_sizes"": [4], ""learning_rate_init"": 0.03146730406166007}"
2026-07-06T16:25:00+00:00,mlp,digits_3v5,TPE,0,6,balanced_accuracy,0.989654,"{""alpha"": 0.022390342721683703, ""hidden_layer_sizes"": [26], ""learning_rate_init"": 0.08626905220714905}"
2026-07-06T16:25:00+00:00,mlp,digits_3v5,TPE,0,7,balanced_accuracy,0.993126,"{""alpha"": 0.00020295362430434728, ""hidden_layer_sizes"": [26], ""learning_rate_init"": 0.02195773446539457}"
2026-07-06T16:25:00+00:00,mlp,digits_3v5,TPE,0,8,balanced_accuracy,0.986324,"{""alpha"": 0.0015834527427829746, ""hidden_layer_sizes"": [5], ""learning_rate_init"": 0.00026919058249260725}"
2026-07-06T16:25:00+00:00,mlp,digits_3v5,TPE,0,9,balanced_accuracy,0.996599,"{""alpha"": 0.0004066695065393846, ""hidden_layer_sizes"": [31], ""learning_rate_init"": 0.0017538232373118048}"
2026-07-06T16:25:00+00:00,mlp,digits_3v5,TPE,0,10,balanced_accuracy,0.989725,"{""alpha"": 8.967691581608022e-06, ""hidden_layer_sizes"": [9], ""learning_rate_init"": 0.0007786964913593174}"
2026-07-06T16:25:00+00:00,mlp,digits_3v5,TPE,0,11,balanced_accuracy,0.996599,"{""alpha"": 0.0001628576525977102, ""hidden_layer_sizes"": [31], ""learning_rate_init"": 0.0017996403635014628}"
2026-07-06T16:25:00+00:00,mlp,digits_3v5,TPE,0,12,balanced_accuracy,0.989654,"{""alpha"": 0.0001121509361405525, ""hidden_layer_sizes"": [30], ""learning_rate_init"": 0.006948782624903443}"
2026-07-06T16:25:00+00:00,mlp,digits_3v5,TPE,0,13,balanced_accuracy,1.000000,"{""alpha"": 0.0005309852184924569, ""hidden_layer_sizes"": [23], ""learning_rate_init"": 0.0012109161567929933}"
2026-07-06T16:25:00+00:00,mlp,digits_3v5,TPE,0,14,balanced_accuracy,0.996528,"{""alpha"": 2.472910331599688e-05, ""hidden_layer_sizes"": [22], ""learning_rate_init"": 0.000565029302077414}"
2026-07-06T16:25:00+00:00,mlp,digits_3v5,TPE,0,15,balanced_accuracy,0.989654,"{""alpha"": 0.0009193257948013223, ""hidden_layer_sizes"": [22], ""learning_rate_init"": 0.015462239748889073}"
2026-07-06T16:25:00+00:00,mlp,digits_3v5,TPE,0,16,balanced_accuracy,0.993126,"{""alpha"": 3.3520627739024435e-05, ""hidden_layer_sizes"": [14], ""learning_rate_init"": 0.0018213933961360425}"
2026-07-06T16:25:00+00:00,mlp,digits_3v5,TPE,0,17,balanced_accuracy,0.986253,"{""alpha"": 4.317929698309967e-06, ""hidden_layer_sizes"": [25], ""learning_rate_init"": 0.00010201952694968075}"
2026-07-06T16:25:00+00:00,mlp,digits_3v5,TPE,0,18,balanced_accuracy,0.989725,"{""alpha"": 5.122991972572763e-05, ""hidden_layer_sizes"": [18], ""learning_rate_init"": 0.000717372619957762}"
2026-07-06T16:25:00+00:00,mlp,digits_3v5,TPE,0,19,balanced_accuracy,0.989654,"{""alpha"": 0.0006341637082969794, ""hidden_layer_sizes"": [10], ""learning_rate_init"": 0.008993766872925217}"
2026-07-06T16:25:00+00:00,mlp,digits_3v5,TPE,0,20,balanced_accuracy,0.993126,"{""alpha"": 0.003614234084314439, ""hidden_layer_sizes"": [22], ""learning_rate_init"": 0.004343054340207919}"
2026-07-06T16:25:00+00:00,mlp,digits_3v5,TPE,0,21,balanced_accuracy,1.000000,"{""alpha"": 0.0002924560602302134, ""hidden_layer_sizes"": [29], ""learning_rate_init"": 0.0018101732764961018}"
2026-07-06T16:25:00+00:00,mlp,digits_3v5,TPE,0,22,balanced_accuracy,0.993126,"{""alpha"": 0.00032511966632614624, ""hidden_layer_sizes"": [28], ""learning_rate_init"": 0.0027831762273257976}"
2026-07-06T16:25:00+00:00,mlp,digits_3v5,TPE,0,23,balanced_accuracy,0.979450,"{""alpha"": 0.0019025160010507525, ""hidden_layer_sizes"": [24], ""learning_rate_init"": 0.00041209367120167805}"
2026-07-06T16:25:00+00:00,mlp,digits_3v5,TPE,0,24,balanced_accuracy,0.989725,"{""alpha"": 6.722734156572977e-05, ""hidden_layer_sizes"": [18], ""learning_rate_init"": 0.0011401382460506774}"
2026-07-06T16:25:00+00:00,mlp,digits_3v5,TPE,0,25,balanced_accuracy,0.989725,"{""alpha"": 1.1566238687157496e-05, ""hidden_layer_sizes"": [28], ""learning_rate_init"": 0.013467745937655195}"
2026-07-06T16:25:00+00:00,mlp,digits_3v5,TPE,0,26,balanced_accuracy,1.000000,"{""alpha"": 0.00012370412384969169, ""hidden_layer_sizes"": [23], ""learning_rate_init"": 0.0011111256996807963}"
2026-07-06T16:25:00+00:00,mlp,digits_3v5,TPE,0,27,balanced_accuracy,0.993126,"{""alpha"": 0.0007746611348133551, ""hidden_layer_sizes"": [28], ""learning_rate_init"": 0.0011725969926474776}"
2026-07-06T16:25:00+00:00,mlp,digits_3v5,TPE,0,28,balanced_accuracy,0.993056,"{""alpha"": 0.008421554124459186, ""hidden_layer_sizes"": [23], ""learning_rate_init"": 0.00034786309940360396}"
2026-07-06T16:25:00+00:00,mlp,digits_3v5,TPE,0,29,balanced_accuracy,0.993056,"{""alpha"": 0.0850175151488092, ""hidden_layer_sizes"": [20], ""learning_rate_init"": 0.0029727132573430693}"
2026-07-06T16:25:00+00:00,mlp,digits_3v5,TPE,0,30,balanced_accuracy,0.993126,"{""alpha"": 0.0024210610607543937, ""hidden_layer_sizes"": [32], ""learning_rate_init"": 0.001273464301800673}"
2026-07-06T16:25:00+00:00,mlp,digits_3v5,TPE,0,31,balanced_accuracy,0.989725,"{""alpha"": 0.00010399758430439827, ""hidden_layer_sizes"": [17], ""learning_rate_init"": 0.042264792631990684}"
2026-07-06T16:25:00+00:00,mlp,digits_3v5,TPE,0,32,balanced_accuracy,0.989725,"{""alpha"": 0.00027652521686101814, ""hidden_layer_sizes"": [20], ""learning_rate_init"": 0.005808728722261692}"
2026-07-06T16:25:00+00:00,mlp,digits_3v5,TPE,0,33,balanced_accuracy,0.993126,"{""alpha"": 2.184658031243992e-05, ""hidden_layer_sizes"": [15], ""learning_rate_init"": 0.0029124584306776304}"
2026-07-06T16:25:00+00:00,mlp,digits_3v5,TPE,0,34,balanced_accuracy,0.982851,"{""alpha"": 7.751810210951518e-05, ""hidden_layer_sizes"": [16], ""learning_rate_init"": 0.0008024727306899196}"
2026-07-06T16:25:00+00:00,mlp,digits_3v5,TPE,0,35,balanced_accuracy,0.989725,"{""alpha"": 0.0006624598362470171, ""hidden_layer_sizes"": [11], ""learning_rate_init"": 0.0002122398320611137}"
2026-07-06T16:25:00+00:00,mlp,digits_3v5,TPE,0,36,balanced_accuracy,0.993126,"{""alpha"": 0.00017130517654407823, ""hidden_layer_sizes"": [20], ""learning_rate_init"": 0.000495923447338918}"
2026-07-06T16:25:00+00:00,mlp,digits_3v5,TPE,0,37,balanced_accuracy,0.993056,"{""alpha"": 0.006589095734219108, ""hidden_layer_sizes"": [27], ""learning_rate_init"": 0.048906553617557975}"
2026-07-06T16:25:00+00:00,mlp,digits_3v5,TPE,0,38,balanced_accuracy,0.993197,"{""alpha"": 0.0003837293174633432, ""hidden_layer_sizes"": [24], ""learning_rate_init"": 0.009722359377853141}"
2026-07-06T16:25:00+00:00,mlp,digits_3v5,TPE,0,39,balanced_accuracy,0.996528,"{""alpha"": 0.0014199676886376183, ""hidden_layer_sizes"": [26], ""learning_rate_init"": 0.004457535994169082}"
2026-07-06T16:25:00+00:00,mlp,digits_3v5,TPE,0,40,balanced_accuracy,1.000000,"{""alpha"": 4.701721218639346e-05, ""hidden_layer_sizes"": [29], ""learning_rate_init"": 0.002088493540485024}"
2026-07-06T16:25:00+00:00,mlp,digits_3v5,TPE,0,41,balanced_accuracy,1.000000,"{""alpha"": 4.142666053055584e-05, ""hidden_layer_sizes"": [29], ""learning_rate_init"": 0.0022572307088536375}"
2026-07-06T16:25:00+00:00,mlp,digits_3v5,TPE,0,42,balanced_accuracy,1.000000,"{""alpha"": 3.894254237611729e-05, ""hidden_layer_sizes"": [29], ""learning_rate_init"": 0.002190262230927105}"
2026-07-06T16:25:00+00:00,mlp,digits_3v5,TPE,0,43,balanced_accuracy,0.993126,"{""alpha"": 1.2223651788938654e-05, ""hidden_layer_sizes"": [32], ""learning_rate_init"": 0.0012997482471294184}"
2026-07-06T16:25:00+00:00,mlp,digits_3v5,TPE,0,44,balanced_accuracy,0.989654,"{""alpha"": 6.411850670247723e-06, ""hidden_layer_sizes"": [30], ""learning_rate_init"": 0.0009136160083115457}"
2026-07-06T16:25:00+00:00,mlp,digits_3v5,TPE,0,45,balanced_accuracy,0.996528,"{""alpha"": 2.0964192866117656e-06, ""hidden_layer_sizes"": [26], ""learning_rate_init"": 0.002279714919345955}"
2026-07-06T16:25:00+00:00,mlp,digits_3v5,TPE,0,46,balanced_accuracy,0.989654,"{""alpha"": 0.00019507546894206778, ""hidden_layer_sizes"": [30], ""learning_rate_init"": 0.0016488752283679606}"
2026-07-06T16:25:00+00:00,mlp,digits_3v5,TPE,0,47,balanced_accuracy,0.993197,"{""alpha"": 2.1289013014166112e-05, ""hidden_layer_sizes"": [24], ""learning_rate_init"": 0.0035363742548166956}"
2026-07-06T16:25:00+00:00,mlp,digits_3v5,TPE,0,48,balanced_accuracy,0.996528,"{""alpha"": 0.00011146913687533095, ""hidden_layer_sizes"": [2], ""learning_rate_init"": 0.0006485154911480689}"
2026-07-06T16:25:00+00:00,mlp,digits_3v5,TPE,0,49,balanced_accuracy,0.993126,"{""alpha"": 4.326700515876749e-05, ""hidden_layer_sizes"": [28], ""learning_rate_init"": 0.005806796908588511}"
2026-07-06T16:25:48+00:00,rf,digits_3v5,TPE,0,0,balanced_accuracy,0.958971,"{""max_depth"": 15, ""max_features"": null, ""min_samples_split"": 13, ""n_estimators"": 297}"
2026-07-06T16:25:48+00:00,rf,digits_3v5,TPE,0,1,balanced_accuracy,0.986253,"{""max_depth"": 18, ""max_features"": ""log2"", ""min_samples_split"": 20, ""n_estimators"": 247}"
2026-07-06T16:25:48+00:00,rf,digits_3v5,TPE,0,2,balanced_accuracy,0.965916,"{""max_depth"": 19, ""max_features"": null, ""min_samples_split"": 3, ""n_estimators"": 306}"
2026-07-06T16:25:48+00:00,rf,digits_3v5,TPE,0,3,balanced_accuracy,0.986253,"{""max_depth"": 18, ""max_features"": ""sqrt"", ""min_samples_split"": 20, ""n_estimators"": 400}"
2026-07-06T16:25:48+00:00,rf,digits_3v5,TPE,0,4,balanced_accuracy,0.986253,"{""max_depth"": 14, ""max_features"": ""sqrt"", ""min_samples_split"": 4, ""n_estimators"": 103}"
2026-07-06T16:25:48+00:00,rf,digits_3v5,TPE,0,5,balanced_accuracy,0.962372,"{""max_depth"": 16, ""max_features"": null, ""min_samples_split"": 10, ""n_estimators"": 169}"
2026-07-06T16:25:48+00:00,rf,digits_3v5,TPE,0,6,balanced_accuracy,0.982851,"{""max_depth"": 13, ""max_features"": ""sqrt"", ""min_samples_split"": 19, ""n_estimators"": 326}"
2026-07-06T16:25:48+00:00,rf,digits_3v5,TPE,0,7,balanced_accuracy,0.986253,"{""max_depth"": 3, ""max_features"": ""sqrt"", ""min_samples_split"": 14, ""n_estimators"": 364}"
2026-07-06T16:25:48+00:00,rf,digits_3v5,TPE,0,8,balanced_accuracy,0.989725,"{""max_depth"": 8, ""max_features"": ""log2"", ""min_samples_split"": 12, ""n_estimators"": 192}"
2026-07-06T16:25:48+00:00,rf,digits_3v5,TPE,0,9,balanced_accuracy,0.982851,"{""max_depth"": 5, ""max_features"": ""log2"", ""min_samples_split"": 14, ""n_estimators"": 144}"
2026-07-06T16:25:48+00:00,rf,digits_3v5,TPE,0,10,balanced_accuracy,0.989654,"{""max_depth"": 9, ""max_features"": ""log2"", ""min_samples_split"": 7, ""n_estimators"": 474}"
2026-07-06T16:25:48+00:00,rf,digits_3v5,TPE,0,11,balanced_accuracy,0.989654,"{""max_depth"": 9, ""max_features"": ""log2"", ""min_samples_split"": 8, ""n_estimators"": 478}"
2026-07-06T16:25:48+00:00,rf,digits_3v5,TPE,0,12,balanced_accuracy,0.982922,"{""max_depth"": 9, ""max_features"": ""log2"", ""min_samples_split"": 7, ""n_estimators"": 55}"
2026-07-06T16:25:48+00:00,rf,digits_3v5,TPE,0,13,balanced_accuracy,0.989654,"{""max_depth"": 9, ""max_features"": ""log2"", ""min_samples_split"": 11, ""n_estimators"": 500}"
2026-07-06T16:25:48+00:00,rf,digits_3v5,TPE,0,14,balanced_accuracy,0.993126,"{""max_depth"": 6, ""max_features"": ""log2"", ""min_samples_split"": 6, ""n_estimators"": 222}"
2026-07-06T16:25:48+00:00,rf,digits_3v5,TPE,0,15,balanced_accuracy,0.986253,"{""max_depth"": 6, ""max_features"": ""log2"", ""min_samples_split"": 17, ""n_estimators"": 228}"
2026-07-06T16:25:48+00:00,rf,digits_3v5,TPE,0,16,balanced_accuracy,0.986253,"{""max_depth"": 2, ""max_features"": ""log2"", ""min_samples_split"": 2, ""n_estimators"": 210}"
2026-07-06T16:25:48+00:00,rf,digits_3v5,TPE,0,17,balanced_accuracy,0.993126,"{""max_depth"": 6, ""max_features"": ""log2"", ""min_samples_split"": 5, ""n_estimators"": 152}"
2026-07-06T16:25:48+00:00,rf,digits_3v5,TPE,0,18,balanced_accuracy,0.989725,"{""max_depth"": 12, ""max_features"": ""log2"", ""min_samples_split"": 5, ""n_estimators"": 135}"
2026-07-06T16:25:48+00:00,rf,digits_3v5,TPE,0,19,balanced_accuracy,0.965916,"{""max_depth"": 5, ""max_features"": null, ""min_samples_split"": 5, ""n_estimators"": 263}"
2026-07-06T16:25:48+00:00,rf,digits_3v5,TPE,0,20,balanced_accuracy,0.982922,"{""max_depth"": 11, ""max_features"": ""log2"", ""min_samples_split"": 9, ""n_estimators"": 55}"
2026-07-06T16:25:48+00:00,rf,digits_3v5,TPE,0,21,balanced_accuracy,0.989654,"{""max_depth"": 7, ""max_features"": ""log2"", ""min_samples_split"": 6, ""n_estimators"": 193}"
2026-07-06T16:25:48+00:00,rf,digits_3v5,TPE,0,22,balanced_accuracy,0.989725,"{""max_depth"": 7, ""max_features"": ""log2"", ""min_samples_split"": 12, ""n_estimators"": 111}"
2026-07-06T16:25:48+00:00,rf,digits_3v5,TPE,0,23,balanced_accuracy,0.982851,"{""max_depth"": 4, ""max_features"": ""log2"", ""min_samples_split"": 16, ""n_estimators"": 170}"
2026-07-06T16:25:48+00:00,rf,digits_3v5,TPE,0,24,balanced_accuracy,0.993126,"{""max_depth"": 7, ""max_features"": ""log2"", ""min_samples_split"": 2, ""n_estimators"": 261}"
2026-07-06T16:25:48+00:00,rf,digits_3v5,TPE,0,25,balanced_accuracy,0.993126,"{""max_depth"": 11, ""max_features"": ""log2"", ""min_samples_split"": 2, ""n_estimators"": 288}"
2026-07-06T16:25:48+00:00,rf,digits_3v5,TPE,0,26,balanced_accuracy,0.993126,"{""max_depth"": 4, ""max_features"": ""log2"", ""min_samples_split"": 4, ""n_estimators"": 250}"
2026-07-06T16:25:48+00:00,rf,digits_3v5,TPE,0,27,balanced_accuracy,0.993126,"{""max_depth"": 6, ""max_features"": ""log2"", ""min_samples_split"": 4, ""n_estimators"": 354}"
2026-07-06T16:25:48+00:00,rf,digits_3v5,TPE,0,28,balanced_accuracy,0.982851,"{""max_depth"": 2, ""max_features"": ""sqrt"", ""min_samples_split"": 6, ""n_estimators"": 91}"
2026-07-06T16:25:48+00:00,rf,digits_3v5,TPE,0,29,balanced_accuracy,0.965845,"{""max_depth"": 7, ""max_features"": null, ""min_samples_split"": 8, ""n_estimators"": 221}"
2026-07-06T16:25:48+00:00,rf,digits_3v5,TPE,0,30,balanced_accuracy,0.965916,"{""max_depth"": 10, ""max_features"": null, ""min_samples_split"": 2, ""n_estimators"": 280}"
2026-07-06T16:25:48+00:00,rf,digits_3v5,TPE,0,31,balanced_accuracy,0.993126,"{""max_depth"": 11, ""max_features"": ""log2"", ""min_samples_split"": 2, ""n_estimators"": 301}"
2026-07-06T16:25:48+00:00,rf,digits_3v5,TPE,0,32,balanced_accuracy,0.993126,"{""max_depth"": 16, ""max_features"": ""log2"", ""min_samples_split"": 3, ""n_estimators"": 273}"
2026-07-06T16:25:48+00:00,rf,digits_3v5,TPE,0,33,balanced_accuracy,0.993126,"{""max_depth"": 5, ""max_features"": ""log2"", ""min_samples_split"": 3, ""n_estimators"": 243}"
2026-07-06T16:25:48+00:00,rf,digits_3v5,TPE,0,34,balanced_accuracy,0.989654,"{""max_depth"": 8, ""max_features"": ""log2"", ""min_samples_split"": 5, ""n_estimators"": 315}"
2026-07-06T16:25:48+00:00,rf,digits_3v5,TPE,0,35,balanced_accuracy,0.993126,"{""max_depth"": 20, ""max_features"": ""log2"", ""min_samples_split"": 3, ""n_estimators"": 337}"
2026-07-06T16:25:48+00:00,rf,digits_3v5,TPE,0,36,balanced_accuracy,0.993126,"{""max_depth"": 14, ""max_features"": ""log2"", ""min_samples_split"": 6, ""n_estimators"": 284}"
2026-07-06T16:25:48+00:00,rf,digits_3v5,TPE,0,37,balanced_accuracy,0.993126,"{""max_depth"": 11, ""max_features"": ""sqrt"", ""min_samples_split"": 4, ""n_estimators"": 415}"
2026-07-06T16:25:48+00:00,rf,digits_3v5,TPE,0,38,balanced_accuracy,0.969317,"{""max_depth"": 6, ""max_features"": null, ""min_samples_split"": 2, ""n_estimators"": 169}"
2026-07-06T16:25:48+00:00,rf,digits_3v5,TPE,0,39,balanced_accuracy,0.986253,"{""max_depth"": 4, ""max_features"": ""sqrt"", ""min_samples_split"": 5, ""n_estimators"": 384}"
2026-07-06T16:25:48+00:00,rf,digits_3v5,TPE,0,40,balanced_accuracy,0.993126,"{""max_depth"": 8, ""max_features"": ""log2"", ""min_samples_split"": 7, ""n_estimators"": 196}"
2026-07-06T16:25:48+00:00,rf,digits_3v5,TPE,0,41,balanced_accuracy,0.993126,"{""max_depth"": 4, ""max_features"": ""log2"", ""min_samples_split"": 4, ""n_estimators"": 240}"
2026-07-06T16:25:48+00:00,rf,digits_3v5,TPE,0,42,balanced_accuracy,0.986253,"{""max_depth"": 3, ""max_features"": ""log2"", ""min_samples_split"": 3, ""n_estimators"": 252}"
2026-07-06T16:25:48+00:00,rf,digits_3v5,TPE,0,43,balanced_accuracy,0.993126,"{""max_depth"": 5, ""max_features"": ""log2"", ""min_samples_split"": 4, ""n_estimators"": 298}"
2026-07-06T16:25:48+00:00,rf,digits_3v5,TPE,0,44,balanced_accuracy,0.982851,"{""max_depth"": 3, ""max_features"": ""log2"", ""min_samples_split"": 6, ""n_estimators"": 138}"
2026-07-06T16:25:48+00:00,rf,digits_3v5,TPE,0,45,balanced_accuracy,0.993126,"{""max_depth"": 6, ""max_features"": ""log2"", ""min_samples_split"": 3, ""n_estimators"": 164}"
2026-07-06T16:25:48+00:00,rf,digits_3v5,TPE,0,46,balanced_accuracy,0.989654,"{""max_depth"": 13, ""max_features"": ""log2"", ""min_samples_split"": 9, ""n_estimators"": 211}"
2026-07-06T16:25:48+00:00,rf,digits_3v5,TPE,0,47,balanced_accuracy,0.993126,"{""max_depth"": 17, ""max_features"": ""sqrt"", ""min_samples_split"": 4, ""n_estimators"": 256}"
2026-07-06T16:25:48+00:00,rf,digits_3v5,TPE,0,48,balanced_accuracy,0.993126,"{""max_depth"": 8, ""max_features"": ""log2"", ""min_samples_split"": 2, ""n_estimators"": 324}"
2026-07-06T16:25:48+00:00,rf,digits_3v5,TPE,0,49,balanced_accuracy,0.962443,"{""max_depth"": 10, ""max_features"": null, ""min_samples_split"": 8, ""n_estimators"": 236}"
2026-07-06T16:25:49+00:00,svm_linear,digits_3v5,TPE,0,0,balanced_accuracy,0.996528,"{""C"": 1.96282248134428}"
2026-07-06T16:25:49+00:00,svm_linear,digits_3v5,TPE,0,1,balanced_accuracy,0.996528,"{""C"": 19.549524484259873}"
2026-07-06T16:25:49+00:00,svm_linear,digits_3v5,TPE,0,2,balanced_accuracy,0.996528,"{""C"": 4.135997393839888}"
2026-07-06T16:25:49+00:00,svm_linear,digits_3v5,TPE,0,3,balanced_accuracy,0.996528,"{""C"": 1.8590843630169627}"
2026-07-06T16:25:49+00:00,svm_linear,digits_3v5,TPE,0,4,balanced_accuracy,0.996528,"{""C"": 0.348280208702833}"
2026-07-06T16:25:49+00:00,svm_linear,digits_3v5,TPE,0,5,balanced_accuracy,0.996528,"{""C"": 7.505241622349544}"
2026-07-06T16:25:49+00:00,svm_linear,digits_3v5,TPE,0,6,balanced_accuracy,0.996528,"{""C"": 0.4222048983149828}"
2026-07-06T16:25:49+00:00,svm_linear,digits_3v5,TPE,0,7,balanced_accuracy,0.996528,"{""C"": 224.2012371372442}"
2026-07-06T16:25:49+00:00,svm_linear,digits_3v5,TPE,0,8,balanced_accuracy,0.996528,"{""C"": 605.3082080079017}"
2026-07-06T16:25:49+00:00,svm_linear,digits_3v5,TPE,0,9,balanced_accuracy,0.996528,"{""C"": 0.1998246739232945}"
2026-07-06T16:25:49+00:00,svm_linear,digits_3v5,TPE,0,10,balanced_accuracy,0.986182,"{""C"": 0.00243777399563589}"
2026-07-06T16:25:49+00:00,svm_linear,digits_3v5,TPE,0,11,balanced_accuracy,0.996528,"{""C"": 25.06548319168148}"
2026-07-06T16:25:49+00:00,svm_linear,digits_3v5,TPE,0,12,balanced_accuracy,0.996528,"{""C"": 63.515467168009415}"
2026-07-06T16:25:49+00:00,svm_linear,digits_3v5,TPE,0,13,balanced_accuracy,0.996528,"{""C"": 0.02460223350968428}"
2026-07-06T16:25:49+00:00,svm_linear,digits_3v5,TPE,0,14,balanced_accuracy,0.996528,"{""C"": 47.16351267972005}"
2026-07-06T16:25:49+00:00,svm_linear,digits_3v5,TPE,0,15,balanced_accuracy,0.993056,"{""C"": 0.058772589412190525}"
2026-07-06T16:25:49+00:00,svm_linear,digits_3v5,TPE,0,16,balanced_accuracy,0.996528,"{""C"": 1.8810288872532541}"
2026-07-06T16:25:49+00:00,svm_linear,digits_3v5,TPE,0,17,balanced_accuracy,0.996528,"{""C"": 15.816896927950971}"
2026-07-06T16:25:49+00:00,svm_linear,digits_3v5,TPE,0,18,balanced_accuracy,0.986182,"{""C"": 0.001197550042181826}"
2026-07-06T16:25:49+00:00,svm_linear,digits_3v5,TPE,0,19,balanced_accuracy,0.996528,"{""C"": 144.90672475864605}"
2026-07-06T16:25:49+00:00,svm_linear,digits_3v5,TPE,0,20,balanced_accuracy,0.996528,"{""C"": 1.8664607424358177}"
2026-07-06T16:25:49+00:00,svm_linear,digits_3v5,TPE,0,21,balanced_accuracy,0.996528,"{""C"": 5.065601860988748}"
2026-07-06T16:25:49+00:00,svm_linear,digits_3v5,TPE,0,22,balanced_accuracy,0.996528,"{""C"": 5.572750726499077}"
2026-07-06T16:25:49+00:00,svm_linear,digits_3v5,TPE,0,23,balanced_accuracy,0.996528,"{""C"": 0.9709502419607605}"
2026-07-06T16:25:49+00:00,svm_linear,digits_3v5,TPE,0,24,balanced_accuracy,0.996528,"{""C"": 0.06414829104982371}"
2026-07-06T16:25:49+00:00,svm_linear,digits_3v5,TPE,0,25,balanced_accuracy,0.996528,"{""C"": 17.094712675141686}"
2026-07-06T16:25:49+00:00,svm_linear,digits_3v5,TPE,0,26,balanced_accuracy,0.996528,"{""C"": 5.794754675463547}"
2026-07-06T16:25:49+00:00,svm_linear,digits_3v5,TPE,0,27,balanced_accuracy,0.996528,"{""C"": 83.1534341087804}"
2026-07-06T16:25:49+00:00,svm_linear,digits_3v5,TPE,0,28,balanced_accuracy,0.996528,"{""C"": 333.23116239550245}"
2026-07-06T16:25:49+00:00,svm_linear,digits_3v5,TPE,0,29,balanced_accuracy,0.996528,"{""C"": 1.0058002631433376}"
2026-07-06T16:25:49+00:00,svm_linear,digits_3v5,TPE,0,30,balanced_accuracy,0.996528,"{""C"": 3.6369730684629435}"
2026-07-06T16:25:49+00:00,svm_linear,digits_3v5,TPE,0,31,balanced_accuracy,0.996528,"{""C"": 0.3463624953823627}"
2026-07-06T16:25:49+00:00,svm_linear,digits_3v5,TPE,0,32,balanced_accuracy,0.996528,"{""C"": 10.359248649229857}"
2026-07-06T16:25:49+00:00,svm_linear,digits_3v5,TPE,0,33,balanced_accuracy,0.996528,"{""C"": 2.018771412628203}"
2026-07-06T16:25:49+00:00,svm_linear,digits_3v5,TPE,0,34,balanced_accuracy,0.996528,"{""C"": 0.47216797452417336}"
2026-07-06T16:25:49+00:00,svm_linear,digits_3v5,TPE,0,35,balanced_accuracy,0.996528,"{""C"": 31.46618819278757}"
2026-07-06T16:25:49+00:00,svm_linear,digits_3v5,TPE,0,36,balanced_accuracy,0.996528,"{""C"": 0.10567508428017551}"
2026-07-06T16:25:49+00:00,svm_linear,digits_3v5,TPE,0,37,balanced_accuracy,0.996528,"{""C"": 0.7653836433005766}"
2026-07-06T16:25:49+00:00,svm_linear,digits_3v5,TPE,0,38,balanced_accuracy,0.993056,"{""C"": 0.011357325966314457}"
2026-07-06T16:25:49+00:00,svm_linear,digits_3v5,TPE,0,39,balanced_accuracy,0.996528,"{""C"": 838.0355529448648}"
2026-07-06T16:25:49+00:00,svm_linear,digits_3v5,TPE,0,40,balanced_accuracy,0.996528,"{""C"": 9.266404284387805}"
2026-07-06T16:25:49+00:00,svm_linear,digits_3v5,TPE,0,41,balanced_accuracy,0.996528,"{""C"": 2.5856135812020837}"
2026-07-06T16:25:49+00:00,svm_linear,digits_3v5,TPE,0,42,balanced_accuracy,0.996528,"{""C"": 0.1552148066596127}"
2026-07-06T16:25:49+00:00,svm_linear,digits_3v5,TPE,0,43,balanced_accuracy,0.996528,"{""C"": 0.32603285287247474}"
2026-07-06T16:25:49+00:00,svm_linear,digits_3v5,TPE,0,44,balanced_accuracy,0.996528,"{""C"": 1.1288497253331349}"
2026-07-06T16:25:49+00:00,svm_linear,digits_3v5,TPE,0,45,balanced_accuracy,0.996528,"{""C"": 0.4599774772144907}"
2026-07-06T16:25:49+00:00,svm_linear,digits_3v5,TPE,0,46,balanced_accuracy,0.996528,"{""C"": 15.91867158831956}"
2026-07-06T16:25:49+00:00,svm_linear,digits_3v5,TPE,0,47,balanced_accuracy,0.996528,"{""C"": 0.025382352250452586}"
2026-07-06T16:25:49+00:00,svm_linear,digits_3v5,TPE,0,48,balanced_accuracy,0.996528,"{""C"": 37.40768572338116}"
2026-07-06T16:25:49+00:00,svm_linear,digits_3v5,TPE,0,49,balanced_accuracy,0.996528,"{""C"": 3.5237778180726433}"
2026-07-06T16:25:49+00:00,svm_rbf,digits_3v5,TPE,0,0,balanced_accuracy,0.761905,"{""C"": 1.96282248134428, ""gamma"": 0.3766576841599298}"
2026-07-06T16:25:49+00:00,svm_rbf,digits_3v5,TPE,0,1,balanced_accuracy,0.996599,"{""C"": 4.135997393839888, ""gamma"": 0.05301709347576828}"
2026-07-06T16:25:49+00:00,svm_rbf,digits_3v5,TPE,0,2,balanced_accuracy,0.622449,"{""C"": 0.348280208702833, ""gamma"": 0.1696174638729098}"
2026-07-06T16:25:49+00:00,svm_rbf,digits_3v5,TPE,0,3,balanced_accuracy,0.500000,"{""C"": 0.4222048983149828, ""gamma"": 2.8765041432546945}"
2026-07-06T16:25:49+00:00,svm_rbf,digits_3v5,TPE,0,4,balanced_accuracy,1.000000,"{""C"": 605.3082080079017, ""gamma"": 0.008264328927007725}"
2026-07-06T16:25:49+00:00,svm_rbf,digits_3v5,TPE,0,5,balanced_accuracy,0.996599,"{""C"": 56.27949975223143, ""gamma"": 0.04410365667970985}"
2026-07-06T16:25:49+00:00,svm_rbf,digits_3v5,TPE,0,6,balanced_accuracy,0.500000,"{""C"": 2.5601615250028704, ""gamma"": 4.246031301768208}"
2026-07-06T16:25:49+00:00,svm_rbf,digits_3v5,TPE,0,7,balanced_accuracy,0.653061,"{""C"": 0.002668187524237051, ""gamma"": 0.00027267573880087313}"
2026-07-06T16:25:49+00:00,svm_rbf,digits_3v5,TPE,0,8,balanced_accuracy,0.500000,"{""C"": 0.001322240284589594, ""gamma"": 1.4557916623227765}"
2026-07-06T16:25:49+00:00,svm_rbf,digits_3v5,TPE,0,9,balanced_accuracy,0.503401,"{""C"": 46.659545670218456, ""gamma"": 2.239034272168371}"
2026-07-06T16:25:49+00:00,svm_rbf,digits_3v5,TPE,0,10,balanced_accuracy,0.996528,"{""C"": 512.1481297236577, ""gamma"": 0.00016099554121786971}"
2026-07-06T16:25:49+00:00,svm_rbf,digits_3v5,TPE,0,11,balanced_accuracy,1.000000,"{""C"": 520.7983086710348, ""gamma"": 0.006999881783185168}"
2026-07-06T16:25:49+00:00,svm_rbf,digits_3v5,TPE,0,12,balanced_accuracy,1.000000,"{""C"": 774.3920957388501, ""gamma"": 0.0033596920305643692}"
2026-07-06T16:25:49+00:00,svm_rbf,digits_3v5,TPE,0,13,balanced_accuracy,1.000000,"{""C"": 110.1776796600429, ""gamma"": 0.003120355096225204}"
2026-07-06T16:25:49+00:00,svm_rbf,digits_3v5,TPE,0,14,balanced_accuracy,1.000000,"{""C"": 952.3225469413671, ""gamma"": 0.00446486839781237}"
2026-07-06T16:25:49+00:00,svm_rbf,digits_3v5,TPE,0,15,balanced_accuracy,1.000000,"{""C"": 96.36436344021243, ""gamma"": 0.011657193797002214}"
2026-07-06T16:25:49+00:00,svm_rbf,digits_3v5,TPE,0,16,balanced_accuracy,0.996528,"{""C"": 12.992175304421215, ""gamma"": 0.0008939344492882594}"
2026-07-06T16:25:49+00:00,svm_rbf,digits_3v5,TPE,0,17,balanced_accuracy,0.996599,"{""C"": 335.3555271900134, ""gamma"": 0.034406876204698636}"
2026-07-06T16:25:49+00:00,svm_rbf,digits_3v5,TPE,0,18,balanced_accuracy,0.996528,"{""C"": 18.248755063976034, ""gamma"": 0.000833200542370641}"
2026-07-06T16:25:49+00:00,svm_rbf,digits_3v5,TPE,0,19,balanced_accuracy,0.663265,"{""C"": 0.012563428300002039, ""gamma"": 0.011736398202111}"
2026-07-06T16:25:49+00:00,svm_rbf,digits_3v5,TPE,0,20,balanced_accuracy,0.996528,"{""C"": 206.4188883549363, ""gamma"": 0.0006275913343647725}"
2026-07-06T16:25:49+00:00,svm_rbf,digits_3v5,TPE,0,21,balanced_accuracy,1.000000,"{""C"": 885.3596923719093, ""gamma"": 0.0029175193951607504}"
2026-07-06T16:25:49+00:00,svm_rbf,digits_3v5,TPE,0,22,balanced_accuracy,1.000000,"{""C"": 252.16240930963886, ""gamma"": 0.009549426531548836}"
2026-07-06T16:25:49+00:00,svm_rbf,digits_3v5,TPE,0,23,balanced_accuracy,0.996528,"{""C"": 37.45837656431405, ""gamma"": 0.001685298536984933}"
2026-07-06T16:25:49+00:00,svm_rbf,digits_3v5,TPE,0,24,balanced_accuracy,0.979450,"{""C"": 228.87282858404575, ""gamma"": 0.11481740865080799}"
2026-07-06T16:25:49+00:00,svm_rbf,digits_3v5,TPE,0,25,balanced_accuracy,1.000000,"{""C"": 833.3248708228103, ""gamma"": 0.021184659998789265}"
2026-07-06T16:25:49+00:00,svm_rbf,digits_3v5,TPE,0,26,balanced_accuracy,1.000000,"{""C"": 12.372320562315766, ""gamma"": 0.00560326585196319}"
2026-07-06T16:25:49+00:00,svm_rbf,digits_3v5,TPE,0,27,balanced_accuracy,0.996528,"{""C"": 115.47735113137301, ""gamma"": 0.0017772522243035696}"
2026-07-06T16:25:49+00:00,svm_rbf,digits_3v5,TPE,0,28,balanced_accuracy,0.591837,"{""C"": 369.5727657649904, ""gamma"": 0.5897044123537916}"
2026-07-06T16:25:49+00:00,svm_rbf,digits_3v5,TPE,0,29,balanced_accuracy,0.996528,"{""C"": 27.11006511078439, ""gamma"": 0.0003986603812716996}"
2026-07-06T16:25:49+00:00,svm_rbf,digits_3v5,TPE,0,30,balanced_accuracy,0.982851,"{""C"": 173.32375192938892, ""gamma"": 0.10115448067147141}"
2026-07-06T16:25:49+00:00,svm_rbf,digits_3v5,TPE,0,31,balanced_accuracy,1.000000,"{""C"": 78.89688759480106, ""gamma"": 0.002288263707076857}"
2026-07-06T16:25:49+00:00,svm_rbf,digits_3v5,TPE,0,32,balanced_accuracy,1.000000,"{""C"": 6.400950254226218, ""gamma"": 0.006151149916131526}"
2026-07-06T16:25:49+00:00,svm_rbf,digits_3v5,TPE,0,33,balanced_accuracy,1.000000,"{""C"": 467.68929468262394, ""gamma"": 0.022421980267300447}"
2026-07-06T16:25:49+00:00,svm_rbf,digits_3v5,TPE,0,34,balanced_accuracy,0.989654,"{""C"": 1.0071526053934234, ""gamma"": 0.0032034439409251957}"
2026-07-06T16:25:49+00:00,svm_rbf,digits_3v5,TPE,0,35,balanced_accuracy,1.000000,"{""C"": 107.25397351422005, ""gamma"": 0.0196032433551572}"
2026-07-06T16:25:49+00:00,svm_rbf,digits_3v5,TPE,0,36,balanced_accuracy,0.996599,"{""C"": 951.6752837360855, ""gamma"": 0.06942350863059532}"
2026-07-06T16:25:49+00:00,svm_rbf,digits_3v5,TPE,0,37,balanced_accuracy,0.870394,"{""C"": 66.94280853463782, ""gamma"": 0.2358341374700011}"
2026-07-06T16:25:49+00:00,svm_rbf,digits_3v5,TPE,0,38,balanced_accuracy,0.993056,"{""C"": 6.326995269768981, ""gamma"": 0.0010971305695996122}"
2026-07-06T16:25:49+00:00,svm_rbf,digits_3v5,TPE,0,39,balanced_accuracy,0.918367,"{""C"": 0.028400375275101766, ""gamma"": 0.010519641311400567}"
2026-07-06T16:25:49+00:00,svm_rbf,digits_3v5,TPE,0,40,balanced_accuracy,0.996528,"{""C"": 155.91954655085803, ""gamma"": 0.00038152453260550213}"
2026-07-06T16:25:49+00:00,svm_rbf,digits_3v5,TPE,0,41,balanced_accuracy,1.000000,"{""C"": 545.146152257552, ""gamma"": 0.004901146760785157}"
2026-07-06T16:25:49+00:00,svm_rbf,digits_3v5,TPE,0,42,balanced_accuracy,1.000000,"{""C"": 968.3436192190243, ""gamma"": 0.00384616031490762}"
2026-07-06T16:25:49+00:00,svm_rbf,digits_3v5,TPE,0,43,balanced_accuracy,0.996528,"{""C"": 461.7786748541162, ""gamma"": 0.00011224397478893459}"
2026-07-06T16:25:49+00:00,svm_rbf,digits_3v5,TPE,0,44,balanced_accuracy,0.500000,"{""C"": 288.47934407239256, ""gamma"": 9.087964940420182}"
2026-07-06T16:25:49+00:00,svm_rbf,digits_3v5,TPE,0,45,balanced_accuracy,0.996528,"{""C"": 44.180762133152044, ""gamma"": 0.0014142195482830671}"
2026-07-06T16:25:49+00:00,svm_rbf,digits_3v5,TPE,0,46,balanced_accuracy,1.000000,"{""C"": 537.3605831002287, ""gamma"": 0.006425421693912425}"
2026-07-06T16:25:49+00:00,svm_rbf,digits_3v5,TPE,0,47,balanced_accuracy,0.996599,"{""C"": 143.96069937276414, ""gamma"": 0.03387150710710039}"
2026-07-06T16:25:49+00:00,svm_rbf,digits_3v5,TPE,0,48,balanced_accuracy,1.000000,"{""C"": 71.03316380930272, ""gamma"": 0.015195693643799394}"
2026-07-06T16:25:49+00:00,svm_rbf,digits_3v5,TPE,0,49,balanced_accuracy,1.000000,"{""C"": 282.6866073093314, ""gamma"": 0.007840327369796538}"
2026-07-06T16:25:54+00:00,xgboost,digits_3v5,TPE,0,0,balanced_accuracy,0.982922,"{""colsample_bytree"": 0.7118273996694524, ""learning_rate"": 0.05910317077425309, ""max_depth"": 7, ""n_estimators"": 297, ""reg_lambda"": 0.3833332156156664, ""subsample"": 0.7724415914984484}"
2026-07-06T16:25:54+00:00,xgboost,digits_3v5,TPE,0,1,balanced_accuracy,0.976049,"{""colsample_bytree"": 0.8958625190413323, ""learning_rate"": 0.1618191272832578, ""max_depth"": 10, ""n_estimators"": 247, ""reg_lambda"": 0.13049073550362397, ""subsample"": 0.6917207594128889}"
2026-07-06T16:25:54+00:00,xgboost,digits_3v5,TPE,0,2,balanced_accuracy,0.986324,"{""colsample_bytree"": 0.5101091987201629, ""learning_rate"": 0.1962524585239014, ""max_depth"": 2, ""n_estimators"": 306, ""reg_lambda"": 2.1403233140986067, ""subsample"": 0.5435646498507704}"
2026-07-06T16:25:54+00:00,xgboost,digits_3v5,TPE,0,3,balanced_accuracy,0.982922,"{""colsample_bytree"": 0.7307396811264659, ""learning_rate"": 0.14293072093890533, ""max_depth"": 10, ""n_estimators"": 400, ""reg_lambda"": 1.3246974647468452, ""subsample"": 0.8995792821083618}"
2026-07-06T16:25:54+00:00,xgboost,digits_3v5,TPE,0,4,balanced_accuracy,0.979450,"{""colsample_bytree"": 0.7609241608750359, ""learning_rate"": 0.038473523622807364, ""max_depth"": 3, ""n_estimators"": 103, ""reg_lambda"": 0.045566719139214756, ""subsample"": 0.972334458524792}"
2026-07-06T16:25:54+00:00,xgboost,digits_3v5,TPE,0,5,balanced_accuracy,0.982922,"{""colsample_bytree"": 0.5093949002181776, ""learning_rate"": 0.08276957557192281, ""max_depth"": 6, ""n_estimators"": 169, ""reg_lambda"": 0.2954894558726685, ""subsample"": 0.7842169744343243}"
2026-07-06T16:25:54+00:00,xgboost,digits_3v5,TPE,0,6,balanced_accuracy,0.982922,"{""colsample_bytree"": 0.679753950286893, ""learning_rate"": 0.03374584570073953, ""max_depth"": 10, ""n_estimators"": 326, ""reg_lambda"": 0.05599223654063348, ""subsample"": 0.8409101495517417}"
2026-07-06T16:25:54+00:00,xgboost,digits_3v5,TPE,0,7,balanced_accuracy,0.982851,"{""colsample_bytree"": 0.6051912805369204, ""learning_rate"": 0.0014098918363046988, ""max_depth"": 8, ""n_estimators"": 364, ""reg_lambda"": 0.0032787264983352763, ""subsample"": 0.8353189348090797}"
2026-07-06T16:25:54+00:00,xgboost,digits_3v5,TPE,0,8,balanced_accuracy,0.965774,"{""colsample_bytree"": 0.9941869190296131, ""learning_rate"": 0.007960781083787736, ""max_depth"": 7, ""n_estimators"": 192, ""reg_lambda"": 0.0025596420901526653, ""subsample"": 0.7193007567311602}"
2026-07-06T16:25:54+00:00,xgboost,digits_3v5,TPE,0,9,balanced_accuracy,0.965774,"{""colsample_bytree"": 0.7331553864281531, ""learning_rate"": 0.002509477090866099, ""max_depth"": 7, ""n_estimators"": 144, ""reg_lambda"": 0.009499535455183799, ""subsample"": 0.626645801269891}"
2026-07-06T16:25:54+00:00,xgboost,digits_3v5,TPE,0,10,balanced_accuracy,0.965774,"{""colsample_bytree"": 0.8732691763941831, ""learning_rate"": 0.007627625676927525, ""max_depth"": 2, ""n_estimators"": 474, ""reg_lambda"": 8.609071076878536, ""subsample"": 0.5100229215872223}"
2026-07-06T16:25:54+00:00,xgboost,digits_3v5,TPE,0,11,balanced_accuracy,0.972718,"{""colsample_bytree"": 0.5053001824096808, ""learning_rate"": 0.27328496886851295, ""max_depth"": 4, ""n_estimators"": 261, ""reg_lambda"": 1.7312955706326263, ""subsample"": 0.5187075174451028}"
2026-07-06T16:25:54+00:00,xgboost,digits_3v5,TPE,0,12,balanced_accuracy,0.979521,"{""colsample_bytree"": 0.612839193532737, ""learning_rate"": 0.04452823491573578, ""max_depth"": 5, ""n_estimators"": 296, ""reg_lambda"": 0.9054041578302555, ""subsample"": 0.6195029986752796}"
2026-07-06T16:25:54+00:00,xgboost,digits_3v5,TPE,0,13,balanced_accuracy,0.979450,"{""colsample_bytree"": 0.5741260531578608, ""learning_rate"": 0.01214098604480908, ""max_depth"": 2, ""n_estimators"": 434, ""reg_lambda"": 7.94870428337137, ""subsample"": 0.5870660030648577}"
2026-07-06T16:25:54+00:00,xgboost,digits_3v5,TPE,0,14,balanced_accuracy,0.979521,"{""colsample_bytree"": 0.8270780977390592, ""learning_rate"": 0.07193676188177545, ""max_depth"": 4, ""n_estimators"": 231, ""reg_lambda"": 0.4029540279836746, ""subsample"": 0.7184691138479268}"
2026-07-06T16:25:54+00:00,xgboost,digits_3v5,TPE,0,15,balanced_accuracy,0.979521,"{""colsample_bytree"": 0.6578366710011139, ""learning_rate"": 0.288236289329534, ""max_depth"": 8, ""n_estimators"": 57, ""reg_lambda"": 3.043806359150003, ""subsample"": 0.9926965027312304}"
2026-07-06T16:25:54+00:00,xgboost,digits_3v5,TPE,0,16,balanced_accuracy,0.979521,"{""colsample_bytree"": 0.9990210215239964, ""learning_rate"": 0.01756010630847402, ""max_depth"": 5, ""n_estimators"": 340, ""reg_lambda"": 0.4669212264707533, ""subsample"": 0.7737261254874518}"
2026-07-06T16:25:54+00:00,xgboost,digits_3v5,TPE,0,17,balanced_accuracy,0.976120,"{""colsample_bytree"": 0.798461504383266, ""learning_rate"": 0.11764289457983418, ""max_depth"": 8, ""n_estimators"": 289, ""reg_lambda"": 0.11793090594813954, ""subsample"": 0.5605973217846583}"
2026-07-06T16:25:54+00:00,xgboost,digits_3v5,TPE,0,18,balanced_accuracy,0.979450,"{""colsample_bytree"": 0.558066758584528, ""learning_rate"": 0.022864084373937436, ""max_depth"": 3, ""n_estimators"": 367, ""reg_lambda"": 3.928689568339919, ""subsample"": 0.6538696506668421}"
2026-07-06T16:25:54+00:00,xgboost,digits_3v5,TPE,0,19,balanced_accuracy,0.982922,"{""colsample_bytree"": 0.6706258240809833, ""learning_rate"": 0.0686661729322981, ""max_depth"": 9, ""n_estimators"": 498, ""reg_lambda"": 0.02226557116005989, ""subsample"": 0.9364723163489512}"
2026-07-06T16:25:54+00:00,xgboost,digits_3v5,TPE,0,20,balanced_accuracy,0.979450,"{""colsample_bytree"": 0.9108123125975987, ""learning_rate"": 0.18663739201352367, ""max_depth"": 6, ""n_estimators"": 218, ""reg_lambda"": 0.1657874623112655, ""subsample"": 0.8652523560950993}"
2026-07-06T16:25:54+00:00,xgboost,digits_3v5,TPE,0,21,balanced_accuracy,0.982922,"{""colsample_bytree"": 0.7197977253615331, ""learning_rate"": 0.11972350652095315, ""max_depth"": 9, ""n_estimators"": 416, ""reg_lambda"": 0.823259022165863, ""subsample"": 0.9269636970116786}"
2026-07-06T16:25:54+00:00,xgboost,digits_3v5,TPE,0,22,balanced_accuracy,0.982922,"{""colsample_bytree"": 0.7890137634689351, ""learning_rate"": 0.16021674014470214, ""max_depth"": 9, ""n_estimators"": 419, ""reg_lambda"": 1.4050082291274713, ""subsample"": 0.8846353824776911}"
2026-07-06T16:25:54+00:00,xgboost,digits_3v5,TPE,0,23,balanced_accuracy,0.982922,"{""colsample_bytree"": 0.7128215678346734, ""learning_rate"": 0.05347333191548917, ""max_depth"": 7, ""n_estimators"": 382, ""reg_lambda"": 3.132513370097962, ""subsample"": 0.8028631948523987}"
2026-07-06T16:25:54+00:00,xgboost,digits_3v5,TPE,0,24,balanced_accuracy,0.982922,"{""colsample_bytree"": 0.6227614548221163, ""learning_rate"": 0.10716026115220637, ""max_depth"": 6, ""n_estimators"": 301, ""reg_lambda"": 0.6222927326785821, ""subsample"": 0.9274632654715115}"
2026-07-06T16:25:54+00:00,xgboost,digits_3v5,TPE,0,25,balanced_accuracy,0.982922,"{""colsample_bytree"": 0.849108831902723, ""learning_rate"": 0.1850562834451727, ""max_depth"": 10, ""n_estimators"": 391, ""reg_lambda"": 1.8587466597025337, ""subsample"": 0.7631660881735256}"
2026-07-06T16:25:54+00:00,xgboost,digits_3v5,TPE,0,26,balanced_accuracy,0.979450,"{""colsample_bytree"": 0.5613693154172332, ""learning_rate"": 0.028183499177488195, ""max_depth"": 4, ""n_estimators"": 332, ""reg_lambda"": 0.19211206126124827, ""subsample"": 0.6840363037936559}"
2026-07-06T16:25:54+00:00,xgboost,digits_3v5,TPE,0,27,balanced_accuracy,0.982922,"{""colsample_bytree"": 0.937739551259788, ""learning_rate"": 0.08719496052082501, ""max_depth"": 5, ""n_estimators"": 455, ""reg_lambda"": 4.9251787049895395, ""subsample"": 0.8802125528255818}"
2026-07-06T16:25:54+00:00,xgboost,digits_3v5,TPE,0,28,balanced_accuracy,0.976190,"{""colsample_bytree"": 0.7626894768435758, ""learning_rate"": 0.282097278694009, ""max_depth"": 3, ""n_estimators"": 276, ""reg_lambda"": 1.1937579069705997, ""subsample"": 0.5590064789819482}"
2026-07-06T16:25:54+00:00,xgboost,digits_3v5,TPE,0,29,balanced_accuracy,0.979521,"{""colsample_bytree"": 0.6485039822360612, ""learning_rate"": 0.16573821494225668, ""max_depth"": 9, ""n_estimators"": 246, ""reg_lambda"": 0.09802913082475886, ""subsample"": 0.7447339379819209}"
2026-07-06T16:25:54+00:00,xgboost,digits_3v5,TPE,0,30,balanced_accuracy,0.982922,"{""colsample_bytree"": 0.6902699059187648, ""learning_rate"": 0.13799260015561277, ""max_depth"": 8, ""n_estimators"": 312, ""reg_lambda"": 0.31030970334671054, ""subsample"": 0.8193230701893504}"
2026-07-06T16:25:54+00:00,xgboost,digits_3v5,TPE,0,31,balanced_accuracy,0.986324,"{""colsample_bytree"": 0.5187428550915535, ""learning_rate"": 0.059284832844981705, ""max_depth"": 6, ""n_estimators"": 183, ""reg_lambda"": 0.28243151883210615, ""subsample"": 0.7835604364361902}"
2026-07-06T16:25:54+00:00,xgboost,digits_3v5,TPE,0,32,balanced_accuracy,0.982922,"{""colsample_bytree"": 0.5440779289724748, ""learning_rate"": 0.05885000473685258, ""max_depth"": 7, ""n_estimators"": 202, ""reg_lambda"": 0.6351924764285481, ""subsample"": 0.6862189141763653}"
2026-07-06T16:25:54+00:00,xgboost,digits_3v5,TPE,0,33,balanced_accuracy,0.982922,"{""colsample_bytree"": 0.5324800985559404, ""learning_rate"": 0.038580392175213155, ""max_depth"": 10, ""n_estimators"": 109, ""reg_lambda"": 0.0010417477201846426, ""subsample"": 0.9603123872881806}"
2026-07-06T16:25:54+00:00,xgboost,digits_3v5,TPE,0,34,balanced_accuracy,0.982922,"{""colsample_bytree"": 0.5034302293771926, ""learning_rate"": 0.09857251257566611, ""max_depth"": 3, ""n_estimators"": 152, ""reg_lambda"": 0.04001953635403308, ""subsample"": 0.9036473964963287}"
2026-07-06T16:25:54+00:00,xgboost,digits_3v5,TPE,0,35,balanced_accuracy,0.979521,"{""colsample_bytree"": 0.5892269064212105, ""learning_rate"": 0.209710085221436, ""max_depth"": 5, ""n_estimators"": 349, ""reg_lambda"": 0.21624752895556146, ""subsample"": 0.8453926183479854}"
2026-07-06T16:25:54+00:00,xgboost,digits_3v5,TPE,0,36,balanced_accuracy,0.982922,"{""colsample_bytree"": 0.6333219252950646, ""learning_rate"": 0.061519974887351, ""max_depth"": 6, ""n_estimators"": 116, ""reg_lambda"": 0.06451713029376394, ""subsample"": 0.7298194473630765}"
2026-07-06T16:25:54+00:00,xgboost,digits_3v5,TPE,0,37,balanced_accuracy,0.982922,"{""colsample_bytree"": 0.7436304002740347, ""learning_rate"": 0.08637650771531549, ""max_depth"": 7, ""n_estimators"": 176, ""reg_lambda"": 2.3749367145783222, ""subsample"": 0.7990957682352914}"
2026-07-06T16:25:54+00:00,xgboost,digits_3v5,TPE,0,38,balanced_accuracy,0.982922,"{""colsample_bytree"": 0.5325354980289237, ""learning_rate"": 0.027547101181609523, ""max_depth"": 10, ""n_estimators"": 268, ""reg_lambda"": 0.27099029970895006, ""subsample"": 0.6533503374477999}"
2026-07-06T16:25:54+00:00,xgboost,digits_3v5,TPE,0,39,balanced_accuracy,0.982922,"{""colsample_bytree"": 0.6912704590162055, ""learning_rate"": 0.048185386536211086, ""max_depth"": 2, ""n_estimators"": 71, ""reg_lambda"": 5.567103203048501, ""subsample"": 0.8527529167056596}"
2026-07-06T16:25:54+00:00,xgboost,digits_3v5,TPE,0,40,balanced_accuracy,0.982922,"{""colsample_bytree"": 0.5892885259092949, ""learning_rate"": 0.0024406411659198476, ""max_depth"": 4, ""n_estimators"": 237, ""reg_lambda"": 1.1137329994545981, ""subsample"": 0.8209072619159269}"
2026-07-06T16:25:54+00:00,xgboost,digits_3v5,TPE,0,41,balanced_accuracy,0.982922,"{""colsample_bytree"": 0.5185664698478301, ""learning_rate"": 0.08539668545039247, ""max_depth"": 6, ""n_estimators"": 171, ""reg_lambda"": 0.48136054003378925, ""subsample"": 0.7809312677242675}"
2026-07-06T16:25:54+00:00,xgboost,digits_3v5,TPE,0,42,balanced_accuracy,0.979521,"{""colsample_bytree"": 0.5811750885648619, ""learning_rate"": 0.22052241850093895, ""max_depth"": 6, ""n_estimators"": 136, ""reg_lambda"": 0.0843484759920829, ""subsample"": 0.7538907730908043}"
2026-07-06T16:25:54+00:00,xgboost,digits_3v5,TPE,0,43,balanced_accuracy,0.982922,"{""colsample_bytree"": 0.5013125456491606, ""learning_rate"": 0.037573537960707795, ""max_depth"": 7, ""n_estimators"": 193, ""reg_lambda"": 0.3319053392242401, ""subsample"": 0.6580044084541202}"
2026-07-06T16:25:54+00:00,xgboost,digits_3v5,TPE,0,44,balanced_accuracy,0.972647,"{""colsample_bytree"": 0.5540417176271293, ""learning_rate"": 0.13016927943927414, ""max_depth"": 8, ""n_estimators"": 215, ""reg_lambda"": 0.8033955405584503, ""subsample"": 0.722060837383426}"
2026-07-06T16:25:54+00:00,xgboost,digits_3v5,TPE,0,45,balanced_accuracy,0.958971,"{""colsample_bytree"": 0.768772182562029, ""learning_rate"": 0.015473301054978225, ""max_depth"": 5, ""n_estimators"": 88, ""reg_lambda"": 1.934572992588988, ""subsample"": 0.6089160977762649}"
2026-07-06T16:25:54+00:00,xgboost,digits_3v5,TPE,0,46,balanced_accuracy,0.972647,"{""colsample_bytree"": 0.6032960758799962, ""learning_rate"": 0.0010569754305177538, ""max_depth"": 2, ""n_estimators"": 164, ""reg_lambda"": 0.03412507477421989, ""subsample"": 0.6980375663110062}"
2026-07-06T16:25:54+00:00,xgboost,digits_3v5,TPE,0,47,balanced_accuracy,0.982851,"{""colsample_bytree"": 0.5254797475495373, ""learning_rate"": 0.07462530102423083, ""max_depth"": 4, ""n_estimators"": 135, ""reg_lambda"": 0.12871258898300225, ""subsample"": 0.993838773747714}"
2026-07-06T16:25:54+00:00,xgboost,digits_3v5,TPE,0,48,balanced_accuracy,0.979450,"{""colsample_bytree"": 0.8073258888320058, ""learning_rate"": 0.00932285298559866, ""max_depth"": 8, ""n_estimators"": 356, ""reg_lambda"": 0.01034387540077663, ""subsample"": 0.5562574847377046}"
2026-07-06T16:25:54+00:00,xgboost,digits_3v5,TPE,0,49,balanced_accuracy,0.976120,"{""colsample_bytree"": 0.9438539819157321, ""learning_rate"": 0.04525183709404797, ""max_depth"": 5, ""n_estimators"": 317, ""reg_lambda"": 0.5093560540239737, ""subsample"": 0.5339376593653163}"
2026-07-06T16:25:55+00:00,knn,iris_binary,TPE,0,0,balanced_accuracy,0.898352,"{""n_neighbors"": 17, ""p"": 1, ""weights"": ""uniform""}"
2026-07-06T16:25:55+00:00,knn,iris_binary,TPE,0,1,balanced_accuracy,0.911172,"{""n_neighbors"": 20, ""p"": 1, ""weights"": ""distance""}"
2026-07-06T16:25:55+00:00,knn,iris_binary,TPE,0,2,balanced_accuracy,0.911172,"{""n_neighbors"": 24, ""p"": 1, ""weights"": ""distance""}"
2026-07-06T16:25:55+00:00,knn,iris_binary,TPE,0,3,balanced_accuracy,0.936813,"{""n_neighbors"": 3, ""p"": 2, ""weights"": ""distance""}"
2026-07-06T16:25:55+00:00,knn,iris_binary,TPE,0,4,balanced_accuracy,0.859890,"{""n_neighbors"": 30, ""p"": 1, ""weights"": ""uniform""}"
2026-07-06T16:25:55+00:00,knn,iris_binary,TPE,0,5,balanced_accuracy,0.911172,"{""n_neighbors"": 20, ""p"": 1, ""weights"": ""distance""}"
2026-07-06T16:25:55+00:00,knn,iris_binary,TPE,0,6,balanced_accuracy,0.911172,"{""n_neighbors"": 8, ""p"": 1, ""weights"": ""uniform""}"
2026-07-06T16:25:55+00:00,knn,iris_binary,TPE,0,7,balanced_accuracy,0.911172,"{""n_neighbors"": 19, ""p"": 1, ""weights"": ""distance""}"
2026-07-06T16:25:55+00:00,knn,iris_binary,TPE,0,8,balanced_accuracy,0.923993,"{""n_neighbors"": 11, ""p"": 2, ""weights"": ""distance""}"
2026-07-06T16:25:55+00:00,knn,iris_binary,TPE,0,9,balanced_accuracy,0.923993,"{""n_neighbors"": 21, ""p"": 2, ""weights"": ""uniform""}"
2026-07-06T16:25:55+00:00,knn,iris_binary,TPE,0,10,balanced_accuracy,0.873626,"{""n_neighbors"": 1, ""p"": 2, ""weights"": ""distance""}"
2026-07-06T16:25:55+00:00,knn,iris_binary,TPE,0,11,balanced_accuracy,0.936813,"{""n_neighbors"": 10, ""p"": 2, ""weights"": ""distance""}"
2026-07-06T16:25:55+00:00,knn,iris_binary,TPE,0,12,balanced_accuracy,0.873626,"{""n_neighbors"": 2, ""p"": 2, ""weights"": ""distance""}"
2026-07-06T16:25:55+00:00,knn,iris_binary,TPE,0,13,balanced_accuracy,0.936813,"{""n_neighbors"": 7, ""p"": 2, ""weights"": ""distance""}"
2026-07-06T16:25:55+00:00,knn,iris_binary,TPE,0,14,balanced_accuracy,0.923993,"{""n_neighbors"": 13, ""p"": 2, ""weights"": ""distance""}"
2026-07-06T16:25:55+00:00,knn,iris_binary,TPE,0,15,balanced_accuracy,0.949634,"{""n_neighbors"": 5, ""p"": 2, ""weights"": ""distance""}"
2026-07-06T16:25:55+00:00,knn,iris_binary,TPE,0,16,balanced_accuracy,0.949634,"{""n_neighbors"": 5, ""p"": 2, ""weights"": ""distance""}"
2026-07-06T16:25:55+00:00,knn,iris_binary,TPE,0,17,balanced_accuracy,0.949634,"{""n_neighbors"": 5, ""p"": 2, ""weights"": ""distance""}"
2026-07-06T16:25:55+00:00,knn,iris_binary,TPE,0,18,balanced_accuracy,0.911172,"{""n_neighbors"": 15, ""p"": 2, ""weights"": ""uniform""}"
2026-07-06T16:25:55+00:00,knn,iris_binary,TPE,0,19,balanced_accuracy,0.949634,"{""n_neighbors"": 5, ""p"": 2, ""weights"": ""distance""}"
2026-07-06T16:25:55+00:00,knn,iris_binary,TPE,0,20,balanced_accuracy,0.936813,"{""n_neighbors"": 8, ""p"": 2, ""weights"": ""distance""}"
2026-07-06T16:25:55+00:00,knn,iris_binary,TPE,0,21,balanced_accuracy,0.949634,"{""n_neighbors"": 5, ""p"": 2, ""weights"": ""distance""}"
2026-07-06T16:25:55+00:00,knn,iris_binary,TPE,0,22,balanced_accuracy,0.949634,"{""n_neighbors"": 5, ""p"": 2, ""weights"": ""distance""}"
2026-07-06T16:25:55+00:00,knn,iris_binary,TPE,0,23,balanced_accuracy,0.923993,"{""n_neighbors"": 11, ""p"": 2, ""weights"": ""distance""}"
2026-07-06T16:25:55+00:00,knn,iris_binary,TPE,0,24,balanced_accuracy,0.936813,"{""n_neighbors"": 4, ""p"": 2, ""weights"": ""distance""}"
2026-07-06T16:25:55+00:00,knn,iris_binary,TPE,0,25,balanced_accuracy,0.936813,"{""n_neighbors"": 7, ""p"": 2, ""weights"": ""distance""}"
2026-07-06T16:25:55+00:00,knn,iris_binary,TPE,0,26,balanced_accuracy,0.873626,"{""n_neighbors"": 1, ""p"": 2, ""weights"": ""uniform""}"
2026-07-06T16:25:55+00:00,knn,iris_binary,TPE,0,27,balanced_accuracy,0.936813,"{""n_neighbors"": 9, ""p"": 2, ""weights"": ""distance""}"
2026-07-06T16:25:55+00:00,knn,iris_binary,TPE,0,28,balanced_accuracy,0.923993,"{""n_neighbors"": 13, ""p"": 2, ""weights"": ""distance""}"
2026-07-06T16:25:55+00:00,knn,iris_binary,TPE,0,29,balanced_accuracy,0.923993,"{""n_neighbors"": 3, ""p"": 2, ""weights"": ""uniform""}"
2026-07-06T16:25:55+00:00,knn,iris_binary,TPE,0,30,balanced_accuracy,0.936813,"{""n_neighbors"": 6, ""p"": 2, ""weights"": ""distance""}"
2026-07-06T16:25:55+00:00,knn,iris_binary,TPE,0,31,balanced_accuracy,0.949634,"{""n_neighbors"": 5, ""p"": 2, ""weights"": ""distance""}"
2026-07-06T16:25:55+00:00,knn,iris_binary,TPE,0,32,balanced_accuracy,0.936813,"{""n_neighbors"": 3, ""p"": 2, ""weights"": ""distance""}"
2026-07-06T16:25:55+00:00,knn,iris_binary,TPE,0,33,balanced_accuracy,0.936813,"{""n_neighbors"": 6, ""p"": 2, ""weights"": ""distance""}"
2026-07-06T16:25:55+00:00,knn,iris_binary,TPE,0,34,balanced_accuracy,0.936813,"{""n_neighbors"": 9, ""p"": 1, ""weights"": ""distance""}"
2026-07-06T16:25:55+00:00,knn,iris_binary,TPE,0,35,balanced_accuracy,0.936813,"{""n_neighbors"": 4, ""p"": 2, ""weights"": ""distance""}"
2026-07-06T16:25:55+00:00,knn,iris_binary,TPE,0,36,balanced_accuracy,0.923993,"{""n_neighbors"": 12, ""p"": 1, ""weights"": ""distance""}"
2026-07-06T16:25:55+00:00,knn,iris_binary,TPE,0,37,balanced_accuracy,0.873626,"{""n_neighbors"": 1, ""p"": 2, ""weights"": ""distance""}"
2026-07-06T16:25:55+00:00,knn,iris_binary,TPE,0,38,balanced_accuracy,0.847070,"{""n_neighbors"": 28, ""p"": 1, ""weights"": ""uniform""}"
2026-07-06T16:25:55+00:00,knn,iris_binary,TPE,0,39,balanced_accuracy,0.936813,"{""n_neighbors"": 8, ""p"": 2, ""weights"": ""distance""}"
2026-07-06T16:25:55+00:00,knn,iris_binary,TPE,0,40,balanced_accuracy,0.911172,"{""n_neighbors"": 15, ""p"": 1, ""weights"": ""distance""}"
2026-07-06T16:25:55+00:00,knn,iris_binary,TPE,0,41,balanced_accuracy,0.949634,"{""n_neighbors"": 5, ""p"": 2, ""weights"": ""distance""}"
2026-07-06T16:25:55+00:00,knn,iris_binary,TPE,0,42,balanced_accuracy,0.936813,"{""n_neighbors"": 3, ""p"": 2, ""weights"": ""distance""}"
2026-07-06T16:25:55+00:00,knn,iris_binary,TPE,0,43,balanced_accuracy,0.936813,"{""n_neighbors"": 6, ""p"": 2, ""weights"": ""distance""}"
2026-07-06T16:25:55+00:00,knn,iris_binary,TPE,0,44,balanced_accuracy,0.936813,"{""n_neighbors"": 4, ""p"": 2, ""weights"": ""distance""}"
2026-07-06T16:25:55+00:00,knn,iris_binary,TPE,0,45,balanced_accuracy,0.873626,"{""n_neighbors"": 2, ""p"": 2, ""weights"": ""distance""}"
2026-07-06T16:25:55+00:00,knn,iris_binary,TPE,0,46,balanced_accuracy,0.923993,"{""n_neighbors"": 7, ""p"": 2, ""weights"": ""uniform""}"
2026-07-06T16:25:55+00:00,knn,iris_binary,TPE,0,47,balanced_accuracy,0.936813,"{""n_neighbors"": 10, ""p"": 2, ""weights"": ""distance""}"
2026-07-06T16:25:55+00:00,knn,iris_binary,TPE,0,48,balanced_accuracy,0.936813,"{""n_neighbors"": 8, ""p"": 1, ""weights"": ""distance""}"
2026-07-06T16:25:55+00:00,knn,iris_binary,TPE,0,49,balanced_accuracy,0.949634,"{""n_neighbors"": 5, ""p"": 2, ""weights"": ""distance""}"
2026-07-06T16:25:56+00:00,logreg,iris_binary,TPE,0,0,balanced_accuracy,0.923993,"{""C"": 1.96282248134428}"
2026-07-06T16:25:56+00:00,logreg,iris_binary,TPE,0,1,balanced_accuracy,0.948718,"{""C"": 19.549524484259873}"
2026-07-06T16:25:56+00:00,logreg,iris_binary,TPE,0,2,balanced_accuracy,0.936813,"{""C"": 4.135997393839888}"
2026-07-06T16:25:56+00:00,logreg,iris_binary,TPE,0,3,balanced_accuracy,0.923993,"{""C"": 1.8590843630169627}"
2026-07-06T16:25:56+00:00,logreg,iris_binary,TPE,0,4,balanced_accuracy,0.923993,"{""C"": 0.348280208702833}"
2026-07-06T16:25:56+00:00,logreg,iris_binary,TPE,0,5,balanced_accuracy,0.936813,"{""C"": 7.505241622349544}"
2026-07-06T16:25:56+00:00,logreg,iris_binary,TPE,0,6,balanced_accuracy,0.911172,"{""C"": 0.4222048983149828}"
2026-07-06T16:25:56+00:00,logreg,iris_binary,TPE,0,7,balanced_accuracy,0.923993,"{""C"": 224.2012371372442}"
2026-07-06T16:25:56+00:00,logreg,iris_binary,TPE,0,8,balanced_accuracy,0.936813,"{""C"": 605.3082080079017}"
2026-07-06T16:25:56+00:00,logreg,iris_binary,TPE,0,9,balanced_accuracy,0.923993,"{""C"": 0.1998246739232945}"
2026-07-06T16:25:56+00:00,logreg,iris_binary,TPE,0,10,balanced_accuracy,0.892857,"{""C"": 0.0013243623620587995}"
2026-07-06T16:25:56+00:00,logreg,iris_binary,TPE,0,11,balanced_accuracy,0.936813,"{""C"": 40.371845841736}"
2026-07-06T16:25:56+00:00,logreg,iris_binary,TPE,0,12,balanced_accuracy,0.936813,"{""C"": 33.736441805934916}"
2026-07-06T16:25:56+00:00,logreg,iris_binary,TPE,0,13,balanced_accuracy,0.898352,"{""C"": 0.01768694545432142}"
2026-07-06T16:25:56+00:00,logreg,iris_binary,TPE,0,14,balanced_accuracy,0.936813,"{""C"": 44.846247128932376}"
2026-07-06T16:25:56+00:00,logreg,iris_binary,TPE,0,15,balanced_accuracy,0.936813,"{""C"": 5.665482600548672}"
2026-07-06T16:25:56+00:00,logreg,iris_binary,TPE,0,16,balanced_accuracy,0.898352,"{""C"": 0.041894626404741564}"
2026-07-06T16:25:56+00:00,logreg,iris_binary,TPE,0,17,balanced_accuracy,0.923993,"{""C"": 157.68768892203465}"
2026-07-06T16:25:56+00:00,logreg,iris_binary,TPE,0,18,balanced_accuracy,0.936813,"{""C"": 10.454981817499998}"
2026-07-06T16:25:56+00:00,logreg,iris_binary,TPE,0,19,balanced_accuracy,0.923993,"{""C"": 1.0321935548921735}"
2026-07-06T16:25:56+00:00,logreg,iris_binary,TPE,0,20,balanced_accuracy,0.898352,"{""C"": 0.05540120207290873}"
2026-07-06T16:25:56+00:00,logreg,iris_binary,TPE,0,21,balanced_accuracy,0.936813,"{""C"": 8.675992633953065}"
2026-07-06T16:25:56+00:00,logreg,iris_binary,TPE,0,22,balanced_accuracy,0.948718,"{""C"": 13.402784370842893}"
2026-07-06T16:25:56+00:00,logreg,iris_binary,TPE,0,23,balanced_accuracy,0.923993,"{""C"": 134.58612904330332}"
2026-07-06T16:25:56+00:00,logreg,iris_binary,TPE,0,24,balanced_accuracy,0.936813,"{""C"": 30.0114026258838}"
2026-07-06T16:25:56+00:00,logreg,iris_binary,TPE,0,25,balanced_accuracy,0.936813,"{""C"": 3.1361596604497777}"
2026-07-06T16:25:56+00:00,logreg,iris_binary,TPE,0,26,balanced_accuracy,0.948718,"{""C"": 16.632279400456166}"
2026-07-06T16:25:56+00:00,logreg,iris_binary,TPE,0,27,balanced_accuracy,0.936813,"{""C"": 23.908085805212508}"
2026-07-06T16:25:56+00:00,logreg,iris_binary,TPE,0,28,balanced_accuracy,0.923993,"{""C"": 96.74792649205817}"
2026-07-06T16:25:56+00:00,logreg,iris_binary,TPE,0,29,balanced_accuracy,0.936813,"{""C"": 660.1952093866776}"
2026-07-06T16:25:56+00:00,logreg,iris_binary,TPE,0,30,balanced_accuracy,0.923993,"{""C"": 1.09527901810768}"
2026-07-06T16:25:56+00:00,logreg,iris_binary,TPE,0,31,balanced_accuracy,0.948718,"{""C"": 14.179166257640142}"
2026-07-06T16:25:56+00:00,logreg,iris_binary,TPE,0,32,balanced_accuracy,0.948718,"{""C"": 19.735143866742625}"
2026-07-06T16:25:56+00:00,logreg,iris_binary,TPE,0,33,balanced_accuracy,0.936813,"{""C"": 2.5944459822890127}"
2026-07-06T16:25:56+00:00,logreg,iris_binary,TPE,0,34,balanced_accuracy,0.948718,"{""C"": 17.220364937026087}"
2026-07-06T16:25:56+00:00,logreg,iris_binary,TPE,0,35,balanced_accuracy,0.923993,"{""C"": 60.97925403641068}"
2026-07-06T16:25:56+00:00,logreg,iris_binary,TPE,0,36,balanced_accuracy,0.936813,"{""C"": 329.7483336768412}"
2026-07-06T16:25:56+00:00,logreg,iris_binary,TPE,0,37,balanced_accuracy,0.923993,"{""C"": 1.5352035072459165}"
2026-07-06T16:25:56+00:00,logreg,iris_binary,TPE,0,38,balanced_accuracy,0.936813,"{""C"": 4.517319359482343}"
2026-07-06T16:25:56+00:00,logreg,iris_binary,TPE,0,39,balanced_accuracy,0.948718,"{""C"": 11.827266639613827}"
2026-07-06T16:25:56+00:00,logreg,iris_binary,TPE,0,40,balanced_accuracy,0.911172,"{""C"": 0.4259879498618329}"
2026-07-06T16:25:56+00:00,logreg,iris_binary,TPE,0,41,balanced_accuracy,0.948718,"{""C"": 17.674520461941626}"
2026-07-06T16:25:56+00:00,logreg,iris_binary,TPE,0,42,balanced_accuracy,0.923993,"{""C"": 74.54336567936569}"
2026-07-06T16:25:56+00:00,logreg,iris_binary,TPE,0,43,balanced_accuracy,0.936813,"{""C"": 5.11621786698695}"
2026-07-06T16:25:56+00:00,logreg,iris_binary,TPE,0,44,balanced_accuracy,0.948718,"{""C"": 14.930666807799089}"
2026-07-06T16:25:56+00:00,logreg,iris_binary,TPE,0,45,balanced_accuracy,0.936813,"{""C"": 295.23051968854537}"
2026-07-06T16:25:56+00:00,logreg,iris_binary,TPE,0,46,balanced_accuracy,0.923993,"{""C"": 50.26119928388647}"
2026-07-06T16:25:56+00:00,logreg,iris_binary,TPE,0,47,balanced_accuracy,0.936813,"{""C"": 6.125285459187203}"
2026-07-06T16:25:56+00:00,logreg,iris_binary,TPE,0,48,balanced_accuracy,0.948718,"{""C"": 23.22670340091986}"
2026-07-06T16:25:56+00:00,logreg,iris_binary,TPE,0,49,balanced_accuracy,0.923993,"{""C"": 1.9262537883418038}"
2026-07-06T16:26:27+00:00,mlp,iris_binary,TPE,0,0,balanced_accuracy,0.923993,"{""alpha"": 0.0037665768415992965, ""hidden_layer_sizes"": [19], ""learning_rate_init"": 0.006431172050131994}"
2026-07-06T16:26:27+00:00,mlp,iris_binary,TPE,0,1,balanced_accuracy,0.935897,"{""alpha"": 0.0001313028028065861, ""hidden_layer_sizes"": [18], ""learning_rate_init"": 0.008663279761354562}"
2026-07-06T16:26:27+00:00,mlp,iris_binary,TPE,0,2,balanced_accuracy,0.936813,"{""alpha"": 0.028765041432546982, ""hidden_layer_sizes"": [15], ""learning_rate_init"": 0.07780155576901421}"
2026-07-06T16:26:27+00:00,mlp,iris_binary,TPE,0,3,balanced_accuracy,0.935897,"{""alpha"": 0.009091283280651459, ""hidden_layer_sizes"": [13], ""learning_rate_init"": 0.003860866271460547}"
2026-07-06T16:26:27+00:00,mlp,iris_binary,TPE,0,4,balanced_accuracy,0.913004,"{""alpha"": 0.04246031301768214, ""hidden_layer_sizes"": [19], ""learning_rate_init"": 0.00016334587611069497}"
2026-07-06T16:26:27+00:00,mlp,iris_binary,TPE,0,5,balanced_accuracy,0.935897,"{""alpha"": 1.2620948285169311e-06, ""hidden_layer_sizes"": [4], ""learning_rate_init"": 0.03146730406166007}"
2026-07-06T16:26:27+00:00,mlp,iris_binary,TPE,0,6,balanced_accuracy,0.936813,"{""alpha"": 0.022390342721683703, ""hidden_layer_sizes"": [26], ""learning_rate_init"": 0.08626905220714905}"
2026-07-06T16:26:27+00:00,mlp,iris_binary,TPE,0,7,balanced_accuracy,0.936813,"{""alpha"": 0.00020295362430434728, ""hidden_layer_sizes"": [26], ""learning_rate_init"": 0.02195773446539457}"
2026-07-06T16:26:27+00:00,mlp,iris_binary,TPE,0,8,balanced_accuracy,0.862637,"{""alpha"": 0.0015834527427829746, ""hidden_layer_sizes"": [5], ""learning_rate_init"": 0.00026919058249260725}"
2026-07-06T16:26:27+00:00,mlp,iris_binary,TPE,0,9,balanced_accuracy,0.948718,"{""alpha"": 0.0004066695065393846, ""hidden_layer_sizes"": [31], ""learning_rate_init"": 0.0017538232373118048}"
2026-07-06T16:26:27+00:00,mlp,iris_binary,TPE,0,10,balanced_accuracy,0.948718,"{""alpha"": 1.8451380348748972e-06, ""hidden_layer_sizes"": [31], ""learning_rate_init"": 0.0008416384318991261}"
2026-07-06T16:26:27+00:00,mlp,iris_binary,TPE,0,11,balanced_accuracy,0.948718,"{""alpha"": 1.3759842607703558e-06, ""hidden_layer_sizes"": [32], ""learning_rate_init"": 0.0009755978194780508}"
2026-07-06T16:26:27+00:00,mlp,iris_binary,TPE,0,12,balanced_accuracy,0.948718,"{""alpha"": 1.4016230968993891e-05, ""hidden_layer_sizes"": [31], ""learning_rate_init"": 0.0013153216409513568}"
2026-07-06T16:26:27+00:00,mlp,iris_binary,TPE,0,13,balanced_accuracy,0.936813,"{""alpha"": 1.4734701280554514e-05, ""hidden_layer_sizes"": [26], ""learning_rate_init"": 0.0006906658340966387}"
2026-07-06T16:26:27+00:00,mlp,iris_binary,TPE,0,14,balanced_accuracy,0.935897,"{""alpha"": 0.0003085537378845396, ""hidden_layer_sizes"": [29], ""learning_rate_init"": 0.0015974725180035018}"
2026-07-06T16:26:27+00:00,mlp,iris_binary,TPE,0,15,balanced_accuracy,0.924908,"{""alpha"": 1.876605007274148e-05, ""hidden_layer_sizes"": [23], ""learning_rate_init"": 0.0003585083444973465}"
2026-07-06T16:26:27+00:00,mlp,iris_binary,TPE,0,16,balanced_accuracy,0.948718,"{""alpha"": 0.0010707297382545069, ""hidden_layer_sizes"": [29], ""learning_rate_init"": 0.0025350184295364563}"
2026-07-06T16:26:27+00:00,mlp,iris_binary,TPE,0,17,balanced_accuracy,0.936813,"{""alpha"": 4.6513014869577907e-05, ""hidden_layer_sizes"": [23], ""learning_rate_init"": 0.00010170335993936789}"
2026-07-06T16:26:27+00:00,mlp,iris_binary,TPE,0,18,balanced_accuracy,0.948718,"{""alpha"": 4.2474146443880025e-06, ""hidden_layer_sizes"": [32], ""learning_rate_init"": 0.0005493002746793988}"
2026-07-06T16:26:27+00:00,mlp,iris_binary,TPE,0,19,balanced_accuracy,0.935897,"{""alpha"": 0.0006344346352476272, ""hidden_layer_sizes"": [28], ""learning_rate_init"": 0.002275996484846641}"
2026-07-06T16:26:27+00:00,mlp,iris_binary,TPE,0,20,balanced_accuracy,0.948718,"{""alpha"": 6.68359898175391e-05, ""hidden_layer_sizes"": [22], ""learning_rate_init"": 0.01112309334776787}"
2026-07-06T16:26:27+00:00,mlp,iris_binary,TPE,0,21,balanced_accuracy,0.948718,"{""alpha"": 1.1533030594957995e-06, ""hidden_layer_sizes"": [32], ""learning_rate_init"": 0.0009210507856044183}"
2026-07-06T16:26:27+00:00,mlp,iris_binary,TPE,0,22,balanced_accuracy,0.936813,"{""alpha"": 3.026632081056297e-06, ""hidden_layer_sizes"": [29], ""learning_rate_init"": 0.0003869694601333631}"
2026-07-06T16:26:27+00:00,mlp,iris_binary,TPE,0,23,balanced_accuracy,0.948718,"{""alpha"": 0.09777103558712648, ""hidden_layer_sizes"": [32], ""learning_rate_init"": 0.0010686263526350176}"
2026-07-06T16:26:27+00:00,mlp,iris_binary,TPE,0,24,balanced_accuracy,0.948718,"{""alpha"": 3.910322602431254e-06, ""hidden_layer_sizes"": [27], ""learning_rate_init"": 0.004057160255214973}"
2026-07-06T16:26:27+00:00,mlp,iris_binary,TPE,0,25,balanced_accuracy,0.935897,"{""alpha"": 7.066128932252829e-06, ""hidden_layer_sizes"": [30], ""learning_rate_init"": 0.0020567326064863055}"
2026-07-06T16:26:27+00:00,mlp,iris_binary,TPE,0,26,balanced_accuracy,0.936813,"{""alpha"": 3.8879998902319596e-05, ""hidden_layer_sizes"": [24], ""learning_rate_init"": 0.0006644842058245796}"
2026-07-06T16:26:27+00:00,mlp,iris_binary,TPE,0,27,balanced_accuracy,0.935897,"{""alpha"": 2.04511379283774e-06, ""hidden_layer_sizes"": [30], ""learning_rate_init"": 0.0033873500399153045}"
2026-07-06T16:26:27+00:00,mlp,iris_binary,TPE,0,28,balanced_accuracy,0.949634,"{""alpha"": 7.066082012838477e-06, ""hidden_layer_sizes"": [25], ""learning_rate_init"": 0.00019861773143427523}"
2026-07-06T16:26:27+00:00,mlp,iris_binary,TPE,0,29,balanced_accuracy,0.925824,"{""alpha"": 0.0030381006780679128, ""hidden_layer_sizes"": [19], ""learning_rate_init"": 0.00020209249359704306}"
2026-07-06T16:26:27+00:00,mlp,iris_binary,TPE,0,30,balanced_accuracy,0.847070,"{""alpha"": 6.764965206714155e-06, ""hidden_layer_sizes"": [21], ""learning_rate_init"": 0.00011715406443420703}"
2026-07-06T16:26:27+00:00,mlp,iris_binary,TPE,0,31,balanced_accuracy,0.936813,"{""alpha"": 1.974087466374246e-06, ""hidden_layer_sizes"": [25], ""learning_rate_init"": 0.00047190887806430686}"
2026-07-06T16:26:27+00:00,mlp,iris_binary,TPE,0,32,balanced_accuracy,0.924908,"{""alpha"": 1.0199022301878728e-06, ""hidden_layer_sizes"": [28], ""learning_rate_init"": 0.0002442860030410765}"
2026-07-06T16:26:27+00:00,mlp,iris_binary,TPE,0,33,balanced_accuracy,0.948718,"{""alpha"": 6.9183037118559555e-06, ""hidden_layer_sizes"": [10], ""learning_rate_init"": 0.006058778871480235}"
2026-07-06T16:26:27+00:00,mlp,iris_binary,TPE,0,34,balanced_accuracy,0.948718,"{""alpha"": 1.9843722195794943e-05, ""hidden_layer_sizes"": [32], ""learning_rate_init"": 0.001416431735708529}"
2026-07-06T16:26:27+00:00,mlp,iris_binary,TPE,0,35,balanced_accuracy,0.913004,"{""alpha"": 8.628611576206437e-05, ""hidden_layer_sizes"": [15], ""learning_rate_init"": 0.0006572384941755258}"
2026-07-06T16:26:27+00:00,mlp,iris_binary,TPE,0,36,balanced_accuracy,0.948718,"{""alpha"": 2.3338713429450955e-06, ""hidden_layer_sizes"": [30], ""learning_rate_init"": 0.0008105623555476583}"
2026-07-06T16:26:27+00:00,mlp,iris_binary,TPE,0,37,balanced_accuracy,0.948718,"{""alpha"": 0.006589095734219097, ""hidden_layer_sizes"": [27], ""learning_rate_init"": 0.006255329935426333}"
2026-07-06T16:26:27+00:00,mlp,iris_binary,TPE,0,38,balanced_accuracy,0.936813,"{""alpha"": 0.0003850547789761998, ""hidden_layer_sizes"": [21], ""learning_rate_init"": 0.00035803880164592345}"
2026-07-06T16:26:27+00:00,mlp,iris_binary,TPE,0,39,balanced_accuracy,0.949634,"{""alpha"": 7.699414848684346e-06, ""hidden_layer_sizes"": [24], ""learning_rate_init"": 0.0001626086764157007}"
2026-07-06T16:26:27+00:00,mlp,iris_binary,TPE,0,40,balanced_accuracy,0.936813,"{""alpha"": 0.00011516047418975055, ""hidden_layer_sizes"": [25], ""learning_rate_init"": 0.00017236722354792533}"
2026-07-06T16:26:27+00:00,mlp,iris_binary,TPE,0,41,balanced_accuracy,0.913004,"{""alpha"": 9.030580000146879e-06, ""hidden_layer_sizes"": [19], ""learning_rate_init"": 0.00016035029429501606}"
2026-07-06T16:26:27+00:00,mlp,iris_binary,TPE,0,42,balanced_accuracy,0.936813,"{""alpha"": 2.5979159593293397e-05, ""hidden_layer_sizes"": [17], ""learning_rate_init"": 0.0002729255743946366}"
2026-07-06T16:26:27+00:00,mlp,iris_binary,TPE,0,43,balanced_accuracy,0.936813,"{""alpha"": 1.7527650174540298e-06, ""hidden_layer_sizes"": [27], ""learning_rate_init"": 0.0010233862775972265}"
2026-07-06T16:26:27+00:00,mlp,iris_binary,TPE,0,44,balanced_accuracy,0.949634,"{""alpha"": 4.0977665684573815e-06, ""hidden_layer_sizes"": [31], ""learning_rate_init"": 0.00014535552775784996}"
2026-07-06T16:26:27+00:00,mlp,iris_binary,TPE,0,45,balanced_accuracy,0.936813,"{""alpha"": 1.0926868571712592e-05, ""hidden_layer_sizes"": [25], ""learning_rate_init"": 0.00015563248963125067}"
2026-07-06T16:26:27+00:00,mlp,iris_binary,TPE,0,46,balanced_accuracy,0.923993,"{""alpha"": 4.635397289596223e-06, ""hidden_layer_sizes"": [30], ""learning_rate_init"": 0.00013089572798634234}"
2026-07-06T16:26:27+00:00,mlp,iris_binary,TPE,0,47,balanced_accuracy,0.924908,"{""alpha"": 3.13955776404051e-05, ""hidden_layer_sizes"": [28], ""learning_rate_init"": 0.00033612068602381824}"
2026-07-06T16:26:27+00:00,mlp,iris_binary,TPE,0,48,balanced_accuracy,0.500000,"{""alpha"": 0.0120705255903191, ""hidden_layer_sizes"": [2], ""learning_rate_init"": 0.0002628077910903513}"
2026-07-06T16:26:27+00:00,mlp,iris_binary,TPE,0,49,balanced_accuracy,0.936813,"{""alpha"": 3.6994019468296677e-06, ""hidden_layer_sizes"": [23], ""learning_rate_init"": 0.027940609191935126}"
2026-07-06T16:27:01+00:00,rf,iris_binary,TPE,0,0,balanced_accuracy,0.923077,"{""max_depth"": 15, ""max_features"": null, ""min_samples_split"": 13, ""n_estimators"": 297}"
2026-07-06T16:27:01+00:00,rf,iris_binary,TPE,0,1,balanced_accuracy,0.897436,"{""max_depth"": 18, ""max_features"": ""log2"", ""min_samples_split"": 20, ""n_estimators"": 247}"
2026-07-06T16:27:01+00:00,rf,iris_binary,TPE,0,2,balanced_accuracy,0.911172,"{""max_depth"": 19, ""max_features"": null, ""min_samples_split"": 3, ""n_estimators"": 306}"
2026-07-06T16:27:01+00:00,rf,iris_binary,TPE,0,3,balanced_accuracy,0.897436,"{""max_depth"": 18, ""max_features"": ""sqrt"", ""min_samples_split"": 20, ""n_estimators"": 400}"
2026-07-06T16:27:01+00:00,rf,iris_binary,TPE,0,4,balanced_accuracy,0.936813,"{""max_depth"": 14, ""max_features"": ""sqrt"", ""min_samples_split"": 4, ""n_estimators"": 103}"
2026-07-06T16:27:01+00:00,rf,iris_binary,TPE,0,5,balanced_accuracy,0.911172,"{""max_depth"": 16, ""max_features"": null, ""min_samples_split"": 10, ""n_estimators"": 169}"
2026-07-06T16:27:01+00:00,rf,iris_binary,TPE,0,6,balanced_accuracy,0.897436,"{""max_depth"": 13, ""max_features"": ""sqrt"", ""min_samples_split"": 19, ""n_estimators"": 326}"
2026-07-06T16:27:01+00:00,rf,iris_binary,TPE,0,7,balanced_accuracy,0.923993,"{""max_depth"": 3, ""max_features"": ""sqrt"", ""min_samples_split"": 14, ""n_estimators"": 364}"
2026-07-06T16:27:01+00:00,rf,iris_binary,TPE,0,8,balanced_accuracy,0.936813,"{""max_depth"": 8, ""max_features"": ""log2"", ""min_samples_split"": 12, ""n_estimators"": 192}"
2026-07-06T16:27:01+00:00,rf,iris_binary,TPE,0,9,balanced_accuracy,0.923993,"{""max_depth"": 5, ""max_features"": ""log2"", ""min_samples_split"": 14, ""n_estimators"": 144}"
2026-07-06T16:27:01+00:00,rf,iris_binary,TPE,0,10,balanced_accuracy,0.936813,"{""max_depth"": 10, ""max_features"": ""sqrt"", ""min_samples_split"": 2, ""n_estimators"": 59}"
2026-07-06T16:27:01+00:00,rf,iris_binary,TPE,0,11,balanced_accuracy,0.936813,"{""max_depth"": 9, ""max_features"": ""log2"", ""min_samples_split"": 7, ""n_estimators"": 478}"
2026-07-06T16:27:01+00:00,rf,iris_binary,TPE,0,12,balanced_accuracy,0.936813,"{""max_depth"": 9, ""max_features"": ""log2"", ""min_samples_split"": 6, ""n_estimators"": 55}"
2026-07-06T16:27:01+00:00,rf,iris_binary,TPE,0,13,balanced_accuracy,0.923993,"{""max_depth"": 6, ""max_features"": ""log2"", ""min_samples_split"": 10, ""n_estimators"": 169}"
2026-07-06T16:27:01+00:00,rf,iris_binary,TPE,0,14,balanced_accuracy,0.936813,"{""max_depth"": 12, ""max_features"": ""sqrt"", ""min_samples_split"": 5, ""n_estimators"": 120}"
2026-07-06T16:27:01+00:00,rf,iris_binary,TPE,0,15,balanced_accuracy,0.923077,"{""max_depth"": 7, ""max_features"": ""sqrt"", ""min_samples_split"": 17, ""n_estimators"": 230}"
2026-07-06T16:27:01+00:00,rf,iris_binary,TPE,0,16,balanced_accuracy,0.923993,"{""max_depth"": 2, ""max_features"": ""log2"", ""min_samples_split"": 9, ""n_estimators"": 222}"
2026-07-06T16:27:01+00:00,rf,iris_binary,TPE,0,17,balanced_accuracy,0.936813,"{""max_depth"": 12, ""max_features"": ""log2"", ""min_samples_split"": 12, ""n_estimators"": 104}"
2026-07-06T16:27:01+00:00,rf,iris_binary,TPE,0,18,balanced_accuracy,0.911172,"{""max_depth"": 15, ""max_features"": ""sqrt"", ""min_samples_split"": 16, ""n_estimators"": 201}"
2026-07-06T16:27:01+00:00,rf,iris_binary,TPE,0,19,balanced_accuracy,0.923077,"{""max_depth"": 20, ""max_features"": null, ""min_samples_split"": 4, ""n_estimators"": 88}"
2026-07-06T16:27:01+00:00,rf,iris_binary,TPE,0,20,balanced_accuracy,0.936813,"{""max_depth"": 4, ""max_features"": ""log2"", ""min_samples_split"": 8, ""n_estimators"": 272}"
2026-07-06T16:27:01+00:00,rf,iris_binary,TPE,0,21,balanced_accuracy,0.936813,"{""max_depth"": 9, ""max_features"": ""sqrt"", ""min_samples_split"": 2, ""n_estimators"": 51}"
2026-07-06T16:27:01+00:00,rf,iris_binary,TPE,0,22,balanced_accuracy,0.936813,"{""max_depth"": 11, ""max_features"": ""sqrt"", ""min_samples_split"": 2, ""n_estimators"": 87}"
2026-07-06T16:27:01+00:00,rf,iris_binary,TPE,0,23,balanced_accuracy,0.936813,"{""max_depth"": 8, ""max_features"": ""sqrt"", ""min_samples_split"": 5, ""n_estimators"": 144}"
2026-07-06T16:27:01+00:00,rf,iris_binary,TPE,0,24,balanced_accuracy,0.936813,"{""max_depth"": 11, ""max_features"": ""sqrt"", ""min_samples_split"": 4, ""n_estimators"": 187}"
2026-07-06T16:27:01+00:00,rf,iris_binary,TPE,0,25,balanced_accuracy,0.936813,"{""max_depth"": 14, ""max_features"": ""sqrt"", ""min_samples_split"": 7, ""n_estimators"": 130}"
2026-07-06T16:27:01+00:00,rf,iris_binary,TPE,0,26,balanced_accuracy,0.936813,"{""max_depth"": 10, ""max_features"": ""sqrt"", ""min_samples_split"": 2, ""n_estimators"": 79}"
2026-07-06T16:27:01+00:00,rf,iris_binary,TPE,0,27,balanced_accuracy,0.936813,"{""max_depth"": 7, ""max_features"": ""sqrt"", ""min_samples_split"": 12, ""n_estimators"": 157}"
2026-07-06T16:27:01+00:00,rf,iris_binary,TPE,0,28,balanced_accuracy,0.911172,"{""max_depth"": 13, ""max_features"": null, ""min_samples_split"": 4, ""n_estimators"": 113}"
2026-07-06T16:27:01+00:00,rf,iris_binary,TPE,0,29,balanced_accuracy,0.923993,"{""max_depth"": 15, ""max_features"": ""log2"", ""min_samples_split"": 16, ""n_estimators"": 50}"
2026-07-06T16:27:01+00:00,rf,iris_binary,TPE,0,30,balanced_accuracy,0.923077,"{""max_depth"": 16, ""max_features"": null, ""min_samples_split"": 6, ""n_estimators"": 264}"
2026-07-06T16:27:01+00:00,rf,iris_binary,TPE,0,31,balanced_accuracy,0.936813,"{""max_depth"": 9, ""max_features"": ""log2"", ""min_samples_split"": 7, ""n_estimators"": 488}"
2026-07-06T16:27:01+00:00,rf,iris_binary,TPE,0,32,balanced_accuracy,0.936813,"{""max_depth"": 7, ""max_features"": ""log2"", ""min_samples_split"": 3, ""n_estimators"": 465}"
2026-07-06T16:27:01+00:00,rf,iris_binary,TPE,0,33,balanced_accuracy,0.936813,"{""max_depth"": 10, ""max_features"": ""log2"", ""min_samples_split"": 11, ""n_estimators"": 358}"
2026-07-06T16:27:01+00:00,rf,iris_binary,TPE,0,34,balanced_accuracy,0.936813,"{""max_depth"": 5, ""max_features"": ""log2"", ""min_samples_split"": 8, ""n_estimators"": 427}"
2026-07-06T16:27:01+00:00,rf,iris_binary,TPE,0,35,balanced_accuracy,0.936813,"{""max_depth"": 17, ""max_features"": ""log2"", ""min_samples_split"": 3, ""n_estimators"": 448}"
2026-07-06T16:27:01+00:00,rf,iris_binary,TPE,0,36,balanced_accuracy,0.911172,"{""max_depth"": 8, ""max_features"": null, ""min_samples_split"": 5, ""n_estimators"": 304}"
2026-07-06T16:27:01+00:00,rf,iris_binary,TPE,0,37,balanced_accuracy,0.936813,"{""max_depth"": 11, ""max_features"": ""sqrt"", ""min_samples_split"": 6, ""n_estimators"": 388}"
2026-07-06T16:27:01+00:00,rf,iris_binary,TPE,0,38,balanced_accuracy,0.923993,"{""max_depth"": 13, ""max_features"": ""log2"", ""min_samples_split"": 14, ""n_estimators"": 322}"
2026-07-06T16:27:01+00:00,rf,iris_binary,TPE,0,39,balanced_accuracy,0.936813,"{""max_depth"": 8, ""max_features"": ""sqrt"", ""min_samples_split"": 9, ""n_estimators"": 79}"
2026-07-06T16:27:01+00:00,rf,iris_binary,TPE,0,40,balanced_accuracy,0.936813,"{""max_depth"": 10, ""max_features"": ""log2"", ""min_samples_split"": 3, ""n_estimators"": 195}"
2026-07-06T16:27:01+00:00,rf,iris_binary,TPE,0,41,balanced_accuracy,0.948718,"{""max_depth"": 9, ""max_features"": ""log2"", ""min_samples_split"": 6, ""n_estimators"": 60}"
2026-07-06T16:27:01+00:00,rf,iris_binary,TPE,0,42,balanced_accuracy,0.936813,"{""max_depth"": 6, ""max_features"": ""log2"", ""min_samples_split"": 7, ""n_estimators"": 73}"
2026-07-06T16:27:01+00:00,rf,iris_binary,TPE,0,43,balanced_accuracy,0.936813,"{""max_depth"": 9, ""max_features"": ""log2"", ""min_samples_split"": 5, ""n_estimators"": 106}"
2026-07-06T16:27:01+00:00,rf,iris_binary,TPE,0,44,balanced_accuracy,0.936813,"{""max_depth"": 6, ""max_features"": ""log2"", ""min_samples_split"": 4, ""n_estimators"": 68}"
2026-07-06T16:27:01+00:00,rf,iris_binary,TPE,0,45,balanced_accuracy,0.936813,"{""max_depth"": 12, ""max_features"": ""log2"", ""min_samples_split"": 10, ""n_estimators"": 132}"
2026-07-06T16:27:01+00:00,rf,iris_binary,TPE,0,46,balanced_accuracy,0.898352,"{""max_depth"": 8, ""max_features"": ""sqrt"", ""min_samples_split"": 18, ""n_estimators"": 99}"
2026-07-06T16:27:01+00:00,rf,iris_binary,TPE,0,47,balanced_accuracy,0.923993,"{""max_depth"": 18, ""max_features"": ""log2"", ""min_samples_split"": 8, ""n_estimators"": 169}"
2026-07-06T16:27:01+00:00,rf,iris_binary,TPE,0,48,balanced_accuracy,0.911172,"{""max_depth"": 5, ""max_features"": null, ""min_samples_split"": 6, ""n_estimators"": 355}"
2026-07-06T16:27:01+00:00,rf,iris_binary,TPE,0,49,balanced_accuracy,0.936813,"{""max_depth"": 14, ""max_features"": ""log2"", ""min_samples_split"": 9, ""n_estimators"": 242}"
2026-07-06T16:27:01+00:00,svm_linear,iris_binary,TPE,0,0,balanced_accuracy,0.935897,"{""C"": 1.96282248134428}"
2026-07-06T16:27:01+00:00,svm_linear,iris_binary,TPE,0,1,balanced_accuracy,0.936813,"{""C"": 19.549524484259873}"
2026-07-06T16:27:01+00:00,svm_linear,iris_binary,TPE,0,2,balanced_accuracy,0.923077,"{""C"": 4.135997393839888}"
2026-07-06T16:27:01+00:00,svm_linear,iris_binary,TPE,0,3,balanced_accuracy,0.935897,"{""C"": 1.8590843630169627}"
2026-07-06T16:27:01+00:00,svm_linear,iris_binary,TPE,0,4,balanced_accuracy,0.923993,"{""C"": 0.348280208702833}"
2026-07-06T16:27:01+00:00,svm_linear,iris_binary,TPE,0,5,balanced_accuracy,0.923077,"{""C"": 7.505241622349544}"
2026-07-06T16:27:01+00:00,svm_linear,iris_binary,TPE,0,6,balanced_accuracy,0.911172,"{""C"": 0.4222048983149828}"
2026-07-06T16:27:01+00:00,svm_linear,iris_binary,TPE,0,7,balanced_accuracy,0.911172,"{""C"": 224.2012371372442}"
2026-07-06T16:27:01+00:00,svm_linear,iris_binary,TPE,0,8,balanced_accuracy,0.911172,"{""C"": 605.3082080079017}"
2026-07-06T16:27:01+00:00,svm_linear,iris_binary,TPE,0,9,balanced_accuracy,0.911172,"{""C"": 0.1998246739232945}"
2026-07-06T16:27:01+00:00,svm_linear,iris_binary,TPE,0,10,balanced_accuracy,0.666667,"{""C"": 0.0013243623620587995}"
2026-07-06T16:27:01+00:00,svm_linear,iris_binary,TPE,0,11,balanced_accuracy,0.923993,"{""C"": 25.06548319168148}"
2026-07-06T16:27:01+00:00,svm_linear,iris_binary,TPE,0,12,balanced_accuracy,0.911172,"{""C"": 63.515467168009415}"
2026-07-06T16:27:01+00:00,svm_linear,iris_binary,TPE,0,13,balanced_accuracy,0.936813,"{""C"": 0.01768694545432142}"
2026-07-06T16:27:01+00:00,svm_linear,iris_binary,TPE,0,14,balanced_accuracy,0.949634,"{""C"": 0.010233626975073644}"
2026-07-06T16:27:01+00:00,svm_linear,iris_binary,TPE,0,15,balanced_accuracy,0.949634,"{""C"": 0.007324777709327432}"
2026-07-06T16:27:01+00:00,svm_linear,iris_binary,TPE,0,16,balanced_accuracy,0.928571,"{""C"": 0.005773719892426622}"
2026-07-06T16:27:01+00:00,svm_linear,iris_binary,TPE,0,17,balanced_accuracy,0.936813,"{""C"": 0.03422816960319483}"
2026-07-06T16:27:01+00:00,svm_linear,iris_binary,TPE,0,18,balanced_accuracy,0.666667,"{""C"": 0.0011975500421818304}"
2026-07-06T16:27:01+00:00,svm_linear,iris_binary,TPE,0,19,balanced_accuracy,0.911172,"{""C"": 0.02223166747999681}"
2026-07-06T16:27:01+00:00,svm_linear,iris_binary,TPE,0,20,balanced_accuracy,0.923993,"{""C"": 0.09122985583168274}"
2026-07-06T16:27:01+00:00,svm_linear,iris_binary,TPE,0,21,balanced_accuracy,0.962454,"{""C"": 0.00906837442504388}"
2026-07-06T16:27:01+00:00,svm_linear,iris_binary,TPE,0,22,balanced_accuracy,0.880952,"{""C"": 0.0052729556650701935}"
2026-07-06T16:27:01+00:00,svm_linear,iris_binary,TPE,0,23,balanced_accuracy,0.892857,"{""C"": 0.005418402149515873}"
2026-07-06T16:27:01+00:00,svm_linear,iris_binary,TPE,0,24,balanced_accuracy,0.949634,"{""C"": 0.009477616972964505}"
2026-07-06T16:27:01+00:00,svm_linear,iris_binary,TPE,0,25,balanced_accuracy,0.666667,"{""C"": 0.0033131577687681058}"
2026-07-06T16:27:01+00:00,svm_linear,iris_binary,TPE,0,26,balanced_accuracy,0.923993,"{""C"": 0.06047852580113725}"
2026-07-06T16:27:01+00:00,svm_linear,iris_binary,TPE,0,27,balanced_accuracy,0.666667,"{""C"": 0.0020771631645941013}"
2026-07-06T16:27:01+00:00,svm_linear,iris_binary,TPE,0,28,balanced_accuracy,0.911172,"{""C"": 0.014792507301377178}"
2026-07-06T16:27:01+00:00,svm_linear,iris_binary,TPE,0,29,balanced_accuracy,0.911172,"{""C"": 0.1042618835362705}"
2026-07-06T16:27:01+00:00,svm_linear,iris_binary,TPE,0,30,balanced_accuracy,0.911172,"{""C"": 0.8888531817889689}"
2026-07-06T16:27:01+00:00,svm_linear,iris_binary,TPE,0,31,balanced_accuracy,0.949634,"{""C"": 0.010872910645397787}"
2026-07-06T16:27:01+00:00,svm_linear,iris_binary,TPE,0,32,balanced_accuracy,0.923993,"{""C"": 0.047529901562976186}"
2026-07-06T16:27:01+00:00,svm_linear,iris_binary,TPE,0,33,balanced_accuracy,0.949634,"{""C"": 0.0095081901601908}"
2026-07-06T16:27:01+00:00,svm_linear,iris_binary,TPE,0,34,balanced_accuracy,0.666667,"{""C"": 0.003455918740732621}"
2026-07-06T16:27:01+00:00,svm_linear,iris_binary,TPE,0,35,balanced_accuracy,0.936813,"{""C"": 0.03265082480850459}"
2026-07-06T16:27:01+00:00,svm_linear,iris_binary,TPE,0,36,balanced_accuracy,0.962454,"{""C"": 0.008651974017905044}"
2026-07-06T16:27:01+00:00,svm_linear,iris_binary,TPE,0,37,balanced_accuracy,0.911172,"{""C"": 0.12655693658033706}"
2026-07-06T16:27:01+00:00,svm_linear,iris_binary,TPE,0,38,balanced_accuracy,0.666667,"{""C"": 0.00237605479518751}"
2026-07-06T16:27:01+00:00,svm_linear,iris_binary,TPE,0,39,balanced_accuracy,0.910256,"{""C"": 0.297814564497166}"
2026-07-06T16:27:01+00:00,svm_linear,iris_binary,TPE,0,40,balanced_accuracy,0.936813,"{""C"": 0.029935335101985695}"
2026-07-06T16:27:01+00:00,svm_linear,iris_binary,TPE,0,41,balanced_accuracy,0.962454,"{""C"": 0.008921166745040603}"
2026-07-06T16:27:01+00:00,svm_linear,iris_binary,TPE,0,42,balanced_accuracy,0.962454,"{""C"": 0.006823670494573519}"
2026-07-06T16:27:01+00:00,svm_linear,iris_binary,TPE,0,43,balanced_accuracy,0.923993,"{""C"": 0.01519728996890646}"
2026-07-06T16:27:01+00:00,svm_linear,iris_binary,TPE,0,44,balanced_accuracy,0.666667,"{""C"": 0.0017228545615263163}"
2026-07-06T16:27:01+00:00,svm_linear,iris_binary,TPE,0,45,balanced_accuracy,0.666667,"{""C"": 0.0010247486099244742}"
2026-07-06T16:27:01+00:00,svm_linear,iris_binary,TPE,0,46,balanced_accuracy,0.666667,"{""C"": 0.00336564762386444}"
2026-07-06T16:27:01+00:00,svm_linear,iris_binary,TPE,0,47,balanced_accuracy,0.923993,"{""C"": 0.05225426877772821}"
2026-07-06T16:27:01+00:00,svm_linear,iris_binary,TPE,0,48,balanced_accuracy,0.923993,"{""C"": 0.02019845154148889}"
2026-07-06T16:27:01+00:00,svm_linear,iris_binary,TPE,0,49,balanced_accuracy,0.833333,"{""C"": 0.004979113626154633}"
2026-07-06T16:27:02+00:00,svm_rbf,iris_binary,TPE,0,0,balanced_accuracy,0.911172,"{""C"": 1.96282248134428, ""gamma"": 0.3766576841599298}"
2026-07-06T16:27:02+00:00,svm_rbf,iris_binary,TPE,0,1,balanced_accuracy,0.911172,"{""C"": 4.135997393839888, ""gamma"": 0.05301709347576828}"
2026-07-06T16:27:02+00:00,svm_rbf,iris_binary,TPE,0,2,balanced_accuracy,0.923993,"{""C"": 0.348280208702833, ""gamma"": 0.1696174638729098}"
2026-07-06T16:27:02+00:00,svm_rbf,iris_binary,TPE,0,3,balanced_accuracy,0.923993,"{""C"": 0.4222048983149828, ""gamma"": 2.8765041432546945}"
2026-07-06T16:27:02+00:00,svm_rbf,iris_binary,TPE,0,4,balanced_accuracy,0.911172,"{""C"": 605.3082080079017, ""gamma"": 0.008264328927007725}"
2026-07-06T16:27:02+00:00,svm_rbf,iris_binary,TPE,0,5,balanced_accuracy,0.911172,"{""C"": 56.27949975223143, ""gamma"": 0.04410365667970985}"
2026-07-06T16:27:02+00:00,svm_rbf,iris_binary,TPE,0,6,balanced_accuracy,0.923993,"{""C"": 2.5601615250028704, ""gamma"": 4.246031301768208}"
2026-07-06T16:27:02+00:00,svm_rbf,iris_binary,TPE,0,7,balanced_accuracy,0.666667,"{""C"": 0.002668187524237051, ""gamma"": 0.00027267573880087313}"
2026-07-06T16:27:02+00:00,svm_rbf,iris_binary,TPE,0,8,balanced_accuracy,0.653846,"{""C"": 0.001322240284589594, ""gamma"": 1.4557916623227765}"
2026-07-06T16:27:02+00:00,svm_rbf,iris_binary,TPE,0,9,balanced_accuracy,0.923993,"{""C"": 46.659545670218456, ""gamma"": 2.239034272168371}"
2026-07-06T16:27:02+00:00,svm_rbf,iris_binary,TPE,0,10,balanced_accuracy,0.666667,"{""C"": 0.039741700555856144, ""gamma"": 0.0001886644133546088}"
2026-07-06T16:27:02+00:00,svm_rbf,iris_binary,TPE,0,11,balanced_accuracy,0.898352,"{""C"": 0.07992901553972792, ""gamma"": 0.1495659836744014}"
2026-07-06T16:27:02+00:00,svm_rbf,iris_binary,TPE,0,12,balanced_accuracy,0.615385,"{""C"": 0.1677518022867653, ""gamma"": 8.887259406833735}"
2026-07-06T16:27:02+00:00,svm_rbf,iris_binary,TPE,0,13,balanced_accuracy,0.928571,"{""C"": 0.3482844245246735, ""gamma"": 0.008809857660943958}"
2026-07-06T16:27:02+00:00,svm_rbf,iris_binary,TPE,0,14,balanced_accuracy,0.666667,"{""C"": 0.012698950678962363, ""gamma"": 0.0021611387297144997}"
2026-07-06T16:27:02+00:00,svm_rbf,iris_binary,TPE,0,15,balanced_accuracy,0.916667,"{""C"": 0.5789980003246817, ""gamma"": 0.005052722938036564}"
2026-07-06T16:27:02+00:00,svm_rbf,iris_binary,TPE,0,16,balanced_accuracy,0.666667,"{""C"": 0.021496369992176065, ""gamma"": 0.0196723290448457}"
2026-07-06T16:27:02+00:00,svm_rbf,iris_binary,TPE,0,17,balanced_accuracy,0.923993,"{""C"": 13.200612709522902, ""gamma"": 0.0017811039249467462}"
2026-07-06T16:27:02+00:00,svm_rbf,iris_binary,TPE,0,18,balanced_accuracy,0.911172,"{""C"": 0.3530411080459974, ""gamma"": 0.44543807647269296}"
2026-07-06T16:27:02+00:00,svm_rbf,iris_binary,TPE,0,19,balanced_accuracy,0.666667,"{""C"": 0.010377509880158899, ""gamma"": 0.0007081283695856144}"
2026-07-06T16:27:02+00:00,svm_rbf,iris_binary,TPE,0,20,balanced_accuracy,0.911172,"{""C"": 1.09527901810768, ""gamma"": 0.14472528055045772}"
2026-07-06T16:27:02+00:00,svm_rbf,iris_binary,TPE,0,21,balanced_accuracy,0.911172,"{""C"": 0.21816282405093007, ""gamma"": 0.6177450483633766}"
2026-07-06T16:27:02+00:00,svm_rbf,iris_binary,TPE,0,22,balanced_accuracy,0.911172,"{""C"": 7.5694287210171005, ""gamma"": 0.13775136040357447}"
2026-07-06T16:27:02+00:00,svm_rbf,iris_binary,TPE,0,23,balanced_accuracy,0.949634,"{""C"": 0.09121309222069834, ""gamma"": 1.197410520971038}"
2026-07-06T16:27:02+00:00,svm_rbf,iris_binary,TPE,0,24,balanced_accuracy,0.666667,"{""C"": 0.07551354929131128, ""gamma"": 0.021654884674755244}"
2026-07-06T16:27:02+00:00,svm_rbf,iris_binary,TPE,0,25,balanced_accuracy,0.911172,"{""C"": 0.10392976606747699, ""gamma"": 0.8120988909612911}"
2026-07-06T16:27:02+00:00,svm_rbf,iris_binary,TPE,0,26,balanced_accuracy,0.911172,"{""C"": 0.8933737422633031, ""gamma"": 0.25837193043927875}"
2026-07-06T16:27:02+00:00,svm_rbf,iris_binary,TPE,0,27,balanced_accuracy,0.666667,"{""C"": 0.003909174764846086, ""gamma"": 0.037503343193450035}"
2026-07-06T16:27:02+00:00,svm_rbf,iris_binary,TPE,0,28,balanced_accuracy,0.615385,"{""C"": 0.02924858783528467, ""gamma"": 8.726338609340111}"
2026-07-06T16:27:02+00:00,svm_rbf,iris_binary,TPE,0,29,balanced_accuracy,0.911172,"{""C"": 1.2852893854123029, ""gamma"": 1.0940765940996318}"
2026-07-06T16:27:02+00:00,svm_rbf,iris_binary,TPE,0,30,balanced_accuracy,0.898352,"{""C"": 17.49883923535579, ""gamma"": 0.006563338886133727}"
2026-07-06T16:27:02+00:00,svm_rbf,iris_binary,TPE,0,31,balanced_accuracy,0.898352,"{""C"": 0.20994064819813316, ""gamma"": 2.099682453582003}"
2026-07-06T16:27:02+00:00,svm_rbf,iris_binary,TPE,0,32,balanced_accuracy,0.923993,"{""C"": 0.5037307092476482, ""gamma"": 3.8731823884507284}"
2026-07-06T16:27:02+00:00,svm_rbf,iris_binary,TPE,0,33,balanced_accuracy,0.911172,"{""C"": 2.0258572825462156, ""gamma"": 0.25354226397183627}"
2026-07-06T16:27:02+00:00,svm_rbf,iris_binary,TPE,0,34,balanced_accuracy,0.923993,"{""C"": 5.20152414643082, ""gamma"": 3.7821385588350727}"
2026-07-06T16:27:02+00:00,svm_rbf,iris_binary,TPE,0,35,balanced_accuracy,0.936813,"{""C"": 0.3242450017520243, ""gamma"": 0.08252677739195646}"
2026-07-06T16:27:02+00:00,svm_rbf,iris_binary,TPE,0,36,balanced_accuracy,0.916667,"{""C"": 0.057825236077110105, ""gamma"": 0.09561526412035624}"
2026-07-06T16:27:02+00:00,svm_rbf,iris_binary,TPE,0,37,balanced_accuracy,0.923993,"{""C"": 0.3008147385120893, ""gamma"": 0.05935816413405703}"
2026-07-06T16:27:02+00:00,svm_rbf,iris_binary,TPE,0,38,balanced_accuracy,0.923993,"{""C"": 2.3377612539475665, ""gamma"": 0.01218888711118036}"
2026-07-06T16:27:02+00:00,svm_rbf,iris_binary,TPE,0,39,balanced_accuracy,0.923077,"{""C"": 823.0194313612135, ""gamma"": 0.003181154814157887}"
2026-07-06T16:27:02+00:00,svm_rbf,iris_binary,TPE,0,40,balanced_accuracy,0.923993,"{""C"": 272.51461086139545, ""gamma"": 0.06001408284967511}"
2026-07-06T16:27:02+00:00,svm_rbf,iris_binary,TPE,0,41,balanced_accuracy,0.923993,"{""C"": 0.13547484412957775, ""gamma"": 0.36565767445193315}"
2026-07-06T16:27:02+00:00,svm_rbf,iris_binary,TPE,0,42,balanced_accuracy,0.923993,"{""C"": 0.7375413395401406, ""gamma"": 2.0350193305735975}"
2026-07-06T16:27:02+00:00,svm_rbf,iris_binary,TPE,0,43,balanced_accuracy,0.936813,"{""C"": 0.48392863917968565, ""gamma"": 1.249158293651268}"
2026-07-06T16:27:02+00:00,svm_rbf,iris_binary,TPE,0,44,balanced_accuracy,0.714286,"{""C"": 0.04620752356456182, ""gamma"": 0.8149202949533906}"
2026-07-06T16:27:02+00:00,svm_rbf,iris_binary,TPE,0,45,balanced_accuracy,0.923993,"{""C"": 0.3548939781840924, ""gamma"": 0.02827497302497952}"
2026-07-06T16:27:02+00:00,svm_rbf,iris_binary,TPE,0,46,balanced_accuracy,0.911172,"{""C"": 3.9285003360716977, ""gamma"": 0.013623070855588889}"
2026-07-06T16:27:02+00:00,svm_rbf,iris_binary,TPE,0,47,balanced_accuracy,0.653846,"{""C"": 0.013382523211981155, ""gamma"": 1.3418405437091747}"
2026-07-06T16:27:02+00:00,svm_rbf,iris_binary,TPE,0,48,balanced_accuracy,0.923993,"{""C"": 0.18759129340747666, ""gamma"": 0.25595733970201334}"
2026-07-06T16:27:02+00:00,svm_rbf,iris_binary,TPE,0,49,balanced_accuracy,0.666667,"{""C"": 1.256271633332078, ""gamma"": 0.0003624812147131526}"
2026-07-06T16:27:05+00:00,xgboost,iris_binary,TPE,0,0,balanced_accuracy,0.935897,"{""colsample_bytree"": 0.7118273996694524, ""learning_rate"": 0.05910317077425309, ""max_depth"": 7, ""n_estimators"": 297, ""reg_lambda"": 0.3833332156156664, ""subsample"": 0.7724415914984484}"
2026-07-06T16:27:05+00:00,xgboost,iris_binary,TPE,0,1,balanced_accuracy,0.935897,"{""colsample_bytree"": 0.8958625190413323, ""learning_rate"": 0.1618191272832578, ""max_depth"": 10, ""n_estimators"": 247, ""reg_lambda"": 0.13049073550362397, ""subsample"": 0.6917207594128889}"
2026-07-06T16:27:05+00:00,xgboost,iris_binary,TPE,0,2,balanced_accuracy,0.923077,"{""colsample_bytree"": 0.5101091987201629, ""learning_rate"": 0.1962524585239014, ""max_depth"": 2, ""n_estimators"": 306, ""reg_lambda"": 2.1403233140986067, ""subsample"": 0.5435646498507704}"
2026-07-06T16:27:05+00:00,xgboost,iris_binary,TPE,0,3,balanced_accuracy,0.935897,"{""colsample_bytree"": 0.7307396811264659, ""learning_rate"": 0.14293072093890533, ""max_depth"": 10, ""n_estimators"": 400, ""reg_lambda"": 1.3246974647468452, ""subsample"": 0.8995792821083618}"
2026-07-06T16:27:05+00:00,xgboost,iris_binary,TPE,0,4,balanced_accuracy,0.935897,"{""colsample_bytree"": 0.7609241608750359, ""learning_rate"": 0.038473523622807364, ""max_depth"": 3, ""n_estimators"": 103, ""reg_lambda"": 0.045566719139214756, ""subsample"": 0.972334458524792}"
2026-07-06T16:27:05+00:00,xgboost,iris_binary,TPE,0,5,balanced_accuracy,0.935897,"{""colsample_bytree"": 0.5093949002181776, ""learning_rate"": 0.08276957557192281, ""max_depth"": 6, ""n_estimators"": 169, ""reg_lambda"": 0.2954894558726685, ""subsample"": 0.7842169744343243}"
2026-07-06T16:27:05+00:00,xgboost,iris_binary,TPE,0,6,balanced_accuracy,0.935897,"{""colsample_bytree"": 0.679753950286893, ""learning_rate"": 0.03374584570073953, ""max_depth"": 10, ""n_estimators"": 326, ""reg_lambda"": 0.05599223654063348, ""subsample"": 0.8409101495517417}"
2026-07-06T16:27:05+00:00,xgboost,iris_binary,TPE,0,7,balanced_accuracy,0.910256,"{""colsample_bytree"": 0.6051912805369204, ""learning_rate"": 0.0014098918363046988, ""max_depth"": 8, ""n_estimators"": 364, ""reg_lambda"": 0.0032787264983352763, ""subsample"": 0.8353189348090797}"
2026-07-06T16:27:05+00:00,xgboost,iris_binary,TPE,0,8,balanced_accuracy,0.910256,"{""colsample_bytree"": 0.9941869190296131, ""learning_rate"": 0.007960781083787736, ""max_depth"": 7, ""n_estimators"": 192, ""reg_lambda"": 0.0025596420901526653, ""subsample"": 0.7193007567311602}"
2026-07-06T16:27:05+00:00,xgboost,iris_binary,TPE,0,9,balanced_accuracy,0.923077,"{""colsample_bytree"": 0.7331553864281531, ""learning_rate"": 0.002509477090866099, ""max_depth"": 7, ""n_estimators"": 144, ""reg_lambda"": 0.009499535455183799, ""subsample"": 0.626645801269891}"
2026-07-06T16:27:05+00:00,xgboost,iris_binary,TPE,0,10,balanced_accuracy,0.948718,"{""colsample_bytree"": 0.84428399190132, ""learning_rate"": 0.007427883355602265, ""max_depth"": 4, ""n_estimators"": 474, ""reg_lambda"": 8.422166065238983, ""subsample"": 0.5100229215872223}"
2026-07-06T16:27:05+00:00,xgboost,iris_binary,TPE,0,11,balanced_accuracy,0.923077,"{""colsample_bytree"": 0.8532203703111583, ""learning_rate"": 0.00874894384056562, ""max_depth"": 4, ""n_estimators"": 466, ""reg_lambda"": 8.240404803372321, ""subsample"": 0.5185940646563291}"
2026-07-06T16:27:05+00:00,xgboost,iris_binary,TPE,0,12,balanced_accuracy,0.923077,"{""colsample_bytree"": 0.8270674068393179, ""learning_rate"": 0.010220821922091236, ""max_depth"": 5, ""n_estimators"": 500, ""reg_lambda"": 7.228223754346453, ""subsample"": 0.6217687950277674}"
2026-07-06T16:27:05+00:00,xgboost,iris_binary,TPE,0,13,balanced_accuracy,0.935897,"{""colsample_bytree"": 0.9357786253659394, ""learning_rate"": 0.027987767018411203, ""max_depth"": 5, ""n_estimators"": 437, ""reg_lambda"": 0.6276972028535031, ""subsample"": 0.9833889731679984}"
2026-07-06T16:27:05+00:00,xgboost,iris_binary,TPE,0,14,balanced_accuracy,0.923077,"{""colsample_bytree"": 0.6461746449957873, ""learning_rate"": 0.004217125886880518, ""max_depth"": 8, ""n_estimators"": 59, ""reg_lambda"": 2.7473712665844063, ""subsample"": 0.5988459355003553}"
2026-07-06T16:27:05+00:00,xgboost,iris_binary,TPE,0,15,balanced_accuracy,0.935897,"{""colsample_bytree"": 0.8045915604183789, ""learning_rate"": 0.01609644918791266, ""max_depth"": 2, ""n_estimators"": 281, ""reg_lambda"": 0.018500586988987072, ""subsample"": 0.7114198083505517}"
2026-07-06T16:27:05+00:00,xgboost,iris_binary,TPE,0,16,balanced_accuracy,0.935897,"{""colsample_bytree"": 0.5867175179524005, ""learning_rate"": 0.05825568513268837, ""max_depth"": 4, ""n_estimators"": 382, ""reg_lambda"": 0.3975261450830758, ""subsample"": 0.7737261254874518}"
2026-07-06T16:27:05+00:00,xgboost,iris_binary,TPE,0,17,balanced_accuracy,0.923077,"{""colsample_bytree"": 0.7831448124695314, ""learning_rate"": 0.0035829626825448968, ""max_depth"": 8, ""n_estimators"": 229, ""reg_lambda"": 1.0373627024250431, ""subsample"": 0.9159850452808971}"
2026-07-06T16:27:05+00:00,xgboost,iris_binary,TPE,0,18,balanced_accuracy,0.923077,"{""colsample_bytree"": 0.8788166819922777, ""learning_rate"": 0.018982849805971706, ""max_depth"": 6, ""n_estimators"": 433, ""reg_lambda"": 0.135257758557102, ""subsample"": 0.5649648827102486}"
2026-07-06T16:27:05+00:00,xgboost,iris_binary,TPE,0,19,balanced_accuracy,0.923077,"{""colsample_bytree"": 0.6851584308954637, ""learning_rate"": 0.08805104452004221, ""max_depth"": 4, ""n_estimators"": 345, ""reg_lambda"": 3.645884419532602, ""subsample"": 0.665165435356675}"
2026-07-06T16:27:05+00:00,xgboost,iris_binary,TPE,0,20,balanced_accuracy,0.923077,"{""colsample_bytree"": 0.9410400514943603, ""learning_rate"": 0.0012393034172586727, ""max_depth"": 9, ""n_estimators"": 278, ""reg_lambda"": 0.1446083856543408, ""subsample"": 0.7522298319281439}"
2026-07-06T16:27:05+00:00,xgboost,iris_binary,TPE,0,21,balanced_accuracy,0.923077,"{""colsample_bytree"": 0.9001182714619486, ""learning_rate"": 0.27697799932568073, ""max_depth"": 9, ""n_estimators"": 230, ""reg_lambda"": 0.15856649979766752, ""subsample"": 0.6857100317383451}"
2026-07-06T16:27:05+00:00,xgboost,iris_binary,TPE,0,22,balanced_accuracy,0.923077,"{""colsample_bytree"": 0.9970111946088025, ""learning_rate"": 0.14307895362815143, ""max_depth"": 6, ""n_estimators"": 240, ""reg_lambda"": 0.037735738731179115, ""subsample"": 0.504449057244021}"
2026-07-06T16:27:05+00:00,xgboost,iris_binary,TPE,0,23,balanced_accuracy,0.935897,"{""colsample_bytree"": 0.9186428502174363, ""learning_rate"": 0.06835093596379327, ""max_depth"": 9, ""n_estimators"": 288, ""reg_lambda"": 0.6011886015744331, ""subsample"": 0.8134578945276777}"
2026-07-06T16:27:05+00:00,xgboost,iris_binary,TPE,0,24,balanced_accuracy,0.948718,"{""colsample_bytree"": 0.8446087654271887, ""learning_rate"": 0.13092532027372636, ""max_depth"": 7, ""n_estimators"": 195, ""reg_lambda"": 0.0011628424164386488, ""subsample"": 0.5842347787389167}"
2026-07-06T16:27:05+00:00,xgboost,iris_binary,TPE,0,25,balanced_accuracy,0.923077,"{""colsample_bytree"": 0.8524867778336448, ""learning_rate"": 0.049566795883882624, ""max_depth"": 7, ""n_estimators"": 136, ""reg_lambda"": 0.0010273560668826785, ""subsample"": 0.5747356738912823}"
2026-07-06T16:27:05+00:00,xgboost,iris_binary,TPE,0,26,balanced_accuracy,0.923077,"{""colsample_bytree"": 0.816863650432289, ""learning_rate"": 0.019871770679937586, ""max_depth"": 5, ""n_estimators"": 201, ""reg_lambda"": 0.005956849823967501, ""subsample"": 0.633422124996565}"
2026-07-06T16:27:05+00:00,xgboost,iris_binary,TPE,0,27,balanced_accuracy,0.935897,"{""colsample_bytree"": 0.7542278496379454, ""learning_rate"": 0.11146551293149463, ""max_depth"": 3, ""n_estimators"": 417, ""reg_lambda"": 0.0014223560486353187, ""subsample"": 0.5398458284913114}"
2026-07-06T16:27:05+00:00,xgboost,iris_binary,TPE,0,28,balanced_accuracy,0.923077,"{""colsample_bytree"": 0.7031823035037962, ""learning_rate"": 0.2806298027946318, ""max_depth"": 7, ""n_estimators"": 71, ""reg_lambda"": 0.01685020392059739, ""subsample"": 0.5845042261246242}"
2026-07-06T16:27:05+00:00,xgboost,iris_binary,TPE,0,29,balanced_accuracy,0.923077,"{""colsample_bytree"": 0.8639105475017829, ""learning_rate"": 0.005301251999968908, ""max_depth"": 6, ""n_estimators"": 108, ""reg_lambda"": 4.57988840737952, ""subsample"": 0.6548324138711774}"
2026-07-06T16:27:05+00:00,xgboost,iris_binary,TPE,0,30,balanced_accuracy,0.935897,"{""colsample_bytree"": 0.9635312257742219, ""learning_rate"": 0.18271105535011997, ""max_depth"": 3, ""n_estimators"": 480, ""reg_lambda"": 0.06971087305725827, ""subsample"": 0.8927434729307175}"
2026-07-06T16:27:05+00:00,xgboost,iris_binary,TPE,0,31,balanced_accuracy,0.948718,"{""colsample_bytree"": 0.8838176028136331, ""learning_rate"": 0.19508391501577685, ""max_depth"": 10, ""n_estimators"": 261, ""reg_lambda"": 2.0001893405432063, ""subsample"": 0.5475496146590659}"
2026-07-06T16:27:05+00:00,xgboost,iris_binary,TPE,0,32,balanced_accuracy,0.935897,"{""colsample_bytree"": 0.8994349866841612, ""learning_rate"": 0.10527683347424324, ""max_depth"": 10, ""n_estimators"": 263, ""reg_lambda"": 1.5144607508005918, ""subsample"": 0.5450028702971734}"
2026-07-06T16:27:05+00:00,xgboost,iris_binary,TPE,0,33,balanced_accuracy,0.923077,"{""colsample_bytree"": 0.785828602073564, ""learning_rate"": 0.19628913674134868, ""max_depth"": 9, ""n_estimators"": 313, ""reg_lambda"": 5.566527577412148, ""subsample"": 0.5078265218919427}"
2026-07-06T16:27:05+00:00,xgboost,iris_binary,TPE,0,34,balanced_accuracy,0.923077,"{""colsample_bytree"": 0.8223188702791475, ""learning_rate"": 0.20837838089541966, ""max_depth"": 2, ""n_estimators"": 205, ""reg_lambda"": 2.096384468840332, ""subsample"": 0.5429303776860684}"
2026-07-06T16:27:05+00:00,xgboost,iris_binary,TPE,0,35,balanced_accuracy,0.935897,"{""colsample_bytree"": 0.551808445542912, ""learning_rate"": 0.1285838156896151, ""max_depth"": 8, ""n_estimators"": 166, ""reg_lambda"": 0.9417756500320172, ""subsample"": 0.6027375354044465}"
2026-07-06T16:27:05+00:00,xgboost,iris_binary,TPE,0,36,balanced_accuracy,0.910256,"{""colsample_bytree"": 0.6442703747940983, ""learning_rate"": 0.04185431231752739, ""max_depth"": 10, ""n_estimators"": 325, ""reg_lambda"": 8.868737836902394, ""subsample"": 0.5483722867553558}"
2026-07-06T16:27:05+00:00,xgboost,iris_binary,TPE,0,37,balanced_accuracy,0.935897,"{""colsample_bytree"": 0.8436319245315091, ""learning_rate"": 0.07933181558039805, ""max_depth"": 9, ""n_estimators"": 255, ""reg_lambda"": 0.26081216753250275, ""subsample"": 0.8723114435707593}"
2026-07-06T16:27:05+00:00,xgboost,iris_binary,TPE,0,38,balanced_accuracy,0.923077,"{""colsample_bytree"": 0.7666993784581042, ""learning_rate"": 0.0023735947590908715, ""max_depth"": 5, ""n_estimators"": 343, ""reg_lambda"": 2.211838741318051, ""subsample"": 0.9455929461825454}"
2026-07-06T16:27:05+00:00,xgboost,iris_binary,TPE,0,39,balanced_accuracy,0.948718,"{""colsample_bytree"": 0.8808383571438444, ""learning_rate"": 0.02714927849347049, ""max_depth"": 7, ""n_estimators"": 386, ""reg_lambda"": 3.707651071231591, ""subsample"": 0.524469043363147}"
2026-07-06T16:27:05+00:00,xgboost,iris_binary,TPE,0,40,balanced_accuracy,0.935897,"{""colsample_bytree"": 0.8805057544581785, ""learning_rate"": 0.03213910642252349, ""max_depth"": 8, ""n_estimators"": 455, ""reg_lambda"": 3.6417627528773115, ""subsample"": 0.5272683704695581}"
2026-07-06T16:27:05+00:00,xgboost,iris_binary,TPE,0,41,balanced_accuracy,0.948718,"{""colsample_bytree"": 0.946264727448084, ""learning_rate"": 0.012255960194489891, ""max_depth"": 7, ""n_estimators"": 359, ""reg_lambda"": 1.4322302154761537, ""subsample"": 0.5003540377092505}"
2026-07-06T16:27:05+00:00,xgboost,iris_binary,TPE,0,42,balanced_accuracy,0.935897,"{""colsample_bytree"": 0.9351952995833236, ""learning_rate"": 0.013886703501249067, ""max_depth"": 6, ""n_estimators"": 388, ""reg_lambda"": 1.5023758174527087, ""subsample"": 0.566544179790491}"
2026-07-06T16:27:05+00:00,xgboost,iris_binary,TPE,0,43,balanced_accuracy,0.948718,"{""colsample_bytree"": 0.9684466844443557, ""learning_rate"": 0.011601793607131363, ""max_depth"": 7, ""n_estimators"": 415, ""reg_lambda"": 9.819885744821184, ""subsample"": 0.5007921926229411}"
2026-07-06T16:27:05+00:00,xgboost,iris_binary,TPE,0,44,balanced_accuracy,0.923077,"{""colsample_bytree"": 0.8747807874937202, ""learning_rate"": 0.005895207035019741, ""max_depth"": 8, ""n_estimators"": 363, ""reg_lambda"": 5.480984549380753, ""subsample"": 0.6013005704023646}"
2026-07-06T16:27:05+00:00,xgboost,iris_binary,TPE,0,45,balanced_accuracy,0.948718,"{""colsample_bytree"": 0.9144899290770019, ""learning_rate"": 0.024256519018766576, ""max_depth"": 4, ""n_estimators"": 496, ""reg_lambda"": 2.9259887736828074, ""subsample"": 0.5204565377696878}"
2026-07-06T16:27:05+00:00,xgboost,iris_binary,TPE,0,46,balanced_accuracy,0.923077,"{""colsample_bytree"": 0.8393136248175181, ""learning_rate"": 0.006152457055708252, ""max_depth"": 7, ""n_estimators"": 177, ""reg_lambda"": 0.7780721310219162, ""subsample"": 0.5637277475922343}"
2026-07-06T16:27:05+00:00,xgboost,iris_binary,TPE,0,47,balanced_accuracy,0.910256,"{""colsample_bytree"": 0.9607249055987269, ""learning_rate"": 0.007495656250004749, ""max_depth"": 7, ""n_estimators"": 306, ""reg_lambda"": 2.0279551022129745, ""subsample"": 0.5862523219270043}"
2026-07-06T16:27:05+00:00,xgboost,iris_binary,TPE,0,48,balanced_accuracy,0.923077,"{""colsample_bytree"": 0.8033006214481113, ""learning_rate"": 0.010266334807663719, ""max_depth"": 5, ""n_estimators"": 444, ""reg_lambda"": 0.4096027857560237, ""subsample"": 0.5285178577049148}"
2026-07-06T16:27:05+00:00,xgboost,iris_binary,TPE,0,49,balanced_accuracy,0.948718,"{""colsample_bytree"": 0.9159661969221005, ""learning_rate"": 0.013483162202025839, ""max_depth"": 8, ""n_estimators"": 408, ""reg_lambda"": 5.9918348015520415, ""subsample"": 0.6238988666806657}"
2026-07-06T16:27:06+00:00,knn,moons,TPE,0,0,balanced_accuracy,0.977537,"{""n_neighbors"": 17, ""p"": 1, ""weights"": ""uniform""}"
2026-07-06T16:27:06+00:00,knn,moons,TPE,0,1,balanced_accuracy,0.975011,"{""n_neighbors"": 20, ""p"": 1, ""weights"": ""distance""}"
2026-07-06T16:27:06+00:00,knn,moons,TPE,0,2,balanced_accuracy,0.975011,"{""n_neighbors"": 24, ""p"": 1, ""weights"": ""distance""}"
2026-07-06T16:27:06+00:00,knn,moons,TPE,0,3,balanced_accuracy,0.962498,"{""n_neighbors"": 3, ""p"": 2, ""weights"": ""distance""}"
2026-07-06T16:27:06+00:00,knn,moons,TPE,0,4,balanced_accuracy,0.975011,"{""n_neighbors"": 30, ""p"": 1, ""weights"": ""uniform""}"
2026-07-06T16:27:06+00:00,knn,moons,TPE,0,5,balanced_accuracy,0.975011,"{""n_neighbors"": 20, ""p"": 1, ""weights"": ""distance""}"
2026-07-06T16:27:06+00:00,knn,moons,TPE,0,6,balanced_accuracy,0.972524,"{""n_neighbors"": 8, ""p"": 1, ""weights"": ""uniform""}"
2026-07-06T16:27:06+00:00,knn,moons,TPE,0,7,balanced_accuracy,0.972524,"{""n_neighbors"": 19, ""p"": 1, ""weights"": ""distance""}"
2026-07-06T16:27:06+00:00,knn,moons,TPE,0,8,balanced_accuracy,0.969961,"{""n_neighbors"": 11, ""p"": 2, ""weights"": ""distance""}"
2026-07-06T16:27:06+00:00,knn,moons,TPE,0,9,balanced_accuracy,0.975011,"{""n_neighbors"": 21, ""p"": 2, ""weights"": ""uniform""}"
2026-07-06T16:27:06+00:00,knn,moons,TPE,0,10,balanced_accuracy,0.980024,"{""n_neighbors"": 13, ""p"": 2, ""weights"": ""uniform""}"
2026-07-06T16:27:06+00:00,knn,moons,TPE,0,11,balanced_accuracy,0.977537,"{""n_neighbors"": 12, ""p"": 2, ""weights"": ""uniform""}"
2026-07-06T16:27:06+00:00,knn,moons,TPE,0,12,balanced_accuracy,0.980024,"{""n_neighbors"": 14, ""p"": 2, ""weights"": ""uniform""}"
2026-07-06T16:27:06+00:00,knn,moons,TPE,0,13,balanced_accuracy,0.980024,"{""n_neighbors"": 14, ""p"": 2, ""weights"": ""uniform""}"
2026-07-06T16:27:06+00:00,knn,moons,TPE,0,14,balanced_accuracy,0.967473,"{""n_neighbors"": 5, ""p"": 2, ""weights"": ""uniform""}"
2026-07-06T16:27:06+00:00,knn,moons,TPE,0,15,balanced_accuracy,0.975011,"{""n_neighbors"": 15, ""p"": 2, ""weights"": ""uniform""}"
2026-07-06T16:27:06+00:00,knn,moons,TPE,0,16,balanced_accuracy,0.969998,"{""n_neighbors"": 7, ""p"": 2, ""weights"": ""uniform""}"
2026-07-06T16:27:06+00:00,knn,moons,TPE,0,17,balanced_accuracy,0.964948,"{""n_neighbors"": 1, ""p"": 2, ""weights"": ""uniform""}"
2026-07-06T16:27:06+00:00,knn,moons,TPE,0,18,balanced_accuracy,0.977537,"{""n_neighbors"": 10, ""p"": 2, ""weights"": ""uniform""}"
2026-07-06T16:27:06+00:00,knn,moons,TPE,0,19,balanced_accuracy,0.972524,"{""n_neighbors"": 25, ""p"": 2, ""weights"": ""uniform""}"
2026-07-06T16:27:06+00:00,knn,moons,TPE,0,20,balanced_accuracy,0.975011,"{""n_neighbors"": 15, ""p"": 2, ""weights"": ""uniform""}"
2026-07-06T16:27:06+00:00,knn,moons,TPE,0,21,balanced_accuracy,0.975011,"{""n_neighbors"": 15, ""p"": 2, ""weights"": ""uniform""}"
2026-07-06T16:27:06+00:00,knn,moons,TPE,0,22,balanced_accuracy,0.980024,"{""n_neighbors"": 13, ""p"": 2, ""weights"": ""uniform""}"
2026-07-06T16:27:06+00:00,knn,moons,TPE,0,23,balanced_accuracy,0.967473,"{""n_neighbors"": 8, ""p"": 2, ""weights"": ""uniform""}"
2026-07-06T16:27:06+00:00,knn,moons,TPE,0,24,balanced_accuracy,0.975011,"{""n_neighbors"": 17, ""p"": 2, ""weights"": ""uniform""}"
2026-07-06T16:27:06+00:00,knn,moons,TPE,0,25,balanced_accuracy,0.980024,"{""n_neighbors"": 14, ""p"": 2, ""weights"": ""uniform""}"
2026-07-06T16:27:06+00:00,knn,moons,TPE,0,26,balanced_accuracy,0.977537,"{""n_neighbors"": 10, ""p"": 2, ""weights"": ""uniform""}"
2026-07-06T16:27:06+00:00,knn,moons,TPE,0,27,balanced_accuracy,0.975011,"{""n_neighbors"": 17, ""p"": 2, ""weights"": ""uniform""}"
2026-07-06T16:27:06+00:00,knn,moons,TPE,0,28,balanced_accuracy,0.975011,"{""n_neighbors"": 23, ""p"": 2, ""weights"": ""uniform""}"
2026-07-06T16:27:06+00:00,knn,moons,TPE,0,29,balanced_accuracy,0.980024,"{""n_neighbors"": 18, ""p"": 2, ""weights"": ""uniform""}"
2026-07-06T16:27:06+00:00,knn,moons,TPE,0,30,balanced_accuracy,0.977537,"{""n_neighbors"": 12, ""p"": 2, ""weights"": ""uniform""}"
2026-07-06T16:27:06+00:00,knn,moons,TPE,0,31,balanced_accuracy,0.980024,"{""n_neighbors"": 13, ""p"": 2, ""weights"": ""uniform""}"
2026-07-06T16:27:06+00:00,knn,moons,TPE,0,32,balanced_accuracy,0.980024,"{""n_neighbors"": 16, ""p"": 2, ""weights"": ""uniform""}"
2026-07-06T16:27:06+00:00,knn,moons,TPE,0,33,balanced_accuracy,0.980024,"{""n_neighbors"": 13, ""p"": 2, ""weights"": ""uniform""}"
2026-07-06T16:27:06+00:00,knn,moons,TPE,0,34,balanced_accuracy,0.972486,"{""n_neighbors"": 10, ""p"": 1, ""weights"": ""distance""}"
2026-07-06T16:27:06+00:00,knn,moons,TPE,0,35,balanced_accuracy,0.969998,"{""n_neighbors"": 7, ""p"": 2, ""weights"": ""uniform""}"
2026-07-06T16:27:06+00:00,knn,moons,TPE,0,36,balanced_accuracy,0.967473,"{""n_neighbors"": 13, ""p"": 1, ""weights"": ""distance""}"
2026-07-06T16:27:06+00:00,knn,moons,TPE,0,37,balanced_accuracy,0.969998,"{""n_neighbors"": 9, ""p"": 2, ""weights"": ""uniform""}"
2026-07-06T16:27:06+00:00,knn,moons,TPE,0,38,balanced_accuracy,0.964986,"{""n_neighbors"": 5, ""p"": 1, ""weights"": ""distance""}"
2026-07-06T16:27:06+00:00,knn,moons,TPE,0,39,balanced_accuracy,0.975011,"{""n_neighbors"": 22, ""p"": 2, ""weights"": ""uniform""}"
2026-07-06T16:27:06+00:00,knn,moons,TPE,0,40,balanced_accuracy,0.972524,"{""n_neighbors"": 19, ""p"": 1, ""weights"": ""distance""}"
2026-07-06T16:27:06+00:00,knn,moons,TPE,0,41,balanced_accuracy,0.980024,"{""n_neighbors"": 14, ""p"": 2, ""weights"": ""uniform""}"
2026-07-06T16:27:06+00:00,knn,moons,TPE,0,42,balanced_accuracy,0.980024,"{""n_neighbors"": 14, ""p"": 2, ""weights"": ""uniform""}"
2026-07-06T16:27:06+00:00,knn,moons,TPE,0,43,balanced_accuracy,0.977537,"{""n_neighbors"": 11, ""p"": 2, ""weights"": ""uniform""}"
2026-07-06T16:27:06+00:00,knn,moons,TPE,0,44,balanced_accuracy,0.975011,"{""n_neighbors"": 17, ""p"": 2, ""weights"": ""uniform""}"
2026-07-06T16:27:06+00:00,knn,moons,TPE,0,45,balanced_accuracy,0.975011,"{""n_neighbors"": 26, ""p"": 2, ""weights"": ""uniform""}"
2026-07-06T16:27:06+00:00,knn,moons,TPE,0,46,balanced_accuracy,0.977537,"{""n_neighbors"": 19, ""p"": 2, ""weights"": ""uniform""}"
2026-07-06T16:27:06+00:00,knn,moons,TPE,0,47,balanced_accuracy,0.977537,"{""n_neighbors"": 12, ""p"": 2, ""weights"": ""uniform""}"
2026-07-06T16:27:06+00:00,knn,moons,TPE,0,48,balanced_accuracy,0.980024,"{""n_neighbors"": 16, ""p"": 1, ""weights"": ""uniform""}"
2026-07-06T16:27:06+00:00,knn,moons,TPE,0,49,balanced_accuracy,0.975011,"{""n_neighbors"": 14, ""p"": 2, ""weights"": ""distance""}"
2026-07-06T16:27:06+00:00,logreg,moons,TPE,0,0,balanced_accuracy,0.857832,"{""C"": 1.96282248134428}"
2026-07-06T16:27:06+00:00,logreg,moons,TPE,0,1,balanced_accuracy,0.857832,"{""C"": 19.549524484259873}"
2026-07-06T16:27:06+00:00,logreg,moons,TPE,0,2,balanced_accuracy,0.857832,"{""C"": 4.135997393839888}"
2026-07-06T16:27:06+00:00,logreg,moons,TPE,0,3,balanced_accuracy,0.857832,"{""C"": 1.8590843630169627}"
2026-07-06T16:27:06+00:00,logreg,moons,TPE,0,4,balanced_accuracy,0.850294,"{""C"": 0.348280208702833}"
2026-07-06T16:27:06+00:00,logreg,moons,TPE,0,5,balanced_accuracy,0.857832,"{""C"": 7.505241622349544}"
2026-07-06T16:27:06+00:00,logreg,moons,TPE,0,6,balanced_accuracy,0.852782,"{""C"": 0.4222048983149828}"
2026-07-06T16:27:06+00:00,logreg,moons,TPE,0,7,balanced_accuracy,0.857832,"{""C"": 224.2012371372442}"
2026-07-06T16:27:06+00:00,logreg,moons,TPE,0,8,balanced_accuracy,0.855344,"{""C"": 605.3082080079017}"
2026-07-06T16:27:06+00:00,logreg,moons,TPE,0,9,balanced_accuracy,0.842794,"{""C"": 0.1998246739232945}"
2026-07-06T16:27:06+00:00,logreg,moons,TPE,0,10,balanced_accuracy,0.827831,"{""C"": 0.00243777399563589}"
2026-07-06T16:27:06+00:00,logreg,moons,TPE,0,11,balanced_accuracy,0.857832,"{""C"": 25.06548319168148}"
2026-07-06T16:27:06+00:00,logreg,moons,TPE,0,12,balanced_accuracy,0.857832,"{""C"": 63.515467168009415}"
2026-07-06T16:27:06+00:00,logreg,moons,TPE,0,13,balanced_accuracy,0.830280,"{""C"": 0.02460223350968428}"
2026-07-06T16:27:06+00:00,logreg,moons,TPE,0,14,balanced_accuracy,0.857832,"{""C"": 47.16351267972005}"
2026-07-06T16:27:06+00:00,logreg,moons,TPE,0,15,balanced_accuracy,0.837818,"{""C"": 0.058772589412190525}"
2026-07-06T16:27:06+00:00,logreg,moons,TPE,0,16,balanced_accuracy,0.857832,"{""C"": 1.8810288872532541}"
2026-07-06T16:27:06+00:00,logreg,moons,TPE,0,17,balanced_accuracy,0.857832,"{""C"": 15.816896927950971}"
2026-07-06T16:27:06+00:00,logreg,moons,TPE,0,18,balanced_accuracy,0.830356,"{""C"": 0.001197550042181826}"
2026-07-06T16:27:06+00:00,logreg,moons,TPE,0,19,balanced_accuracy,0.857832,"{""C"": 144.90672475864605}"
2026-07-06T16:27:06+00:00,logreg,moons,TPE,0,20,balanced_accuracy,0.857832,"{""C"": 1.8664607424358177}"
2026-07-06T16:27:06+00:00,logreg,moons,TPE,0,21,balanced_accuracy,0.857832,"{""C"": 5.065601860988748}"
2026-07-06T16:27:06+00:00,logreg,moons,TPE,0,22,balanced_accuracy,0.857832,"{""C"": 5.572750726499077}"
2026-07-06T16:27:06+00:00,logreg,moons,TPE,0,23,balanced_accuracy,0.855307,"{""C"": 0.9709502419607605}"
2026-07-06T16:27:06+00:00,logreg,moons,TPE,0,24,balanced_accuracy,0.837818,"{""C"": 0.06414829104982371}"
2026-07-06T16:27:06+00:00,logreg,moons,TPE,0,25,balanced_accuracy,0.857832,"{""C"": 17.094712675141686}"
2026-07-06T16:27:06+00:00,logreg,moons,TPE,0,26,balanced_accuracy,0.857832,"{""C"": 5.794754675463547}"
2026-07-06T16:27:06+00:00,logreg,moons,TPE,0,27,balanced_accuracy,0.857832,"{""C"": 83.1534341087804}"
2026-07-06T16:27:06+00:00,logreg,moons,TPE,0,28,balanced_accuracy,0.855344,"{""C"": 333.23116239550245}"
2026-07-06T16:27:06+00:00,logreg,moons,TPE,0,29,balanced_accuracy,0.857832,"{""C"": 1.0058002631433376}"
2026-07-06T16:27:06+00:00,logreg,moons,TPE,0,30,balanced_accuracy,0.857832,"{""C"": 3.6369730684629435}"
2026-07-06T16:27:06+00:00,logreg,moons,TPE,0,31,balanced_accuracy,0.850294,"{""C"": 0.3463624953823627}"
2026-07-06T16:27:06+00:00,logreg,moons,TPE,0,32,balanced_accuracy,0.857832,"{""C"": 10.359248649229857}"
2026-07-06T16:27:06+00:00,logreg,moons,TPE,0,33,balanced_accuracy,0.857832,"{""C"": 2.018771412628203}"
2026-07-06T16:27:06+00:00,logreg,moons,TPE,0,34,balanced_accuracy,0.852782,"{""C"": 0.47216797452417336}"
2026-07-06T16:27:06+00:00,logreg,moons,TPE,0,35,balanced_accuracy,0.857832,"{""C"": 31.46618819278757}"
2026-07-06T16:27:06+00:00,logreg,moons,TPE,0,36,balanced_accuracy,0.842794,"{""C"": 0.10567508428017551}"
2026-07-06T16:27:06+00:00,logreg,moons,TPE,0,37,balanced_accuracy,0.855307,"{""C"": 0.7653836433005766}"
2026-07-06T16:27:06+00:00,logreg,moons,TPE,0,38,balanced_accuracy,0.830280,"{""C"": 0.011357325966314457}"
2026-07-06T16:27:06+00:00,logreg,moons,TPE,0,39,balanced_accuracy,0.855344,"{""C"": 838.0355529448648}"
2026-07-06T16:27:06+00:00,logreg,moons,TPE,0,40,balanced_accuracy,0.857832,"{""C"": 9.266404284387805}"
2026-07-06T16:27:06+00:00,logreg,moons,TPE,0,41,balanced_accuracy,0.857832,"{""C"": 2.5856135812020837}"
2026-07-06T16:27:06+00:00,logreg,moons,TPE,0,42,balanced_accuracy,0.845281,"{""C"": 0.24887014425170084}"
2026-07-06T16:27:06+00:00,logreg,moons,TPE,0,43,balanced_accuracy,0.857832,"{""C"": 11.51356899982968}"
2026-07-06T16:27:06+00:00,logreg,moons,TPE,0,44,balanced_accuracy,0.857832,"{""C"": 32.25842780746411}"
2026-07-06T16:27:06+00:00,logreg,moons,TPE,0,45,balanced_accuracy,0.857832,"{""C"": 93.38393581582206}"
2026-07-06T16:27:06+00:00,logreg,moons,TPE,0,46,balanced_accuracy,0.857832,"{""C"": 1.2533653858870966}"
2026-07-06T16:27:06+00:00,logreg,moons,TPE,0,47,balanced_accuracy,0.857832,"{""C"": 3.182411977368022}"
2026-07-06T16:27:06+00:00,logreg,moons,TPE,0,48,balanced_accuracy,0.855307,"{""C"": 0.638209191867457}"
2026-07-06T16:27:06+00:00,logreg,moons,TPE,0,49,balanced_accuracy,0.857832,"{""C"": 18.796791537069222}"
2026-07-06T16:27:37+00:00,mlp,moons,TPE,0,0,balanced_accuracy,0.860320,"{""alpha"": 0.0037665768415992965, ""hidden_layer_sizes"": [19], ""learning_rate_init"": 0.006431172050131994}"
2026-07-06T16:27:37+00:00,mlp,moons,TPE,0,1,balanced_accuracy,0.905284,"{""alpha"": 0.0001313028028065861, ""hidden_layer_sizes"": [18], ""learning_rate_init"": 0.008663279761354562}"
2026-07-06T16:27:37+00:00,mlp,moons,TPE,0,2,balanced_accuracy,0.870194,"{""alpha"": 0.028765041432546982, ""hidden_layer_sizes"": [15], ""learning_rate_init"": 0.07780155576901421}"
2026-07-06T16:27:37+00:00,mlp,moons,TPE,0,3,balanced_accuracy,0.855307,"{""alpha"": 0.009091283280651459, ""hidden_layer_sizes"": [13], ""learning_rate_init"": 0.003860866271460547}"
2026-07-06T16:27:37+00:00,mlp,moons,TPE,0,4,balanced_accuracy,0.820217,"{""alpha"": 0.04246031301768214, ""hidden_layer_sizes"": [19], ""learning_rate_init"": 0.00016334587611069497}"
2026-07-06T16:27:37+00:00,mlp,moons,TPE,0,5,balanced_accuracy,0.857794,"{""alpha"": 1.2620948285169311e-06, ""hidden_layer_sizes"": [4], ""learning_rate_init"": 0.03146730406166007}"
2026-07-06T16:27:37+00:00,mlp,moons,TPE,0,6,balanced_accuracy,0.885346,"{""alpha"": 0.022390342721683703, ""hidden_layer_sizes"": [26], ""learning_rate_init"": 0.08626905220714905}"
2026-07-06T16:27:37+00:00,mlp,moons,TPE,0,7,balanced_accuracy,0.870232,"{""alpha"": 0.00020295362430434728, ""hidden_layer_sizes"": [26], ""learning_rate_init"": 0.02195773446539457}"
2026-07-06T16:27:37+00:00,mlp,moons,TPE,0,8,balanced_accuracy,0.817767,"{""alpha"": 0.0015834527427829746, ""hidden_layer_sizes"": [5], ""learning_rate_init"": 0.00026919058249260725}"
2026-07-06T16:27:37+00:00,mlp,moons,TPE,0,9,balanced_accuracy,0.932572,"{""alpha"": 0.0004066695065393846, ""hidden_layer_sizes"": [31], ""learning_rate_init"": 0.0017538232373118048}"
2026-07-06T16:27:37+00:00,mlp,moons,TPE,0,10,balanced_accuracy,0.852782,"{""alpha"": 1.8451380348748972e-06, ""hidden_layer_sizes"": [31], ""learning_rate_init"": 0.0008416384318991261}"
2026-07-06T16:27:37+00:00,mlp,moons,TPE,0,11,balanced_accuracy,0.962536,"{""alpha"": 8.700463748914141e-05, ""hidden_layer_sizes"": [31], ""learning_rate_init"": 0.0027397549116400404}"
2026-07-06T16:27:37+00:00,mlp,moons,TPE,0,12,balanced_accuracy,0.927597,"{""alpha"": 3.493460080414672e-05, ""hidden_layer_sizes"": [31], ""learning_rate_init"": 0.0014267515216632488}"
2026-07-06T16:27:37+00:00,mlp,moons,TPE,0,13,balanced_accuracy,0.852668,"{""alpha"": 2.337698204243485e-05, ""hidden_layer_sizes"": [26], ""learning_rate_init"": 0.0013221203517833984}"
2026-07-06T16:27:37+00:00,mlp,moons,TPE,0,14,balanced_accuracy,0.840344,"{""alpha"": 0.0007754008822131339, ""hidden_layer_sizes"": [32], ""learning_rate_init"": 0.0005081108120260941}"
2026-07-06T16:27:37+00:00,mlp,moons,TPE,0,15,balanced_accuracy,0.890246,"{""alpha"": 1.9516516631722755e-05, ""hidden_layer_sizes"": [27], ""learning_rate_init"": 0.002609848407675034}"
2026-07-06T16:27:37+00:00,mlp,moons,TPE,0,16,balanced_accuracy,0.937698,"{""alpha"": 0.0003425911788100786, ""hidden_layer_sizes"": [29], ""learning_rate_init"": 0.012426885738010771}"
2026-07-06T16:27:37+00:00,mlp,moons,TPE,0,17,balanced_accuracy,0.850445,"{""alpha"": 5.511382229412703e-06, ""hidden_layer_sizes"": [23], ""learning_rate_init"": 0.012540436257241635}"
2026-07-06T16:27:37+00:00,mlp,moons,TPE,0,18,balanced_accuracy,0.867782,"{""alpha"": 6.5257980140376e-05, ""hidden_layer_sizes"": [23], ""learning_rate_init"": 0.004895189279209038}"
2026-07-06T16:27:37+00:00,mlp,moons,TPE,0,19,balanced_accuracy,0.974974,"{""alpha"": 7.546434211453796e-06, ""hidden_layer_sizes"": [29], ""learning_rate_init"": 0.019397223268887175}"
2026-07-06T16:27:37+00:00,mlp,moons,TPE,0,20,balanced_accuracy,0.867858,"{""alpha"": 7.763402031304335e-06, ""hidden_layer_sizes"": [23], ""learning_rate_init"": 0.030641370711695454}"
2026-07-06T16:27:37+00:00,mlp,moons,TPE,0,21,balanced_accuracy,0.902570,"{""alpha"": 0.0001332181058887428, ""hidden_layer_sizes"": [28], ""learning_rate_init"": 0.01602045561891544}"
2026-07-06T16:27:37+00:00,mlp,moons,TPE,0,22,balanced_accuracy,0.967549,"{""alpha"": 6.483611996648938e-06, ""hidden_layer_sizes"": [29], ""learning_rate_init"": 0.043693003565248585}"
2026-07-06T16:27:37+00:00,mlp,moons,TPE,0,23,balanced_accuracy,0.974974,"{""alpha"": 7.237263816109524e-06, ""hidden_layer_sizes"": [29], ""learning_rate_init"": 0.028604385787947374}"
2026-07-06T16:27:37+00:00,mlp,moons,TPE,0,24,balanced_accuracy,0.965023,"{""alpha"": 4.580593032955491e-06, ""hidden_layer_sizes"": [24], ""learning_rate_init"": 0.04641960479188996}"
2026-07-06T16:27:37+00:00,mlp,moons,TPE,0,25,balanced_accuracy,0.937472,"{""alpha"": 1.1005326927561805e-05, ""hidden_layer_sizes"": [29], ""learning_rate_init"": 0.04960855455249606}"
2026-07-06T16:27:37+00:00,mlp,moons,TPE,0,26,balanced_accuracy,0.932497,"{""alpha"": 2.7981116739649533e-06, ""hidden_layer_sizes"": [9], ""learning_rate_init"": 0.047105507023996206}"
2026-07-06T16:27:37+00:00,mlp,moons,TPE,0,27,balanced_accuracy,0.959973,"{""alpha"": 1.3956775969673677e-05, ""hidden_layer_sizes"": [29], ""learning_rate_init"": 0.02295173223899473}"
2026-07-06T16:27:37+00:00,mlp,moons,TPE,0,28,balanced_accuracy,0.862807,"{""alpha"": 3.0089009298581583e-06, ""hidden_layer_sizes"": [21], ""learning_rate_init"": 0.008955754488487485}"
2026-07-06T16:27:37+00:00,mlp,moons,TPE,0,29,balanced_accuracy,0.855382,"{""alpha"": 3.786609741176729e-05, ""hidden_layer_sizes"": [21], ""learning_rate_init"": 0.007184893509248529}"
2026-07-06T16:27:37+00:00,mlp,moons,TPE,0,30,balanced_accuracy,0.897633,"{""alpha"": 1.2325192713242736e-06, ""hidden_layer_sizes"": [28], ""learning_rate_init"": 0.0622290479685475}"
2026-07-06T16:27:37+00:00,mlp,moons,TPE,0,31,balanced_accuracy,0.897671,"{""alpha"": 4.171874656765186e-06, ""hidden_layer_sizes"": [24], ""learning_rate_init"": 0.03592387113960692}"
2026-07-06T16:27:37+00:00,mlp,moons,TPE,0,32,balanced_accuracy,0.865295,"{""alpha"": 6.907277877488735e-06, ""hidden_layer_sizes"": [25], ""learning_rate_init"": 0.019739967280301106}"
2026-07-06T16:27:37+00:00,mlp,moons,TPE,0,33,balanced_accuracy,0.865219,"{""alpha"": 1.1353659784951013e-05, ""hidden_layer_sizes"": [17], ""learning_rate_init"": 0.04473313484219899}"
2026-07-06T16:27:37+00:00,mlp,moons,TPE,0,34,balanced_accuracy,0.860282,"{""alpha"": 2.6002247411936643e-06, ""hidden_layer_sizes"": [21], ""learning_rate_init"": 0.09028562515497722}"
2026-07-06T16:27:37+00:00,mlp,moons,TPE,0,35,balanced_accuracy,0.872757,"{""alpha"": 3.846902820365073e-05, ""hidden_layer_sizes"": [29], ""learning_rate_init"": 0.011529444281464896}"
2026-07-06T16:27:37+00:00,mlp,moons,TPE,0,36,balanced_accuracy,0.870270,"{""alpha"": 5.0761229409716825e-06, ""hidden_layer_sizes"": [19], ""learning_rate_init"": 0.02880884513099378}"
2026-07-06T16:27:37+00:00,mlp,moons,TPE,0,37,balanced_accuracy,0.860244,"{""alpha"": 1.2747859278594298e-06, ""hidden_layer_sizes"": [25], ""learning_rate_init"": 0.0628623356891879}"
2026-07-06T16:27:37+00:00,mlp,moons,TPE,0,38,balanced_accuracy,0.877695,"{""alpha"": 1.9306251730427232e-05, ""hidden_layer_sizes"": [27], ""learning_rate_init"": 0.01813243178244841}"
2026-07-06T16:27:37+00:00,mlp,moons,TPE,0,39,balanced_accuracy,0.932647,"{""alpha"": 8.566873954566711e-06, ""hidden_layer_sizes"": [32], ""learning_rate_init"": 0.09695378370977666}"
2026-07-06T16:27:37+00:00,mlp,moons,TPE,0,40,balanced_accuracy,0.852782,"{""alpha"": 6.013445930354372e-05, ""hidden_layer_sizes"": [14], ""learning_rate_init"": 0.005358391222313706}"
2026-07-06T16:27:37+00:00,mlp,moons,TPE,0,41,balanced_accuracy,0.827831,"{""alpha"": 6.872607005629703e-05, ""hidden_layer_sizes"": [30], ""learning_rate_init"": 0.00012737270955963365}"
2026-07-06T16:27:37+00:00,mlp,moons,TPE,0,42,balanced_accuracy,0.845394,"{""alpha"": 4.304483136545851e-06, ""hidden_layer_sizes"": [32], ""learning_rate_init"": 0.0038701740090511237}"
2026-07-06T16:27:37+00:00,mlp,moons,TPE,0,43,balanced_accuracy,0.875245,"{""alpha"": 0.005913850969036846, ""hidden_layer_sizes"": [27], ""learning_rate_init"": 0.06497879791949278}"
2026-07-06T16:27:37+00:00,mlp,moons,TPE,0,44,balanced_accuracy,0.870232,"{""alpha"": 0.0026623832015171514, ""hidden_layer_sizes"": [30], ""learning_rate_init"": 0.035993390244397835}"
2026-07-06T16:27:37+00:00,mlp,moons,TPE,0,45,balanced_accuracy,0.830280,"{""alpha"": 1.943076549621526e-06, ""hidden_layer_sizes"": [25], ""learning_rate_init"": 0.00045012682693487037}"
2026-07-06T16:27:37+00:00,mlp,moons,TPE,0,46,balanced_accuracy,0.852782,"{""alpha"": 0.00011502110651311037, ""hidden_layer_sizes"": [30], ""learning_rate_init"": 0.002331576309740652}"
2026-07-06T16:27:37+00:00,mlp,moons,TPE,0,47,balanced_accuracy,0.865332,"{""alpha"": 2.4685643667544627e-05, ""hidden_layer_sizes"": [27], ""learning_rate_init"": 0.023658260088480536}"
2026-07-06T16:27:37+00:00,mlp,moons,TPE,0,48,balanced_accuracy,0.835256,"{""alpha"": 1.5627953147336917e-05, ""hidden_layer_sizes"": [2], ""learning_rate_init"": 0.0008973118286768982}"
2026-07-06T16:27:37+00:00,mlp,moons,TPE,0,49,balanced_accuracy,0.962611,"{""alpha"": 0.00032194966613255193, ""hidden_layer_sizes"": [31], ""learning_rate_init"": 0.015567143726376118}"
2026-07-06T16:28:07+00:00,rf,moons,TPE,0,0,balanced_accuracy,0.967511,"{""max_depth"": 15, ""max_features"": null, ""min_samples_split"": 13, ""n_estimators"": 297}"
2026-07-06T16:28:07+00:00,rf,moons,TPE,0,1,balanced_accuracy,0.950023,"{""max_depth"": 18, ""max_features"": ""log2"", ""min_samples_split"": 20, ""n_estimators"": 247}"
2026-07-06T16:28:07+00:00,rf,moons,TPE,0,2,balanced_accuracy,0.972448,"{""max_depth"": 19, ""max_features"": null, ""min_samples_split"": 3, ""n_estimators"": 306}"
2026-07-06T16:28:07+00:00,rf,moons,TPE,0,3,balanced_accuracy,0.950060,"{""max_depth"": 18, ""max_features"": ""sqrt"", ""min_samples_split"": 20, ""n_estimators"": 400}"
2026-07-06T16:28:07+00:00,rf,moons,TPE,0,4,balanced_accuracy,0.969998,"{""max_depth"": 14, ""max_features"": ""sqrt"", ""min_samples_split"": 4, ""n_estimators"": 103}"
2026-07-06T16:28:07+00:00,rf,moons,TPE,0,5,balanced_accuracy,0.969998,"{""max_depth"": 16, ""max_features"": null, ""min_samples_split"": 10, ""n_estimators"": 169}"
2026-07-06T16:28:07+00:00,rf,moons,TPE,0,6,balanced_accuracy,0.950060,"{""max_depth"": 13, ""max_features"": ""sqrt"", ""min_samples_split"": 19, ""n_estimators"": 326}"
2026-07-06T16:28:07+00:00,rf,moons,TPE,0,7,balanced_accuracy,0.895296,"{""max_depth"": 3, ""max_features"": ""sqrt"", ""min_samples_split"": 14, ""n_estimators"": 364}"
2026-07-06T16:28:07+00:00,rf,moons,TPE,0,8,balanced_accuracy,0.965023,"{""max_depth"": 8, ""max_features"": ""log2"", ""min_samples_split"": 12, ""n_estimators"": 192}"
2026-07-06T16:28:07+00:00,rf,moons,TPE,0,9,balanced_accuracy,0.945047,"{""max_depth"": 5, ""max_features"": ""log2"", ""min_samples_split"": 14, ""n_estimators"": 144}"
2026-07-06T16:28:07+00:00,rf,moons,TPE,0,10,balanced_accuracy,0.972448,"{""max_depth"": 11, ""max_features"": null, ""min_samples_split"": 2, ""n_estimators"": 474}"
2026-07-06T16:28:07+00:00,rf,moons,TPE,0,11,balanced_accuracy,0.972448,"{""max_depth"": 9, ""max_features"": null, ""min_samples_split"": 2, ""n_estimators"": 478}"
2026-07-06T16:28:07+00:00,rf,moons,TPE,0,12,balanced_accuracy,0.969961,"{""max_depth"": 20, ""max_features"": null, ""min_samples_split"": 6, ""n_estimators"": 498}"
2026-07-06T16:28:07+00:00,rf,moons,TPE,0,13,balanced_accuracy,0.969961,"{""max_depth"": 11, ""max_features"": null, ""min_samples_split"": 5, ""n_estimators"": 425}"
2026-07-06T16:28:07+00:00,rf,moons,TPE,0,14,balanced_accuracy,0.969961,"{""max_depth"": 6, ""max_features"": null, ""min_samples_split"": 2, ""n_estimators"": 256}"
2026-07-06T16:28:07+00:00,rf,moons,TPE,0,15,balanced_accuracy,0.972486,"{""max_depth"": 11, ""max_features"": null, ""min_samples_split"": 8, ""n_estimators"": 60}"
2026-07-06T16:28:07+00:00,rf,moons,TPE,0,16,balanced_accuracy,0.972486,"{""max_depth"": 20, ""max_features"": null, ""min_samples_split"": 8, ""n_estimators"": 59}"
2026-07-06T16:28:07+00:00,rf,moons,TPE,0,17,balanced_accuracy,0.972486,"{""max_depth"": 12, ""max_features"": null, ""min_samples_split"": 8, ""n_estimators"": 54}"
2026-07-06T16:28:07+00:00,rf,moons,TPE,0,18,balanced_accuracy,0.972486,"{""max_depth"": 16, ""max_features"": null, ""min_samples_split"": 8, ""n_estimators"": 59}"
2026-07-06T16:28:07+00:00,rf,moons,TPE,0,19,balanced_accuracy,0.880371,"{""max_depth"": 2, ""max_features"": ""log2"", ""min_samples_split"": 7, ""n_estimators"": 104}"
2026-07-06T16:28:07+00:00,rf,moons,TPE,0,20,balanced_accuracy,0.972486,"{""max_depth"": 9, ""max_features"": null, ""min_samples_split"": 10, ""n_estimators"": 95}"
2026-07-06T16:28:07+00:00,rf,moons,TPE,0,21,balanced_accuracy,0.972486,"{""max_depth"": 12, ""max_features"": null, ""min_samples_split"": 9, ""n_estimators"": 50}"
2026-07-06T16:28:07+00:00,rf,moons,TPE,0,22,balanced_accuracy,0.969998,"{""max_depth"": 10, ""max_features"": null, ""min_samples_split"": 11, ""n_estimators"": 134}"
2026-07-06T16:28:07+00:00,rf,moons,TPE,0,23,balanced_accuracy,0.972486,"{""max_depth"": 6, ""max_features"": null, ""min_samples_split"": 8, ""n_estimators"": 76}"
2026-07-06T16:28:07+00:00,rf,moons,TPE,0,24,balanced_accuracy,0.972486,"{""max_depth"": 13, ""max_features"": null, ""min_samples_split"": 6, ""n_estimators"": 132}"
2026-07-06T16:28:07+00:00,rf,moons,TPE,0,25,balanced_accuracy,0.972486,"{""max_depth"": 16, ""max_features"": null, ""min_samples_split"": 8, ""n_estimators"": 50}"
2026-07-06T16:28:07+00:00,rf,moons,TPE,0,26,balanced_accuracy,0.969961,"{""max_depth"": 8, ""max_features"": null, ""min_samples_split"": 5, ""n_estimators"": 192}"
2026-07-06T16:28:07+00:00,rf,moons,TPE,0,27,balanced_accuracy,0.967549,"{""max_depth"": 20, ""max_features"": null, ""min_samples_split"": 16, ""n_estimators"": 89}"
2026-07-06T16:28:07+00:00,rf,moons,TPE,0,28,balanced_accuracy,0.965023,"{""max_depth"": 17, ""max_features"": ""sqrt"", ""min_samples_split"": 10, ""n_estimators"": 121}"
2026-07-06T16:28:07+00:00,rf,moons,TPE,0,29,balanced_accuracy,0.965023,"{""max_depth"": 14, ""max_features"": ""log2"", ""min_samples_split"": 12, ""n_estimators"": 163}"
2026-07-06T16:28:07+00:00,rf,moons,TPE,0,30,balanced_accuracy,0.972486,"{""max_depth"": 15, ""max_features"": null, ""min_samples_split"": 7, ""n_estimators"": 77}"
2026-07-06T16:28:07+00:00,rf,moons,TPE,0,31,balanced_accuracy,0.972486,"{""max_depth"": 16, ""max_features"": null, ""min_samples_split"": 8, ""n_estimators"": 54}"
2026-07-06T16:28:07+00:00,rf,moons,TPE,0,32,balanced_accuracy,0.972486,"{""max_depth"": 18, ""max_features"": null, ""min_samples_split"": 9, ""n_estimators"": 74}"
2026-07-06T16:28:07+00:00,rf,moons,TPE,0,33,balanced_accuracy,0.972486,"{""max_depth"": 19, ""max_features"": null, ""min_samples_split"": 7, ""n_estimators"": 113}"
2026-07-06T16:28:07+00:00,rf,moons,TPE,0,34,balanced_accuracy,0.972486,"{""max_depth"": 12, ""max_features"": null, ""min_samples_split"": 9, ""n_estimators"": 70}"
2026-07-06T16:28:07+00:00,rf,moons,TPE,0,35,balanced_accuracy,0.972486,"{""max_depth"": 14, ""max_features"": null, ""min_samples_split"": 5, ""n_estimators"": 159}"
2026-07-06T16:28:07+00:00,rf,moons,TPE,0,36,balanced_accuracy,0.972448,"{""max_depth"": 19, ""max_features"": null, ""min_samples_split"": 4, ""n_estimators"": 105}"
2026-07-06T16:28:07+00:00,rf,moons,TPE,0,37,balanced_accuracy,0.967511,"{""max_depth"": 17, ""max_features"": ""sqrt"", ""min_samples_split"": 6, ""n_estimators"": 187}"
2026-07-06T16:28:07+00:00,rf,moons,TPE,0,38,balanced_accuracy,0.960048,"{""max_depth"": 17, ""max_features"": ""log2"", ""min_samples_split"": 12, ""n_estimators"": 51}"
2026-07-06T16:28:07+00:00,rf,moons,TPE,0,39,balanced_accuracy,0.962536,"{""max_depth"": 15, ""max_features"": ""sqrt"", ""min_samples_split"": 11, ""n_estimators"": 219}"
2026-07-06T16:28:07+00:00,rf,moons,TPE,0,40,balanced_accuracy,0.972486,"{""max_depth"": 13, ""max_features"": null, ""min_samples_split"": 8, ""n_estimators"": 88}"
2026-07-06T16:28:07+00:00,rf,moons,TPE,0,41,balanced_accuracy,0.972486,"{""max_depth"": 9, ""max_features"": null, ""min_samples_split"": 10, ""n_estimators"": 95}"
2026-07-06T16:28:07+00:00,rf,moons,TPE,0,42,balanced_accuracy,0.969998,"{""max_depth"": 10, ""max_features"": null, ""min_samples_split"": 10, ""n_estimators"": 121}"
2026-07-06T16:28:07+00:00,rf,moons,TPE,0,43,balanced_accuracy,0.972486,"{""max_depth"": 10, ""max_features"": null, ""min_samples_split"": 9, ""n_estimators"": 73}"
2026-07-06T16:28:07+00:00,rf,moons,TPE,0,44,balanced_accuracy,0.969998,"{""max_depth"": 8, ""max_features"": null, ""min_samples_split"": 11, ""n_estimators"": 141}"
2026-07-06T16:28:07+00:00,rf,moons,TPE,0,45,balanced_accuracy,0.969998,"{""max_depth"": 12, ""max_features"": null, ""min_samples_split"": 14, ""n_estimators"": 96}"
2026-07-06T16:28:07+00:00,rf,moons,TPE,0,46,balanced_accuracy,0.967511,"{""max_depth"": 7, ""max_features"": ""log2"", ""min_samples_split"": 6, ""n_estimators"": 68}"
2026-07-06T16:28:07+00:00,rf,moons,TPE,0,47,balanced_accuracy,0.972486,"{""max_depth"": 11, ""max_features"": null, ""min_samples_split"": 7, ""n_estimators"": 151}"
2026-07-06T16:28:07+00:00,rf,moons,TPE,0,48,balanced_accuracy,0.967511,"{""max_depth"": 18, ""max_features"": ""sqrt"", ""min_samples_split"": 9, ""n_estimators"": 116}"
2026-07-06T16:28:07+00:00,rf,moons,TPE,0,49,balanced_accuracy,0.969961,"{""max_depth"": 9, ""max_features"": null, ""min_samples_split"": 4, ""n_estimators"": 89}"
2026-07-06T16:28:08+00:00,svm_linear,moons,TPE,0,0,balanced_accuracy,0.847769,"{""C"": 1.96282248134428}"
2026-07-06T16:28:08+00:00,svm_linear,moons,TPE,0,1,balanced_accuracy,0.855307,"{""C"": 19.549524484259873}"
2026-07-06T16:28:08+00:00,svm_linear,moons,TPE,0,2,balanced_accuracy,0.850256,"{""C"": 4.135997393839888}"
2026-07-06T16:28:08+00:00,svm_linear,moons,TPE,0,3,balanced_accuracy,0.847769,"{""C"": 1.8590843630169627}"
2026-07-06T16:28:08+00:00,svm_linear,moons,TPE,0,4,balanced_accuracy,0.850294,"{""C"": 0.348280208702833}"
2026-07-06T16:28:08+00:00,svm_linear,moons,TPE,0,5,balanced_accuracy,0.855307,"{""C"": 7.505241622349544}"
2026-07-06T16:28:08+00:00,svm_linear,moons,TPE,0,6,balanced_accuracy,0.850294,"{""C"": 0.4222048983149828}"
2026-07-06T16:28:08+00:00,svm_linear,moons,TPE,0,7,balanced_accuracy,0.855307,"{""C"": 224.2012371372442}"
2026-07-06T16:28:08+00:00,svm_linear,moons,TPE,0,8,balanced_accuracy,0.855307,"{""C"": 605.3082080079017}"
2026-07-06T16:28:08+00:00,svm_linear,moons,TPE,0,9,balanced_accuracy,0.842794,"{""C"": 0.1998246739232945}"
2026-07-06T16:28:08+00:00,svm_linear,moons,TPE,0,10,balanced_accuracy,0.611940,"{""C"": 0.0013243623620587995}"
2026-07-06T16:28:08+00:00,svm_linear,moons,TPE,0,11,balanced_accuracy,0.855307,"{""C"": 38.7243731605857}"
2026-07-06T16:28:08+00:00,svm_linear,moons,TPE,0,12,balanced_accuracy,0.855307,"{""C"": 25.36039379566478}"
2026-07-06T16:28:08+00:00,svm_linear,moons,TPE,0,13,balanced_accuracy,0.830280,"{""C"": 0.01768694545432142}"
2026-07-06T16:28:08+00:00,svm_linear,moons,TPE,0,14,balanced_accuracy,0.855307,"{""C"": 30.0936999522138}"
2026-07-06T16:28:08+00:00,svm_linear,moons,TPE,0,15,balanced_accuracy,0.855307,"{""C"": 112.1688492524052}"
2026-07-06T16:28:08+00:00,svm_linear,moons,TPE,0,16,balanced_accuracy,0.850256,"{""C"": 4.396856413795912}"
2026-07-06T16:28:08+00:00,svm_linear,moons,TPE,0,17,balanced_accuracy,0.855307,"{""C"": 8.24938712465597}"
2026-07-06T16:28:08+00:00,svm_linear,moons,TPE,0,18,balanced_accuracy,0.832768,"{""C"": 0.042759954711896545}"
2026-07-06T16:28:08+00:00,svm_linear,moons,TPE,0,19,balanced_accuracy,0.855307,"{""C"": 919.422877450404}"
2026-07-06T16:28:08+00:00,svm_linear,moons,TPE,0,20,balanced_accuracy,0.855307,"{""C"": 22.530075060407917}"
2026-07-06T16:28:08+00:00,svm_linear,moons,TPE,0,21,balanced_accuracy,0.855307,"{""C"": 154.43358374415857}"
2026-07-06T16:28:08+00:00,svm_linear,moons,TPE,0,22,balanced_accuracy,0.855307,"{""C"": 176.18098917536327}"
2026-07-06T16:28:08+00:00,svm_linear,moons,TPE,0,23,balanced_accuracy,0.855307,"{""C"": 119.66586058289089}"
2026-07-06T16:28:08+00:00,svm_linear,moons,TPE,0,24,balanced_accuracy,0.855307,"{""C"": 10.57349457483463}"
2026-07-06T16:28:08+00:00,svm_linear,moons,TPE,0,25,balanced_accuracy,0.855307,"{""C"": 360.09254743434826}"
2026-07-06T16:28:08+00:00,svm_linear,moons,TPE,0,26,balanced_accuracy,0.852819,"{""C"": 1.4745028456227285}"
2026-07-06T16:28:08+00:00,svm_linear,moons,TPE,0,27,balanced_accuracy,0.855307,"{""C"": 59.13896536050985}"
2026-07-06T16:28:08+00:00,svm_linear,moons,TPE,0,28,balanced_accuracy,0.855307,"{""C"": 10.354087662461637}"
2026-07-06T16:28:08+00:00,svm_linear,moons,TPE,0,29,balanced_accuracy,0.852819,"{""C"": 0.8814535500692825}"
2026-07-06T16:28:08+00:00,svm_linear,moons,TPE,0,30,balanced_accuracy,0.855307,"{""C"": 347.14613063289994}"
2026-07-06T16:28:08+00:00,svm_linear,moons,TPE,0,31,balanced_accuracy,0.855307,"{""C"": 631.9281151521164}"
2026-07-06T16:28:08+00:00,svm_linear,moons,TPE,0,32,balanced_accuracy,0.855307,"{""C"": 352.1984273114642}"
2026-07-06T16:28:08+00:00,svm_linear,moons,TPE,0,33,balanced_accuracy,0.855307,"{""C"": 65.3893545843444}"
2026-07-06T16:28:08+00:00,svm_linear,moons,TPE,0,34,balanced_accuracy,0.850256,"{""C"": 3.783038297990506}"
2026-07-06T16:28:08+00:00,svm_linear,moons,TPE,0,35,balanced_accuracy,0.855307,"{""C"": 886.6328767287756}"
2026-07-06T16:28:08+00:00,svm_linear,moons,TPE,0,36,balanced_accuracy,0.855307,"{""C"": 227.96008690782307}"
2026-07-06T16:28:08+00:00,svm_linear,moons,TPE,0,37,balanced_accuracy,0.855307,"{""C"": 72.81308195332323}"
2026-07-06T16:28:08+00:00,svm_linear,moons,TPE,0,38,balanced_accuracy,0.855307,"{""C"": 16.585381679250517}"
2026-07-06T16:28:08+00:00,svm_linear,moons,TPE,0,39,balanced_accuracy,0.847769,"{""C"": 2.152528898380607}"
2026-07-06T16:28:08+00:00,svm_linear,moons,TPE,0,40,balanced_accuracy,0.611940,"{""C"": 0.0012752749191656152}"
2026-07-06T16:28:08+00:00,svm_linear,moons,TPE,0,41,balanced_accuracy,0.855307,"{""C"": 49.150812436103344}"
2026-07-06T16:28:08+00:00,svm_linear,moons,TPE,0,42,balanced_accuracy,0.855307,"{""C"": 34.59888348779278}"
2026-07-06T16:28:08+00:00,svm_linear,moons,TPE,0,43,balanced_accuracy,0.855307,"{""C"": 7.450599909513458}"
2026-07-06T16:28:08+00:00,svm_linear,moons,TPE,0,44,balanced_accuracy,0.855307,"{""C"": 14.930666807799089}"
2026-07-06T16:28:08+00:00,svm_linear,moons,TPE,0,45,balanced_accuracy,0.850256,"{""C"": 4.428417135436596}"
2026-07-06T16:28:08+00:00,svm_linear,moons,TPE,0,46,balanced_accuracy,0.855307,"{""C"": 84.17183703048234}"
2026-07-06T16:28:08+00:00,svm_linear,moons,TPE,0,47,balanced_accuracy,0.855307,"{""C"": 34.200886362550285}"
2026-07-06T16:28:08+00:00,svm_linear,moons,TPE,0,48,balanced_accuracy,0.842794,"{""C"": 0.13132336256379062}"
2026-07-06T16:28:08+00:00,svm_linear,moons,TPE,0,49,balanced_accuracy,0.855307,"{""C"": 249.73131115614484}"
2026-07-06T16:28:08+00:00,svm_rbf,moons,TPE,0,0,balanced_accuracy,0.912596,"{""C"": 1.96282248134428, ""gamma"": 0.3766576841599298}"
2026-07-06T16:28:08+00:00,svm_rbf,moons,TPE,0,1,balanced_accuracy,0.852744,"{""C"": 4.135997393839888, ""gamma"": 0.05301709347576828}"
2026-07-06T16:28:08+00:00,svm_rbf,moons,TPE,0,2,balanced_accuracy,0.842794,"{""C"": 0.348280208702833, ""gamma"": 0.1696174638729098}"
2026-07-06T16:28:08+00:00,svm_rbf,moons,TPE,0,3,balanced_accuracy,0.970036,"{""C"": 0.4222048983149828, ""gamma"": 2.8765041432546945}"
2026-07-06T16:28:08+00:00,svm_rbf,moons,TPE,0,4,balanced_accuracy,0.857794,"{""C"": 605.3082080079017, ""gamma"": 0.008264328927007725}"
2026-07-06T16:28:08+00:00,svm_rbf,moons,TPE,0,5,balanced_accuracy,0.862807,"{""C"": 56.27949975223143, ""gamma"": 0.04410365667970985}"
2026-07-06T16:28:08+00:00,svm_rbf,moons,TPE,0,6,balanced_accuracy,0.972448,"{""C"": 2.5601615250028704, ""gamma"": 4.246031301768208}"
2026-07-06T16:28:08+00:00,svm_rbf,moons,TPE,0,7,balanced_accuracy,0.611940,"{""C"": 0.002668187524237051, ""gamma"": 0.00027267573880087313}"
2026-07-06T16:28:08+00:00,svm_rbf,moons,TPE,0,8,balanced_accuracy,0.634328,"{""C"": 0.001322240284589594, ""gamma"": 1.4557916623227765}"
2026-07-06T16:28:08+00:00,svm_rbf,moons,TPE,0,9,balanced_accuracy,0.969998,"{""C"": 46.659545670218456, ""gamma"": 2.239034272168371}"
2026-07-06T16:28:08+00:00,svm_rbf,moons,TPE,0,10,balanced_accuracy,0.611940,"{""C"": 0.03225653798696541, ""gamma"": 0.00018701299266516946}"
2026-07-06T16:28:08+00:00,svm_rbf,moons,TPE,0,11,balanced_accuracy,0.972524,"{""C"": 0.07083552500496189, ""gamma"": 7.191847953437322}"
2026-07-06T16:28:08+00:00,svm_rbf,moons,TPE,0,12,balanced_accuracy,0.902947,"{""C"": 0.037109651167789484, ""gamma"": 9.192673799362014}"
2026-07-06T16:28:08+00:00,svm_rbf,moons,TPE,0,13,balanced_accuracy,0.932723,"{""C"": 0.04148467842958253, ""gamma"": 8.510038804067815}"
2026-07-06T16:28:08+00:00,svm_rbf,moons,TPE,0,14,balanced_accuracy,0.957448,"{""C"": 8.870585674205907, ""gamma"": 0.5255168514996298}"
2026-07-06T16:28:08+00:00,svm_rbf,moons,TPE,0,15,balanced_accuracy,0.947497,"{""C"": 0.23330450991161472, ""gamma"": 1.2902979321986987}"
2026-07-06T16:28:08+00:00,svm_rbf,moons,TPE,0,16,balanced_accuracy,0.656716,"{""C"": 0.006972517285597914, ""gamma"": 7.7913156245174156}"
2026-07-06T16:28:08+00:00,svm_rbf,moons,TPE,0,17,balanced_accuracy,0.830280,"{""C"": 1.272131270057519, ""gamma"": 0.003436770956389966}"
2026-07-06T16:28:08+00:00,svm_rbf,moons,TPE,0,18,balanced_accuracy,0.962460,"{""C"": 24.691813227859296, ""gamma"": 0.44543807647269296}"
2026-07-06T16:28:08+00:00,svm_rbf,moons,TPE,0,19,balanced_accuracy,0.927521,"{""C"": 230.42441176708613, ""gamma"": 0.09472953558524651}"
2026-07-06T16:28:08+00:00,svm_rbf,moons,TPE,0,20,balanced_accuracy,0.967511,"{""C"": 0.11128856679635932, ""gamma"": 3.27980916376641}"
2026-07-06T16:28:08+00:00,svm_rbf,moons,TPE,0,21,balanced_accuracy,0.972486,"{""C"": 0.6296106056001318, ""gamma"": 3.0186945708645516}"
2026-07-06T16:28:08+00:00,svm_rbf,moons,TPE,0,22,balanced_accuracy,0.949985,"{""C"": 0.97388021308591, ""gamma"": 0.9591884630974236}"
2026-07-06T16:28:08+00:00,svm_rbf,moons,TPE,0,23,balanced_accuracy,0.972486,"{""C"": 6.637858749198924, ""gamma"": 3.4557988486183473}"
2026-07-06T16:28:08+00:00,svm_rbf,moons,TPE,0,24,balanced_accuracy,0.974974,"{""C"": 8.412734301757897, ""gamma"": 1.121314071616734}"
2026-07-06T16:28:08+00:00,svm_rbf,moons,TPE,0,25,balanced_accuracy,0.611940,"{""C"": 0.0076973107973361795, ""gamma"": 0.2995355708922525}"
2026-07-06T16:28:08+00:00,svm_rbf,moons,TPE,0,26,balanced_accuracy,0.902646,"{""C"": 0.10243762944372478, ""gamma"": 1.05165540881947}"
2026-07-06T16:28:08+00:00,svm_rbf,moons,TPE,0,27,balanced_accuracy,0.852744,"{""C"": 13.83425858195745, ""gamma"": 0.01247958802118467}"
2026-07-06T16:28:08+00:00,svm_rbf,moons,TPE,0,28,balanced_accuracy,0.611940,"{""C"": 0.7339531115985458, ""gamma"": 0.0006277218548234597}"
2026-07-06T16:28:08+00:00,svm_rbf,moons,TPE,0,29,balanced_accuracy,0.885233,"{""C"": 2.1096289087740234, ""gamma"": 0.2147339117918332}"
2026-07-06T16:28:08+00:00,svm_rbf,moons,TPE,0,30,balanced_accuracy,0.897671,"{""C"": 0.181129097816722, ""gamma"": 0.6879591338081413}"
2026-07-06T16:28:08+00:00,svm_rbf,moons,TPE,0,31,balanced_accuracy,0.972486,"{""C"": 4.321655757250845, ""gamma"": 4.136661251398144}"
2026-07-06T16:28:08+00:00,svm_rbf,moons,TPE,0,32,balanced_accuracy,0.972448,"{""C"": 5.287843258851795, ""gamma"": 1.9490160666409009}"
2026-07-06T16:28:08+00:00,svm_rbf,moons,TPE,0,33,balanced_accuracy,0.960011,"{""C"": 109.50916225334272, ""gamma"": 4.979894267627456}"
2026-07-06T16:28:08+00:00,svm_rbf,moons,TPE,0,34,balanced_accuracy,0.972486,"{""C"": 13.221021936077083, ""gamma"": 1.734568885683408}"
2026-07-06T16:28:08+00:00,svm_rbf,moons,TPE,0,35,balanced_accuracy,0.974974,"{""C"": 0.4228588036884762, ""gamma"": 4.920678012343816}"
2026-07-06T16:28:08+00:00,svm_rbf,moons,TPE,0,36,balanced_accuracy,0.974974,"{""C"": 0.6012113931465184, ""gamma"": 6.2450474759305346}"
2026-07-06T16:28:08+00:00,svm_rbf,moons,TPE,0,37,balanced_accuracy,0.656716,"{""C"": 0.016853272055689702, ""gamma"": 6.047130688829458}"
2026-07-06T16:28:08+00:00,svm_rbf,moons,TPE,0,38,balanced_accuracy,0.842794,"{""C"": 0.37702950718787015, ""gamma"": 0.1308673060581591}"
2026-07-06T16:28:08+00:00,svm_rbf,moons,TPE,0,39,balanced_accuracy,0.900158,"{""C"": 0.12683938767978106, ""gamma"": 0.8241208851127021}"
2026-07-06T16:28:08+00:00,svm_rbf,moons,TPE,0,40,balanced_accuracy,0.827831,"{""C"": 0.06721059192695968, ""gamma"": 0.03309988357749625}"
2026-07-06T16:28:08+00:00,svm_rbf,moons,TPE,0,41,balanced_accuracy,0.969998,"{""C"": 0.6414358604400089, ""gamma"": 2.6440636597409526}"
2026-07-06T16:28:08+00:00,svm_rbf,moons,TPE,0,42,balanced_accuracy,0.967473,"{""C"": 1.7890072076969756, ""gamma"": 9.123591788219294}"
2026-07-06T16:28:08+00:00,svm_rbf,moons,TPE,0,43,balanced_accuracy,0.974974,"{""C"": 0.840368669702516, ""gamma"": 5.2334819506074055}"
2026-07-06T16:28:08+00:00,svm_rbf,moons,TPE,0,44,balanced_accuracy,0.977499,"{""C"": 0.28317555846127035, ""gamma"": 4.678303074125105}"
2026-07-06T16:28:08+00:00,svm_rbf,moons,TPE,0,45,balanced_accuracy,0.954998,"{""C"": 0.2813409216311998, ""gamma"": 1.6168787912756397}"
2026-07-06T16:28:08+00:00,svm_rbf,moons,TPE,0,46,balanced_accuracy,0.972448,"{""C"": 2.643333231230836, ""gamma"": 4.547883713688336}"
2026-07-06T16:28:08+00:00,svm_rbf,moons,TPE,0,47,balanced_accuracy,0.970036,"{""C"": 0.5568353097039767, ""gamma"": 2.3390996632751984}"
2026-07-06T16:28:08+00:00,svm_rbf,moons,TPE,0,48,balanced_accuracy,0.947497,"{""C"": 2.584065742440856, ""gamma"": 0.6155305174874532}"
2026-07-06T16:28:08+00:00,svm_rbf,moons,TPE,0,49,balanced_accuracy,0.875245,"{""C"": 0.32667643795855233, ""gamma"": 0.3077490473370443}"
2026-07-06T16:28:13+00:00,xgboost,moons,TPE,0,0,balanced_accuracy,0.950098,"{""colsample_bytree"": 0.7118273996694524, ""learning_rate"": 0.05910317077425309, ""max_depth"": 7, ""n_estimators"": 297, ""reg_lambda"": 0.3833332156156664, ""subsample"": 0.7724415914984484}"
2026-07-06T16:28:13+00:00,xgboost,moons,TPE,0,1,balanced_accuracy,0.945047,"{""colsample_bytree"": 0.8958625190413323, ""learning_rate"": 0.1618191272832578, ""max_depth"": 10, ""n_estimators"": 247, ""reg_lambda"": 0.13049073550362397, ""subsample"": 0.6917207594128889}"
2026-07-06T16:28:13+00:00,xgboost,moons,TPE,0,2,balanced_accuracy,0.950136,"{""colsample_bytree"": 0.5101091987201629, ""learning_rate"": 0.1962524585239014, ""max_depth"": 2, ""n_estimators"": 306, ""reg_lambda"": 2.1403233140986067, ""subsample"": 0.5435646498507704}"
2026-07-06T16:28:13+00:00,xgboost,moons,TPE,0,3,balanced_accuracy,0.947535,"{""colsample_bytree"": 0.7307396811264659, ""learning_rate"": 0.14293072093890533, ""max_depth"": 10, ""n_estimators"": 400, ""reg_lambda"": 1.3246974647468452, ""subsample"": 0.8995792821083618}"
2026-07-06T16:28:13+00:00,xgboost,moons,TPE,0,4,balanced_accuracy,0.947610,"{""colsample_bytree"": 0.7609241608750359, ""learning_rate"": 0.038473523622807364, ""max_depth"": 3, ""n_estimators"": 103, ""reg_lambda"": 0.045566719139214756, ""subsample"": 0.972334458524792}"
2026-07-06T16:28:13+00:00,xgboost,moons,TPE,0,5,balanced_accuracy,0.952586,"{""colsample_bytree"": 0.5093949002181776, ""learning_rate"": 0.08276957557192281, ""max_depth"": 6, ""n_estimators"": 169, ""reg_lambda"": 0.2954894558726685, ""subsample"": 0.7842169744343243}"
2026-07-06T16:28:13+00:00,xgboost,moons,TPE,0,6,balanced_accuracy,0.955111,"{""colsample_bytree"": 0.679753950286893, ""learning_rate"": 0.03374584570073953, ""max_depth"": 10, ""n_estimators"": 326, ""reg_lambda"": 0.05599223654063348, ""subsample"": 0.8409101495517417}"
2026-07-06T16:28:13+00:00,xgboost,moons,TPE,0,7,balanced_accuracy,0.887796,"{""colsample_bytree"": 0.6051912805369204, ""learning_rate"": 0.0014098918363046988, ""max_depth"": 8, ""n_estimators"": 364, ""reg_lambda"": 0.0032787264983352763, ""subsample"": 0.8353189348090797}"
2026-07-06T16:28:13+00:00,xgboost,moons,TPE,0,8,balanced_accuracy,0.915234,"{""colsample_bytree"": 0.9941869190296131, ""learning_rate"": 0.007960781083787736, ""max_depth"": 7, ""n_estimators"": 192, ""reg_lambda"": 0.0025596420901526653, ""subsample"": 0.7193007567311602}"
2026-07-06T16:28:13+00:00,xgboost,moons,TPE,0,9,balanced_accuracy,0.900309,"{""colsample_bytree"": 0.7331553864281531, ""learning_rate"": 0.002509477090866099, ""max_depth"": 7, ""n_estimators"": 144, ""reg_lambda"": 0.009499535455183799, ""subsample"": 0.626645801269891}"
2026-07-06T16:28:13+00:00,xgboost,moons,TPE,0,10,balanced_accuracy,0.935135,"{""colsample_bytree"": 0.8754753493332532, ""learning_rate"": 0.013396466739632244, ""max_depth"": 4, ""n_estimators"": 474, ""reg_lambda"": 7.992355836571774, ""subsample"": 0.5100229215872223}"
2026-07-06T16:28:13+00:00,xgboost,moons,TPE,0,11,balanced_accuracy,0.925185,"{""colsample_bytree"": 0.501752894417769, ""learning_rate"": 0.035325292004064625, ""max_depth"": 5, ""n_estimators"": 76, ""reg_lambda"": 0.03295592043535435, ""subsample"": 0.8404307083440014}"
2026-07-06T16:28:13+00:00,xgboost,moons,TPE,0,12,balanced_accuracy,0.942673,"{""colsample_bytree"": 0.6134713682953417, ""learning_rate"": 0.013690893165841773, ""max_depth"": 5, ""n_estimators"": 200, ""reg_lambda"": 0.23791765206660107, ""subsample"": 0.8042739951551434}"
2026-07-06T16:28:13+00:00,xgboost,moons,TPE,0,13,balanced_accuracy,0.942522,"{""colsample_bytree"": 0.6208920950726727, ""learning_rate"": 0.0667958985302652, ""max_depth"": 9, ""n_estimators"": 453, ""reg_lambda"": 0.03973237701702337, ""subsample"": 0.9215691951091376}"
2026-07-06T16:28:13+00:00,xgboost,moons,TPE,0,14,balanced_accuracy,0.952623,"{""colsample_bytree"": 0.5617246319233118, ""learning_rate"": 0.025317650702412174, ""max_depth"": 6, ""n_estimators"": 327, ""reg_lambda"": 0.7624557532276504, ""subsample"": 0.7310322008194485}"
2026-07-06T16:28:13+00:00,xgboost,moons,TPE,0,15,balanced_accuracy,0.950173,"{""colsample_bytree"": 0.6624630353936944, ""learning_rate"": 0.017826366414651393, ""max_depth"": 9, ""n_estimators"": 348, ""reg_lambda"": 1.0725895121299605, ""subsample"": 0.6366432382328804}"
2026-07-06T16:28:13+00:00,xgboost,moons,TPE,0,16,balanced_accuracy,0.882858,"{""colsample_bytree"": 0.570159237481887, ""learning_rate"": 0.003800720704684823, ""max_depth"": 2, ""n_estimators"": 265, ""reg_lambda"": 0.013053891999954917, ""subsample"": 0.7373149994004357}"
2026-07-06T16:28:13+00:00,xgboost,moons,TPE,0,17,balanced_accuracy,0.942673,"{""colsample_bytree"": 0.8155480698204522, ""learning_rate"": 0.027933743352960297, ""max_depth"": 8, ""n_estimators"": 393, ""reg_lambda"": 8.434691974774154, ""subsample"": 0.8996655338729068}"
2026-07-06T16:28:13+00:00,xgboost,moons,TPE,0,18,balanced_accuracy,0.937660,"{""colsample_bytree"": 0.6599717015143836, ""learning_rate"": 0.007175584612982928, ""max_depth"": 5, ""n_estimators"": 432, ""reg_lambda"": 0.10415761699976152, ""subsample"": 0.6393033543812957}"
2026-07-06T16:28:13+00:00,xgboost,moons,TPE,0,19,balanced_accuracy,0.945085,"{""colsample_bytree"": 0.5649362168436802, ""learning_rate"": 0.02293946700909341, ""max_depth"": 9, ""n_estimators"": 330, ""reg_lambda"": 0.7001466970924148, ""subsample"": 0.8544289187730245}"
2026-07-06T16:28:13+00:00,xgboost,moons,TPE,0,20,balanced_accuracy,0.957598,"{""colsample_bytree"": 0.6760794814161915, ""learning_rate"": 0.08898187081969756, ""max_depth"": 4, ""n_estimators"": 244, ""reg_lambda"": 3.1488667133168757, ""subsample"": 0.9662151687849919}"
2026-07-06T16:28:13+00:00,xgboost,moons,TPE,0,21,balanced_accuracy,0.952623,"{""colsample_bytree"": 0.6804653298133838, ""learning_rate"": 0.2808955568184223, ""max_depth"": 4, ""n_estimators"": 252, ""reg_lambda"": 3.3246579999013988, ""subsample"": 0.9958466642947553}"
2026-07-06T16:28:13+00:00,xgboost,moons,TPE,0,22,balanced_accuracy,0.957598,"{""colsample_bytree"": 0.7864950508075077, ""learning_rate"": 0.09211672364729467, ""max_depth"": 3, ""n_estimators"": 225, ""reg_lambda"": 3.291177150457069, ""subsample"": 0.9432398600183366}"
2026-07-06T16:28:13+00:00,xgboost,moons,TPE,0,23,balanced_accuracy,0.957598,"{""colsample_bytree"": 0.7991141205367955, ""learning_rate"": 0.10681681047116368, ""max_depth"": 3, ""n_estimators"": 229, ""reg_lambda"": 4.649587523614536, ""subsample"": 0.9371831786607111}"
2026-07-06T16:28:13+00:00,xgboost,moons,TPE,0,24,balanced_accuracy,0.957598,"{""colsample_bytree"": 0.7977834976510162, ""learning_rate"": 0.10698957123190704, ""max_depth"": 3, ""n_estimators"": 211, ""reg_lambda"": 4.027682873400477, ""subsample"": 0.9555996460377435}"
2026-07-06T16:28:13+00:00,xgboost,moons,TPE,0,25,balanced_accuracy,0.942635,"{""colsample_bytree"": 0.8649518861958705, ""learning_rate"": 0.05284482121512047, ""max_depth"": 3, ""n_estimators"": 136, ""reg_lambda"": 3.6748574326713737, ""subsample"": 0.9498723177406969}"
2026-07-06T16:28:13+00:00,xgboost,moons,TPE,0,26,balanced_accuracy,0.955073,"{""colsample_bytree"": 0.7938406217303848, ""learning_rate"": 0.10624256658342268, ""max_depth"": 4, ""n_estimators"": 228, ""reg_lambda"": 9.861805777396789, ""subsample"": 0.9967766641518081}"
2026-07-06T16:28:13+00:00,xgboost,moons,TPE,0,27,balanced_accuracy,0.955111,"{""colsample_bytree"": 0.8358645764258652, ""learning_rate"": 0.2260064036177222, ""max_depth"": 2, ""n_estimators"": 280, ""reg_lambda"": 1.9435927956718693, ""subsample"": 0.9147006991180703}"
2026-07-06T16:28:13+00:00,xgboost,moons,TPE,0,28,balanced_accuracy,0.955073,"{""colsample_bytree"": 0.9422998844071516, ""learning_rate"": 0.11841552772022118, ""max_depth"": 3, ""n_estimators"": 167, ""reg_lambda"": 5.179212015418216, ""subsample"": 0.8753948077464969}"
2026-07-06T16:28:13+00:00,xgboost,moons,TPE,0,29,balanced_accuracy,0.955073,"{""colsample_bytree"": 0.7625830272217535, ""learning_rate"": 0.05736689559922025, ""max_depth"": 4, ""n_estimators"": 289, ""reg_lambda"": 2.169814766544978, ""subsample"": 0.9490476254012631}"
2026-07-06T16:28:13+00:00,xgboost,moons,TPE,0,30,balanced_accuracy,0.952623,"{""colsample_bytree"": 0.7086687777393881, ""learning_rate"": 0.08637823800413957, ""max_depth"": 3, ""n_estimators"": 236, ""reg_lambda"": 0.5064830664635427, ""subsample"": 0.9337098444135781}"
2026-07-06T16:28:13+00:00,xgboost,moons,TPE,0,31,balanced_accuracy,0.957598,"{""colsample_bytree"": 0.7816646613745402, ""learning_rate"": 0.10865770339907302, ""max_depth"": 3, ""n_estimators"": 206, ""reg_lambda"": 4.266285415180234, ""subsample"": 0.9662537168900055}"
2026-07-06T16:28:13+00:00,xgboost,moons,TPE,0,32,balanced_accuracy,0.952623,"{""colsample_bytree"": 0.8447299591762548, ""learning_rate"": 0.14942267374272442, ""max_depth"": 2, ""n_estimators"": 227, ""reg_lambda"": 1.442680920335518, ""subsample"": 0.8854613092058864}"
2026-07-06T16:28:13+00:00,xgboost,moons,TPE,0,33,balanced_accuracy,0.942635,"{""colsample_bytree"": 0.8122763085208216, ""learning_rate"": 0.0506373968184564, ""max_depth"": 4, ""n_estimators"": 172, ""reg_lambda"": 5.631912364685154, ""subsample"": 0.9673623231337605}"
2026-07-06T16:28:13+00:00,xgboost,moons,TPE,0,34,balanced_accuracy,0.952623,"{""colsample_bytree"": 0.9066713576940857, ""learning_rate"": 0.18440176007463088, ""max_depth"": 3, ""n_estimators"": 212, ""reg_lambda"": 2.868275457911282, ""subsample"": 0.9241109135930179}"
2026-07-06T16:28:13+00:00,xgboost,moons,TPE,0,35,balanced_accuracy,0.952586,"{""colsample_bytree"": 0.741967510969836, ""learning_rate"": 0.29227682239270775, ""max_depth"": 2, ""n_estimators"": 264, ""reg_lambda"": 1.1198225649302351, ""subsample"": 0.9981597188969469}"
2026-07-06T16:28:13+00:00,xgboost,moons,TPE,0,36,balanced_accuracy,0.950098,"{""colsample_bytree"": 0.7144576605179318, ""learning_rate"": 0.08890580384610544, ""max_depth"": 5, ""n_estimators"": 119, ""reg_lambda"": 2.0939365415656774, ""subsample"": 0.8733183827984204}"
2026-07-06T16:28:13+00:00,xgboost,moons,TPE,0,37,balanced_accuracy,0.952623,"{""colsample_bytree"": 0.9139188349420537, ""learning_rate"": 0.1502400778933919, ""max_depth"": 4, ""n_estimators"": 296, ""reg_lambda"": 5.027403917247266, ""subsample"": 0.9476080833790921}"
2026-07-06T16:28:13+00:00,xgboost,moons,TPE,0,38,balanced_accuracy,0.952623,"{""colsample_bytree"": 0.7704450268910433, ""learning_rate"": 0.0776615145202036, ""max_depth"": 3, ""n_estimators"": 243, ""reg_lambda"": 0.5207222819102083, ""subsample"": 0.9013661105374291}"
2026-07-06T16:28:13+00:00,xgboost,moons,TPE,0,39,balanced_accuracy,0.947610,"{""colsample_bytree"": 0.828393042542407, ""learning_rate"": 0.044867659256749785, ""max_depth"": 2, ""n_estimators"": 184, ""reg_lambda"": 1.520375118693327, ""subsample"": 0.9717459030690168}"
2026-07-06T16:28:13+00:00,xgboost,moons,TPE,0,40,balanced_accuracy,0.952586,"{""colsample_bytree"": 0.9530512005918921, ""learning_rate"": 0.21684795676501606, ""max_depth"": 3, ""n_estimators"": 54, ""reg_lambda"": 0.23942340792378167, ""subsample"": 0.864090753548858}"
2026-07-06T16:28:13+00:00,xgboost,moons,TPE,0,41,balanced_accuracy,0.955111,"{""colsample_bytree"": 0.7918970905716124, ""learning_rate"": 0.10922716425031187, ""max_depth"": 3, ""n_estimators"": 207, ""reg_lambda"": 3.293358254684346, ""subsample"": 0.9701416743686981}"
2026-07-06T16:28:13+00:00,xgboost,moons,TPE,0,42,balanced_accuracy,0.955073,"{""colsample_bytree"": 0.7832372342628615, ""learning_rate"": 0.1311672122600542, ""max_depth"": 4, ""n_estimators"": 160, ""reg_lambda"": 6.337393468570012, ""subsample"": 0.9396499590070588}"
2026-07-06T16:28:13+00:00,xgboost,moons,TPE,0,43,balanced_accuracy,0.957561,"{""colsample_bytree"": 0.8629140080366181, ""learning_rate"": 0.06487409211137751, ""max_depth"": 3, ""n_estimators"": 217, ""reg_lambda"": 3.5705159560689324, ""subsample"": 0.962785896049394}"
2026-07-06T16:28:13+00:00,xgboost,moons,TPE,0,44,balanced_accuracy,0.950060,"{""colsample_bytree"": 0.7555238679260352, ""learning_rate"": 0.10085679840141822, ""max_depth"": 2, ""n_estimators"": 270, ""reg_lambda"": 9.842162526886238, ""subsample"": 0.9086369912723615}"
2026-07-06T16:28:13+00:00,xgboost,moons,TPE,0,45,balanced_accuracy,0.945123,"{""colsample_bytree"": 0.7079788114900937, ""learning_rate"": 0.04048247367346965, ""max_depth"": 4, ""n_estimators"": 191, ""reg_lambda"": 2.415874228124287, ""subsample"": 0.980972972805698}"
2026-07-06T16:28:13+00:00,xgboost,moons,TPE,0,46,balanced_accuracy,0.947573,"{""colsample_bytree"": 0.8094440654079967, ""learning_rate"": 0.06924416574074925, ""max_depth"": 5, ""n_estimators"": 311, ""reg_lambda"": 0.0012665659232294364, ""subsample"": 0.9299696452166585}"
2026-07-06T16:28:13+00:00,xgboost,moons,TPE,0,47,balanced_accuracy,0.957598,"{""colsample_bytree"": 0.8820955611486831, ""learning_rate"": 0.1683635041632629, ""max_depth"": 3, ""n_estimators"": 147, ""reg_lambda"": 4.386316228924298, ""subsample"": 0.8218896083936971}"
2026-07-06T16:28:13+00:00,xgboost,moons,TPE,0,48,balanced_accuracy,0.955111,"{""colsample_bytree"": 0.6400808866822627, ""learning_rate"": 0.12136454444314353, ""max_depth"": 6, ""n_estimators"": 251, ""reg_lambda"": 0.9483240215451061, ""subsample"": 0.8914552951926634}"
2026-07-06T16:28:13+00:00,xgboost,moons,TPE,0,49,balanced_accuracy,0.942673,"{""colsample_bytree"": 0.7356021188313826, ""learning_rate"": 0.08512987550742138, ""max_depth"": 2, ""n_estimators"": 99, ""reg_lambda"": 6.554639254640228, ""subsample"": 0.9542172937478299}"
2026-07-06T16:28:14+00:00,knn,wine_binary,TPE,0,0,balanced_accuracy,0.991228,"{""n_neighbors"": 17, ""p"": 1, ""weights"": ""uniform""}"
2026-07-06T16:28:14+00:00,knn,wine_binary,TPE,0,1,balanced_accuracy,1.000000,"{""n_neighbors"": 20, ""p"": 1, ""weights"": ""distance""}"
2026-07-06T16:28:14+00:00,knn,wine_binary,TPE,0,2,balanced_accuracy,1.000000,"{""n_neighbors"": 24, ""p"": 1, ""weights"": ""distance""}"
2026-07-06T16:28:14+00:00,knn,wine_binary,TPE,0,3,balanced_accuracy,0.978408,"{""n_neighbors"": 3, ""p"": 2, ""weights"": ""distance""}"
2026-07-06T16:28:14+00:00,knn,wine_binary,TPE,0,4,balanced_accuracy,1.000000,"{""n_neighbors"": 30, ""p"": 1, ""weights"": ""uniform""}"
2026-07-06T16:28:14+00:00,knn,wine_binary,TPE,0,5,balanced_accuracy,1.000000,"{""n_neighbors"": 20, ""p"": 1, ""weights"": ""distance""}"
2026-07-06T16:28:14+00:00,knn,wine_binary,TPE,0,6,balanced_accuracy,0.991228,"{""n_neighbors"": 8, ""p"": 1, ""weights"": ""uniform""}"
2026-07-06T16:28:14+00:00,knn,wine_binary,TPE,0,7,balanced_accuracy,1.000000,"{""n_neighbors"": 19, ""p"": 1, ""weights"": ""distance""}"
2026-07-06T16:28:14+00:00,knn,wine_binary,TPE,0,8,balanced_accuracy,0.981969,"{""n_neighbors"": 11, ""p"": 2, ""weights"": ""distance""}"
2026-07-06T16:28:14+00:00,knn,wine_binary,TPE,0,9,balanced_accuracy,0.991228,"{""n_neighbors"": 21, ""p"": 2, ""weights"": ""uniform""}"
2026-07-06T16:28:14+00:00,knn,wine_binary,TPE,0,10,balanced_accuracy,0.991228,"{""n_neighbors"": 29, ""p"": 2, ""weights"": ""distance""}"
2026-07-06T16:28:14+00:00,knn,wine_binary,TPE,0,11,balanced_accuracy,1.000000,"{""n_neighbors"": 25, ""p"": 1, ""weights"": ""distance""}"
2026-07-06T16:28:14+00:00,knn,wine_binary,TPE,0,12,balanced_accuracy,0.991228,"{""n_neighbors"": 14, ""p"": 1, ""weights"": ""distance""}"
2026-07-06T16:28:14+00:00,knn,wine_binary,TPE,0,13,balanced_accuracy,1.000000,"{""n_neighbors"": 23, ""p"": 1, ""weights"": ""distance""}"
2026-07-06T16:28:14+00:00,knn,wine_binary,TPE,0,14,balanced_accuracy,1.000000,"{""n_neighbors"": 26, ""p"": 1, ""weights"": ""distance""}"
2026-07-06T16:28:14+00:00,knn,wine_binary,TPE,0,15,balanced_accuracy,0.991228,"{""n_neighbors"": 16, ""p"": 1, ""weights"": ""distance""}"
2026-07-06T16:28:14+00:00,knn,wine_binary,TPE,0,16,balanced_accuracy,1.000000,"{""n_neighbors"": 26, ""p"": 1, ""weights"": ""distance""}"
2026-07-06T16:28:14+00:00,knn,wine_binary,TPE,0,17,balanced_accuracy,0.991228,"{""n_neighbors"": 11, ""p"": 1, ""weights"": ""distance""}"
2026-07-06T16:28:14+00:00,knn,wine_binary,TPE,0,18,balanced_accuracy,0.991228,"{""n_neighbors"": 23, ""p"": 2, ""weights"": ""uniform""}"
2026-07-06T16:28:14+00:00,knn,wine_binary,TPE,0,19,balanced_accuracy,1.000000,"{""n_neighbors"": 1, ""p"": 1, ""weights"": ""distance""}"
2026-07-06T16:28:14+00:00,knn,wine_binary,TPE,0,20,balanced_accuracy,0.991228,"{""n_neighbors"": 16, ""p"": 1, ""weights"": ""distance""}"
2026-07-06T16:28:14+00:00,knn,wine_binary,TPE,0,21,balanced_accuracy,1.000000,"{""n_neighbors"": 30, ""p"": 1, ""weights"": ""uniform""}"
2026-07-06T16:28:14+00:00,knn,wine_binary,TPE,0,22,balanced_accuracy,1.000000,"{""n_neighbors"": 28, ""p"": 1, ""weights"": ""uniform""}"
2026-07-06T16:28:14+00:00,knn,wine_binary,TPE,0,23,balanced_accuracy,1.000000,"{""n_neighbors"": 23, ""p"": 1, ""weights"": ""uniform""}"
2026-07-06T16:28:14+00:00,knn,wine_binary,TPE,0,24,balanced_accuracy,1.000000,"{""n_neighbors"": 28, ""p"": 1, ""weights"": ""uniform""}"
2026-07-06T16:28:14+00:00,knn,wine_binary,TPE,0,25,balanced_accuracy,1.000000,"{""n_neighbors"": 25, ""p"": 1, ""weights"": ""uniform""}"
2026-07-06T16:28:14+00:00,knn,wine_binary,TPE,0,26,balanced_accuracy,1.000000,"{""n_neighbors"": 30, ""p"": 2, ""weights"": ""uniform""}"
2026-07-06T16:28:14+00:00,knn,wine_binary,TPE,0,27,balanced_accuracy,1.000000,"{""n_neighbors"": 22, ""p"": 1, ""weights"": ""distance""}"
2026-07-06T16:28:14+00:00,knn,wine_binary,TPE,0,28,balanced_accuracy,1.000000,"{""n_neighbors"": 27, ""p"": 1, ""weights"": ""uniform""}"
2026-07-06T16:28:14+00:00,knn,wine_binary,TPE,0,29,balanced_accuracy,1.000000,"{""n_neighbors"": 18, ""p"": 1, ""weights"": ""uniform""}"
2026-07-06T16:28:14+00:00,knn,wine_binary,TPE,0,30,balanced_accuracy,1.000000,"{""n_neighbors"": 24, ""p"": 1, ""weights"": ""distance""}"
2026-07-06T16:28:14+00:00,knn,wine_binary,TPE,0,31,balanced_accuracy,1.000000,"{""n_neighbors"": 20, ""p"": 1, ""weights"": ""distance""}"
2026-07-06T16:28:14+00:00,knn,wine_binary,TPE,0,32,balanced_accuracy,1.000000,"{""n_neighbors"": 21, ""p"": 1, ""weights"": ""distance""}"
2026-07-06T16:28:14+00:00,knn,wine_binary,TPE,0,33,balanced_accuracy,0.991228,"{""n_neighbors"": 18, ""p"": 1, ""weights"": ""distance""}"
2026-07-06T16:28:14+00:00,knn,wine_binary,TPE,0,34,balanced_accuracy,0.991228,"{""n_neighbors"": 14, ""p"": 1, ""weights"": ""distance""}"
2026-07-06T16:28:14+00:00,knn,wine_binary,TPE,0,35,balanced_accuracy,1.000000,"{""n_neighbors"": 20, ""p"": 1, ""weights"": ""distance""}"
2026-07-06T16:28:14+00:00,knn,wine_binary,TPE,0,36,balanced_accuracy,0.981969,"{""n_neighbors"": 6, ""p"": 2, ""weights"": ""distance""}"
2026-07-06T16:28:14+00:00,knn,wine_binary,TPE,0,37,balanced_accuracy,0.991228,"{""n_neighbors"": 19, ""p"": 2, ""weights"": ""distance""}"
2026-07-06T16:28:14+00:00,knn,wine_binary,TPE,0,38,balanced_accuracy,0.991228,"{""n_neighbors"": 15, ""p"": 1, ""weights"": ""uniform""}"
2026-07-06T16:28:14+00:00,knn,wine_binary,TPE,0,39,balanced_accuracy,1.000000,"{""n_neighbors"": 22, ""p"": 1, ""weights"": ""distance""}"
2026-07-06T16:28:14+00:00,knn,wine_binary,TPE,0,40,balanced_accuracy,0.991228,"{""n_neighbors"": 13, ""p"": 2, ""weights"": ""distance""}"
2026-07-06T16:28:14+00:00,knn,wine_binary,TPE,0,41,balanced_accuracy,0.991228,"{""n_neighbors"": 18, ""p"": 1, ""weights"": ""distance""}"
2026-07-06T16:28:14+00:00,knn,wine_binary,TPE,0,42,balanced_accuracy,1.000000,"{""n_neighbors"": 20, ""p"": 1, ""weights"": ""distance""}"
2026-07-06T16:28:14+00:00,knn,wine_binary,TPE,0,43,balanced_accuracy,0.991228,"{""n_neighbors"": 17, ""p"": 1, ""weights"": ""distance""}"
2026-07-06T16:28:14+00:00,knn,wine_binary,TPE,0,44,balanced_accuracy,1.000000,"{""n_neighbors"": 25, ""p"": 1, ""weights"": ""distance""}"
2026-07-06T16:28:14+00:00,knn,wine_binary,TPE,0,45,balanced_accuracy,1.000000,"{""n_neighbors"": 21, ""p"": 1, ""weights"": ""distance""}"
2026-07-06T16:28:14+00:00,knn,wine_binary,TPE,0,46,balanced_accuracy,0.991228,"{""n_neighbors"": 11, ""p"": 1, ""weights"": ""distance""}"
2026-07-06T16:28:14+00:00,knn,wine_binary,TPE,0,47,balanced_accuracy,1.000000,"{""n_neighbors"": 24, ""p"": 1, ""weights"": ""distance""}"
2026-07-06T16:28:14+00:00,knn,wine_binary,TPE,0,48,balanced_accuracy,1.000000,"{""n_neighbors"": 27, ""p"": 1, ""weights"": ""uniform""}"
2026-07-06T16:28:14+00:00,knn,wine_binary,TPE,0,49,balanced_accuracy,0.991228,"{""n_neighbors"": 16, ""p"": 2, ""weights"": ""distance""}"
2026-07-06T16:28:14+00:00,logreg,wine_binary,TPE,0,0,balanced_accuracy,1.000000,"{""C"": 1.96282248134428}"
2026-07-06T16:28:14+00:00,logreg,wine_binary,TPE,0,1,balanced_accuracy,1.000000,"{""C"": 19.549524484259873}"
2026-07-06T16:28:14+00:00,logreg,wine_binary,TPE,0,2,balanced_accuracy,1.000000,"{""C"": 4.135997393839888}"
2026-07-06T16:28:14+00:00,logreg,wine_binary,TPE,0,3,balanced_accuracy,1.000000,"{""C"": 1.8590843630169627}"
2026-07-06T16:28:14+00:00,logreg,wine_binary,TPE,0,4,balanced_accuracy,1.000000,"{""C"": 0.348280208702833}"
2026-07-06T16:28:14+00:00,logreg,wine_binary,TPE,0,5,balanced_accuracy,1.000000,"{""C"": 7.505241622349544}"
2026-07-06T16:28:14+00:00,logreg,wine_binary,TPE,0,6,balanced_accuracy,1.000000,"{""C"": 0.4222048983149828}"
2026-07-06T16:28:14+00:00,logreg,wine_binary,TPE,0,7,balanced_accuracy,1.000000,"{""C"": 224.2012371372442}"
2026-07-06T16:28:14+00:00,logreg,wine_binary,TPE,0,8,balanced_accuracy,1.000000,"{""C"": 605.3082080079017}"
2026-07-06T16:28:14+00:00,logreg,wine_binary,TPE,0,9,balanced_accuracy,1.000000,"{""C"": 0.1998246739232945}"
2026-07-06T16:28:14+00:00,logreg,wine_binary,TPE,0,10,balanced_accuracy,0.500000,"{""C"": 0.00243777399563589}"
2026-07-06T16:28:14+00:00,logreg,wine_binary,TPE,0,11,balanced_accuracy,1.000000,"{""C"": 25.06548319168148}"
2026-07-06T16:28:14+00:00,logreg,wine_binary,TPE,0,12,balanced_accuracy,1.000000,"{""C"": 63.515467168009415}"
2026-07-06T16:28:14+00:00,logreg,wine_binary,TPE,0,13,balanced_accuracy,1.000000,"{""C"": 0.02460223350968428}"
2026-07-06T16:28:14+00:00,logreg,wine_binary,TPE,0,14,balanced_accuracy,1.000000,"{""C"": 47.16351267972005}"
2026-07-06T16:28:14+00:00,logreg,wine_binary,TPE,0,15,balanced_accuracy,1.000000,"{""C"": 0.058772589412190525}"
2026-07-06T16:28:14+00:00,logreg,wine_binary,TPE,0,16,balanced_accuracy,1.000000,"{""C"": 1.8810288872532541}"
2026-07-06T16:28:14+00:00,logreg,wine_binary,TPE,0,17,balanced_accuracy,1.000000,"{""C"": 15.816896927950971}"
2026-07-06T16:28:14+00:00,logreg,wine_binary,TPE,0,18,balanced_accuracy,0.500000,"{""C"": 0.001197550042181826}"
2026-07-06T16:28:14+00:00,logreg,wine_binary,TPE,0,19,balanced_accuracy,1.000000,"{""C"": 144.90672475864605}"
2026-07-06T16:28:14+00:00,logreg,wine_binary,TPE,0,20,balanced_accuracy,1.000000,"{""C"": 1.8664607424358177}"
2026-07-06T16:28:14+00:00,logreg,wine_binary,TPE,0,21,balanced_accuracy,1.000000,"{""C"": 5.065601860988748}"
2026-07-06T16:28:14+00:00,logreg,wine_binary,TPE,0,22,balanced_accuracy,1.000000,"{""C"": 5.572750726499077}"
2026-07-06T16:28:14+00:00,logreg,wine_binary,TPE,0,23,balanced_accuracy,1.000000,"{""C"": 0.9709502419607605}"
2026-07-06T16:28:14+00:00,logreg,wine_binary,TPE,0,24,balanced_accuracy,1.000000,"{""C"": 0.06414829104982371}"
2026-07-06T16:28:14+00:00,logreg,wine_binary,TPE,0,25,balanced_accuracy,1.000000,"{""C"": 17.094712675141686}"
2026-07-06T16:28:14+00:00,logreg,wine_binary,TPE,0,26,balanced_accuracy,1.000000,"{""C"": 5.794754675463547}"
2026-07-06T16:28:14+00:00,logreg,wine_binary,TPE,0,27,balanced_accuracy,1.000000,"{""C"": 83.1534341087804}"
2026-07-06T16:28:14+00:00,logreg,wine_binary,TPE,0,28,balanced_accuracy,1.000000,"{""C"": 333.23116239550245}"
2026-07-06T16:28:14+00:00,logreg,wine_binary,TPE,0,29,balanced_accuracy,1.000000,"{""C"": 1.0058002631433376}"
2026-07-06T16:28:14+00:00,logreg,wine_binary,TPE,0,30,balanced_accuracy,1.000000,"{""C"": 3.6369730684629435}"
2026-07-06T16:28:14+00:00,logreg,wine_binary,TPE,0,31,balanced_accuracy,1.000000,"{""C"": 0.3463624953823627}"
2026-07-06T16:28:14+00:00,logreg,wine_binary,TPE,0,32,balanced_accuracy,1.000000,"{""C"": 10.359248649229857}"
2026-07-06T16:28:14+00:00,logreg,wine_binary,TPE,0,33,balanced_accuracy,1.000000,"{""C"": 2.018771412628203}"
2026-07-06T16:28:14+00:00,logreg,wine_binary,TPE,0,34,balanced_accuracy,1.000000,"{""C"": 0.47216797452417336}"
2026-07-06T16:28:14+00:00,logreg,wine_binary,TPE,0,35,balanced_accuracy,1.000000,"{""C"": 31.46618819278757}"
2026-07-06T16:28:14+00:00,logreg,wine_binary,TPE,0,36,balanced_accuracy,1.000000,"{""C"": 0.10567508428017551}"
2026-07-06T16:28:14+00:00,logreg,wine_binary,TPE,0,37,balanced_accuracy,1.000000,"{""C"": 0.7653836433005766}"
2026-07-06T16:28:14+00:00,logreg,wine_binary,TPE,0,38,balanced_accuracy,0.974359,"{""C"": 0.011357325966314457}"
2026-07-06T16:28:14+00:00,logreg,wine_binary,TPE,0,39,balanced_accuracy,1.000000,"{""C"": 838.0355529448648}"
2026-07-06T16:28:14+00:00,logreg,wine_binary,TPE,0,40,balanced_accuracy,1.000000,"{""C"": 9.266404284387805}"
2026-07-06T16:28:14+00:00,logreg,wine_binary,TPE,0,41,balanced_accuracy,1.000000,"{""C"": 2.5856135812020837}"
2026-07-06T16:28:14+00:00,logreg,wine_binary,TPE,0,42,balanced_accuracy,1.000000,"{""C"": 0.1552148066596127}"
2026-07-06T16:28:14+00:00,logreg,wine_binary,TPE,0,43,balanced_accuracy,1.000000,"{""C"": 0.32603285287247474}"
2026-07-06T16:28:14+00:00,logreg,wine_binary,TPE,0,44,balanced_accuracy,1.000000,"{""C"": 1.1288497253331349}"
2026-07-06T16:28:14+00:00,logreg,wine_binary,TPE,0,45,balanced_accuracy,1.000000,"{""C"": 0.4599774772144907}"
2026-07-06T16:28:14+00:00,logreg,wine_binary,TPE,0,46,balanced_accuracy,1.000000,"{""C"": 15.91867158831956}"
2026-07-06T16:28:14+00:00,logreg,wine_binary,TPE,0,47,balanced_accuracy,1.000000,"{""C"": 0.025382352250452586}"
2026-07-06T16:28:14+00:00,logreg,wine_binary,TPE,0,48,balanced_accuracy,1.000000,"{""C"": 37.40768572338116}"
2026-07-06T16:28:14+00:00,logreg,wine_binary,TPE,0,49,balanced_accuracy,1.000000,"{""C"": 3.5237778180726433}"
2026-07-06T16:28:23+00:00,mlp,wine_binary,TPE,0,0,balanced_accuracy,0.991228,"{""alpha"": 0.0037665768415992965, ""hidden_layer_sizes"": [19], ""learning_rate_init"": 0.006431172050131994}"
2026-07-06T16:28:23+00:00,mlp,wine_binary,TPE,0,1,balanced_accuracy,1.000000,"{""alpha"": 0.0001313028028065861, ""hidden_layer_sizes"": [18], ""learning_rate_init"": 0.008663279761354562}"
2026-07-06T16:28:23+00:00,mlp,wine_binary,TPE,0,2,balanced_accuracy,1.000000,"{""alpha"": 0.028765041432546982, ""hidden_layer_sizes"": [15], ""learning_rate_init"": 0.07780155576901421}"
2026-07-06T16:28:23+00:00,mlp,wine_binary,TPE,0,3,balanced_accuracy,0.978408,"{""alpha"": 0.009091283280651459, ""hidden_layer_sizes"": [13], ""learning_rate_init"": 0.003860866271460547}"
2026-07-06T16:28:23+00:00,mlp,wine_binary,TPE,0,4,balanced_accuracy,0.981969,"{""alpha"": 0.04246031301768214, ""hidden_layer_sizes"": [19], ""learning_rate_init"": 0.00016334587611069497}"
2026-07-06T16:28:23+00:00,mlp,wine_binary,TPE,0,5,balanced_accuracy,1.000000,"{""alpha"": 1.2620948285169311e-06, ""hidden_layer_sizes"": [4], ""learning_rate_init"": 0.03146730406166007}"
2026-07-06T16:28:23+00:00,mlp,wine_binary,TPE,0,6,balanced_accuracy,1.000000,"{""alpha"": 0.022390342721683703, ""hidden_layer_sizes"": [26], ""learning_rate_init"": 0.08626905220714905}"
2026-07-06T16:28:23+00:00,mlp,wine_binary,TPE,0,7,balanced_accuracy,1.000000,"{""alpha"": 0.00020295362430434728, ""hidden_layer_sizes"": [26], ""learning_rate_init"": 0.02195773446539457}"
2026-07-06T16:28:23+00:00,mlp,wine_binary,TPE,0,8,balanced_accuracy,0.981969,"{""alpha"": 0.0015834527427829746, ""hidden_layer_sizes"": [5], ""learning_rate_init"": 0.00026919058249260725}"
2026-07-06T16:28:23+00:00,mlp,wine_binary,TPE,0,9,balanced_accuracy,1.000000,"{""alpha"": 0.0004066695065393846, ""hidden_layer_sizes"": [31], ""learning_rate_init"": 0.0017538232373118048}"
2026-07-06T16:28:23+00:00,mlp,wine_binary,TPE,0,10,balanced_accuracy,1.000000,"{""alpha"": 8.967691581608022e-06, ""hidden_layer_sizes"": [9], ""learning_rate_init"": 0.0007786964913593174}"
2026-07-06T16:28:23+00:00,mlp,wine_binary,TPE,0,11,balanced_accuracy,1.000000,"{""alpha"": 3.817283968957088e-05, ""hidden_layer_sizes"": [16], ""learning_rate_init"": 0.0934509859122585}"
2026-07-06T16:28:23+00:00,mlp,wine_binary,TPE,0,12,balanced_accuracy,0.991228,"{""alpha"": 0.0728319901438032, ""hidden_layer_sizes"": [13], ""learning_rate_init"": 0.01363012507927378}"
2026-07-06T16:28:23+00:00,mlp,wine_binary,TPE,0,13,balanced_accuracy,0.991228,"{""alpha"": 5.8913545989069274e-05, ""hidden_layer_sizes"": [22], ""learning_rate_init"": 0.03929803859534962}"
2026-07-06T16:28:23+00:00,mlp,wine_binary,TPE,0,14,balanced_accuracy,1.000000,"{""alpha"": 0.0010839323080470847, ""hidden_layer_sizes"": [11], ""learning_rate_init"": 0.006064327207510988}"
2026-07-06T16:28:23+00:00,mlp,wine_binary,TPE,0,15,balanced_accuracy,0.991228,"{""alpha"": 4.17937040149477e-06, ""hidden_layer_sizes"": [17], ""learning_rate_init"": 0.01194220725244529}"
2026-07-06T16:28:23+00:00,mlp,wine_binary,TPE,0,16,balanced_accuracy,1.000000,"{""alpha"": 5.12311880722426e-05, ""hidden_layer_sizes"": [23], ""learning_rate_init"": 0.001536325566342915}"
2026-07-06T16:28:23+00:00,mlp,wine_binary,TPE,0,17,balanced_accuracy,0.991228,"{""alpha"": 0.006808067084736471, ""hidden_layer_sizes"": [8], ""learning_rate_init"": 0.0004868613703993109}"
2026-07-06T16:28:23+00:00,mlp,wine_binary,TPE,0,18,balanced_accuracy,1.000000,"{""alpha"": 0.0002426369713730211, ""hidden_layer_sizes"": [15], ""learning_rate_init"": 0.04678020479308539}"
2026-07-06T16:28:23+00:00,mlp,wine_binary,TPE,0,19,balanced_accuracy,1.000000,"{""alpha"": 1.2555731572040117e-05, ""hidden_layer_sizes"": [32], ""learning_rate_init"": 0.002315820233537609}"
2026-07-06T16:28:23+00:00,mlp,wine_binary,TPE,0,20,balanced_accuracy,0.991228,"{""alpha"": 0.000943405786944821, ""hidden_layer_sizes"": [22], ""learning_rate_init"": 0.013779224251472554}"
2026-07-06T16:28:23+00:00,mlp,wine_binary,TPE,0,21,balanced_accuracy,1.000000,"{""alpha"": 1.3022502649127417e-06, ""hidden_layer_sizes"": [3], ""learning_rate_init"": 0.036441200788668526}"
2026-07-06T16:28:23+00:00,mlp,wine_binary,TPE,0,22,balanced_accuracy,0.991228,"{""alpha"": 1.1807504140017312e-06, ""hidden_layer_sizes"": [7], ""learning_rate_init"": 0.02798636009565338}"
2026-07-06T16:28:23+00:00,mlp,wine_binary,TPE,0,23,balanced_accuracy,0.991228,"{""alpha"": 4.938014962166503e-06, ""hidden_layer_sizes"": [3], ""learning_rate_init"": 0.05733917239821232}"
2026-07-06T16:28:23+00:00,mlp,wine_binary,TPE,0,24,balanced_accuracy,1.000000,"{""alpha"": 2.057372531442979e-05, ""hidden_layer_sizes"": [10], ""learning_rate_init"": 0.017933062825710114}"
2026-07-06T16:28:23+00:00,mlp,wine_binary,TPE,0,25,balanced_accuracy,0.991228,"{""alpha"": 9.106569969929644e-05, ""hidden_layer_sizes"": [19], ""learning_rate_init"": 0.0076249124239930605}"
2026-07-06T16:28:23+00:00,mlp,wine_binary,TPE,0,26,balanced_accuracy,0.991228,"{""alpha"": 0.01815422686972678, ""hidden_layer_sizes"": [13], ""learning_rate_init"": 0.07007324695390431}"
2026-07-06T16:28:23+00:00,mlp,wine_binary,TPE,0,27,balanced_accuracy,1.000000,"{""alpha"": 3.1408117772347348e-06, ""hidden_layer_sizes"": [5], ""learning_rate_init"": 0.02545205087342853}"
2026-07-06T16:28:23+00:00,mlp,wine_binary,TPE,0,28,balanced_accuracy,1.000000,"{""alpha"": 0.002673193367143924, ""hidden_layer_sizes"": [25], ""learning_rate_init"": 0.0038048427175513847}"
2026-07-06T16:28:23+00:00,mlp,wine_binary,TPE,0,29,balanced_accuracy,0.991228,"{""alpha"": 0.000527233550879725, ""hidden_layer_sizes"": [29], ""learning_rate_init"": 0.0077392788531118716}"
2026-07-06T16:28:23+00:00,mlp,wine_binary,TPE,0,30,balanced_accuracy,1.000000,"{""alpha"": 0.004866418278698638, ""hidden_layer_sizes"": [18], ""learning_rate_init"": 0.05399820692273956}"
2026-07-06T16:28:23+00:00,mlp,wine_binary,TPE,0,31,balanced_accuracy,1.000000,"{""alpha"": 0.022959173429167392, ""hidden_layer_sizes"": [26], ""learning_rate_init"": 0.09453942799071859}"
2026-07-06T16:28:23+00:00,mlp,wine_binary,TPE,0,32,balanced_accuracy,0.991228,"{""alpha"": 0.08918086894724156, ""hidden_layer_sizes"": [20], ""learning_rate_init"": 0.03185950847781255}"
2026-07-06T16:28:23+00:00,mlp,wine_binary,TPE,0,33,balanced_accuracy,1.000000,"{""alpha"": 0.017609315682490176, ""hidden_layer_sizes"": [15], ""learning_rate_init"": 0.07542728026940253}"
2026-07-06T16:28:23+00:00,mlp,wine_binary,TPE,0,34,balanced_accuracy,1.000000,"{""alpha"": 0.009224913674507338, ""hidden_layer_sizes"": [28], ""learning_rate_init"": 0.0184263153737023}"
2026-07-06T16:28:23+00:00,mlp,wine_binary,TPE,0,35,balanced_accuracy,0.991228,"{""alpha"": 0.03755243947284002, ""hidden_layer_sizes"": [24], ""learning_rate_init"": 0.051103201267381555}"
2026-07-06T16:28:23+00:00,mlp,wine_binary,TPE,0,36,balanced_accuracy,0.991228,"{""alpha"": 0.0030774904733704483, ""hidden_layer_sizes"": [20], ""learning_rate_init"": 0.004145617948823571}"
2026-07-06T16:28:23+00:00,mlp,wine_binary,TPE,0,37,balanced_accuracy,1.000000,"{""alpha"": 0.011765722267086418, ""hidden_layer_sizes"": [6], ""learning_rate_init"": 0.010433753787377941}"
2026-07-06T16:28:23+00:00,mlp,wine_binary,TPE,0,38,balanced_accuracy,0.991228,"{""alpha"": 0.00018081411783256373, ""hidden_layer_sizes"": [13], ""learning_rate_init"": 0.023122802338078747}"
2026-07-06T16:28:23+00:00,mlp,wine_binary,TPE,0,39,balanced_accuracy,1.000000,"{""alpha"": 0.04070589972411479, ""hidden_layer_sizes"": [30], ""learning_rate_init"": 0.0937594172524963}"
2026-07-06T16:28:23+00:00,mlp,wine_binary,TPE,0,40,balanced_accuracy,0.991228,"{""alpha"": 0.0018529132941262876, ""hidden_layer_sizes"": [27], ""learning_rate_init"": 0.036740145809121626}"
2026-07-06T16:28:23+00:00,mlp,wine_binary,TPE,0,41,balanced_accuracy,1.000000,"{""alpha"": 0.00011325726786761592, ""hidden_layer_sizes"": [25], ""learning_rate_init"": 0.018326791247326585}"
2026-07-06T16:28:23+00:00,mlp,wine_binary,TPE,0,42,balanced_accuracy,1.000000,"{""alpha"": 2.5979159593293397e-05, ""hidden_layer_sizes"": [11], ""learning_rate_init"": 0.0652867633713907}"
2026-07-06T16:28:23+00:00,mlp,wine_binary,TPE,0,43,balanced_accuracy,1.000000,"{""alpha"": 0.0006920252964779387, ""hidden_layer_sizes"": [21], ""learning_rate_init"": 0.04235680653385612}"
2026-07-06T16:28:23+00:00,mlp,wine_binary,TPE,0,44,balanced_accuracy,1.000000,"{""alpha"": 9.671331331845352e-06, ""hidden_layer_sizes"": [2], ""learning_rate_init"": 0.009418726909083977}"
2026-07-06T16:28:23+00:00,mlp,wine_binary,TPE,0,45,balanced_accuracy,0.991228,"{""alpha"": 0.00024936464883706764, ""hidden_layer_sizes"": [27], ""learning_rate_init"": 0.00015563248963125067}"
2026-07-06T16:28:23+00:00,mlp,wine_binary,TPE,0,46,balanced_accuracy,1.000000,"{""alpha"": 0.055975236657965055, ""hidden_layer_sizes"": [23], ""learning_rate_init"": 0.022291009329903504}"
2026-07-06T16:28:23+00:00,mlp,wine_binary,TPE,0,47,balanced_accuracy,0.991228,"{""alpha"": 0.03077019811240953, ""hidden_layer_sizes"": [16], ""learning_rate_init"": 0.005804084723144721}"
2026-07-06T16:28:23+00:00,mlp,wine_binary,TPE,0,48,balanced_accuracy,1.000000,"{""alpha"": 2.590782341149394e-06, ""hidden_layer_sizes"": [30], ""learning_rate_init"": 0.0166636217629085}"
2026-07-06T16:28:23+00:00,mlp,wine_binary,TPE,0,49,balanced_accuracy,1.000000,"{""alpha"": 0.004811998277163667, ""hidden_layer_sizes"": [17], ""learning_rate_init"": 0.031208501286938497}"
2026-07-06T16:28:57+00:00,rf,wine_binary,TPE,0,0,balanced_accuracy,0.977920,"{""max_depth"": 15, ""max_features"": null, ""min_samples_split"": 13, ""n_estimators"": 297}"
2026-07-06T16:28:57+00:00,rf,wine_binary,TPE,0,1,balanced_accuracy,0.990741,"{""max_depth"": 18, ""max_features"": ""log2"", ""min_samples_split"": 20, ""n_estimators"": 247}"
2026-07-06T16:28:57+00:00,rf,wine_binary,TPE,0,2,balanced_accuracy,0.977920,"{""max_depth"": 19, ""max_features"": null, ""min_samples_split"": 3, ""n_estimators"": 306}"
2026-07-06T16:28:57+00:00,rf,wine_binary,TPE,0,3,balanced_accuracy,0.990741,"{""max_depth"": 18, ""max_features"": ""sqrt"", ""min_samples_split"": 20, ""n_estimators"": 400}"
2026-07-06T16:28:57+00:00,rf,wine_binary,TPE,0,4,balanced_accuracy,1.000000,"{""max_depth"": 14, ""max_features"": ""sqrt"", ""min_samples_split"": 4, ""n_estimators"": 103}"
2026-07-06T16:28:57+00:00,rf,wine_binary,TPE,0,5,balanced_accuracy,0.977920,"{""max_depth"": 16, ""max_features"": null, ""min_samples_split"": 10, ""n_estimators"": 169}"
2026-07-06T16:28:57+00:00,rf,wine_binary,TPE,0,6,balanced_accuracy,0.990741,"{""max_depth"": 13, ""max_features"": ""sqrt"", ""min_samples_split"": 19, ""n_estimators"": 326}"
2026-07-06T16:28:57+00:00,rf,wine_binary,TPE,0,7,balanced_accuracy,1.000000,"{""max_depth"": 3, ""max_features"": ""sqrt"", ""min_samples_split"": 14, ""n_estimators"": 364}"
2026-07-06T16:28:57+00:00,rf,wine_binary,TPE,0,8,balanced_accuracy,1.000000,"{""max_depth"": 8, ""max_features"": ""log2"", ""min_samples_split"": 12, ""n_estimators"": 192}"
2026-07-06T16:28:57+00:00,rf,wine_binary,TPE,0,9,balanced_accuracy,1.000000,"{""max_depth"": 5, ""max_features"": ""log2"", ""min_samples_split"": 14, ""n_estimators"": 144}"
2026-07-06T16:28:57+00:00,rf,wine_binary,TPE,0,10,balanced_accuracy,1.000000,"{""max_depth"": 10, ""max_features"": ""sqrt"", ""min_samples_split"": 2, ""n_estimators"": 59}"
2026-07-06T16:28:57+00:00,rf,wine_binary,TPE,0,11,balanced_accuracy,1.000000,"{""max_depth"": 2, ""max_features"": ""sqrt"", ""min_samples_split"": 7, ""n_estimators"": 478}"
2026-07-06T16:28:57+00:00,rf,wine_binary,TPE,0,12,balanced_accuracy,1.000000,"{""max_depth"": 10, ""max_features"": ""sqrt"", ""min_samples_split"": 6, ""n_estimators"": 55}"
2026-07-06T16:28:57+00:00,rf,wine_binary,TPE,0,13,balanced_accuracy,0.990741,"{""max_depth"": 3, ""max_features"": ""sqrt"", ""min_samples_split"": 16, ""n_estimators"": 500}"
2026-07-06T16:28:57+00:00,rf,wine_binary,TPE,0,14,balanced_accuracy,1.000000,"{""max_depth"": 6, ""max_features"": ""sqrt"", ""min_samples_split"": 8, ""n_estimators"": 398}"
2026-07-06T16:28:57+00:00,rf,wine_binary,TPE,0,15,balanced_accuracy,1.000000,"{""max_depth"": 12, ""max_features"": ""sqrt"", ""min_samples_split"": 16, ""n_estimators"": 122}"
2026-07-06T16:28:57+00:00,rf,wine_binary,TPE,0,16,balanced_accuracy,1.000000,"{""max_depth"": 6, ""max_features"": ""sqrt"", ""min_samples_split"": 5, ""n_estimators"": 231}"
2026-07-06T16:28:57+00:00,rf,wine_binary,TPE,0,17,balanced_accuracy,1.000000,"{""max_depth"": 20, ""max_features"": ""sqrt"", ""min_samples_split"": 9, ""n_estimators"": 404}"
2026-07-06T16:28:57+00:00,rf,wine_binary,TPE,0,18,balanced_accuracy,1.000000,"{""max_depth"": 9, ""max_features"": ""log2"", ""min_samples_split"": 11, ""n_estimators"": 357}"
2026-07-06T16:28:57+00:00,rf,wine_binary,TPE,0,19,balanced_accuracy,0.977920,"{""max_depth"": 12, ""max_features"": null, ""min_samples_split"": 4, ""n_estimators"": 102}"
2026-07-06T16:28:57+00:00,rf,wine_binary,TPE,0,20,balanced_accuracy,0.990741,"{""max_depth"": 15, ""max_features"": ""sqrt"", ""min_samples_split"": 16, ""n_estimators"": 238}"
2026-07-06T16:28:57+00:00,rf,wine_binary,TPE,0,21,balanced_accuracy,1.000000,"{""max_depth"": 8, ""max_features"": ""log2"", ""min_samples_split"": 12, ""n_estimators"": 193}"
2026-07-06T16:28:57+00:00,rf,wine_binary,TPE,0,22,balanced_accuracy,1.000000,"{""max_depth"": 4, ""max_features"": ""log2"", ""min_samples_split"": 17, ""n_estimators"": 85}"
2026-07-06T16:28:57+00:00,rf,wine_binary,TPE,0,23,balanced_accuracy,1.000000,"{""max_depth"": 8, ""max_features"": ""log2"", ""min_samples_split"": 14, ""n_estimators"": 189}"
2026-07-06T16:28:57+00:00,rf,wine_binary,TPE,0,24,balanced_accuracy,1.000000,"{""max_depth"": 7, ""max_features"": ""log2"", ""min_samples_split"": 11, ""n_estimators"": 144}"
2026-07-06T16:28:57+00:00,rf,wine_binary,TPE,0,25,balanced_accuracy,0.990741,"{""max_depth"": 2, ""max_features"": ""log2"", ""min_samples_split"": 18, ""n_estimators"": 452}"
2026-07-06T16:28:57+00:00,rf,wine_binary,TPE,0,26,balanced_accuracy,1.000000,"{""max_depth"": 4, ""max_features"": ""sqrt"", ""min_samples_split"": 14, ""n_estimators"": 208}"
2026-07-06T16:28:57+00:00,rf,wine_binary,TPE,0,27,balanced_accuracy,1.000000,"{""max_depth"": 13, ""max_features"": ""sqrt"", ""min_samples_split"": 9, ""n_estimators"": 273}"
2026-07-06T16:28:57+00:00,rf,wine_binary,TPE,0,28,balanced_accuracy,0.977920,"{""max_depth"": 11, ""max_features"": null, ""min_samples_split"": 7, ""n_estimators"": 99}"
2026-07-06T16:28:57+00:00,rf,wine_binary,TPE,0,29,balanced_accuracy,1.000000,"{""max_depth"": 15, ""max_features"": ""log2"", ""min_samples_split"": 13, ""n_estimators"": 356}"
2026-07-06T16:28:57+00:00,rf,wine_binary,TPE,0,30,balanced_accuracy,0.977920,"{""max_depth"": 16, ""max_features"": null, ""min_samples_split"": 12, ""n_estimators"": 273}"
2026-07-06T16:28:57+00:00,rf,wine_binary,TPE,0,31,balanced_accuracy,1.000000,"{""max_depth"": 5, ""max_features"": ""log2"", ""min_samples_split"": 14, ""n_estimators"": 153}"
2026-07-06T16:28:57+00:00,rf,wine_binary,TPE,0,32,balanced_accuracy,1.000000,"{""max_depth"": 4, ""max_features"": ""log2"", ""min_samples_split"": 15, ""n_estimators"": 144}"
2026-07-06T16:28:57+00:00,rf,wine_binary,TPE,0,33,balanced_accuracy,1.000000,"{""max_depth"": 6, ""max_features"": ""log2"", ""min_samples_split"": 13, ""n_estimators"": 117}"
2026-07-06T16:28:57+00:00,rf,wine_binary,TPE,0,34,balanced_accuracy,1.000000,"{""max_depth"": 3, ""max_features"": ""log2"", ""min_samples_split"": 15, ""n_estimators"": 82}"
2026-07-06T16:28:57+00:00,rf,wine_binary,TPE,0,35,balanced_accuracy,1.000000,"{""max_depth"": 5, ""max_features"": ""log2"", ""min_samples_split"": 11, ""n_estimators"": 185}"
2026-07-06T16:28:57+00:00,rf,wine_binary,TPE,0,36,balanced_accuracy,0.977920,"{""max_depth"": 18, ""max_features"": null, ""min_samples_split"": 3, ""n_estimators"": 131}"
2026-07-06T16:28:57+00:00,rf,wine_binary,TPE,0,37,balanced_accuracy,0.990741,"{""max_depth"": 7, ""max_features"": ""sqrt"", ""min_samples_split"": 18, ""n_estimators"": 213}"
2026-07-06T16:28:57+00:00,rf,wine_binary,TPE,0,38,balanced_accuracy,1.000000,"{""max_depth"": 3, ""max_features"": ""log2"", ""min_samples_split"": 10, ""n_estimators"": 169}"
2026-07-06T16:28:57+00:00,rf,wine_binary,TPE,0,39,balanced_accuracy,1.000000,"{""max_depth"": 5, ""max_features"": ""sqrt"", ""min_samples_split"": 2, ""n_estimators"": 269}"
2026-07-06T16:28:57+00:00,rf,wine_binary,TPE,0,40,balanced_accuracy,1.000000,"{""max_depth"": 2, ""max_features"": ""sqrt"", ""min_samples_split"": 12, ""n_estimators"": 67}"
2026-07-06T16:28:57+00:00,rf,wine_binary,TPE,0,41,balanced_accuracy,1.000000,"{""max_depth"": 10, ""max_features"": ""sqrt"", ""min_samples_split"": 2, ""n_estimators"": 59}"
2026-07-06T16:28:57+00:00,rf,wine_binary,TPE,0,42,balanced_accuracy,1.000000,"{""max_depth"": 9, ""max_features"": ""sqrt"", ""min_samples_split"": 4, ""n_estimators"": 108}"
2026-07-06T16:28:57+00:00,rf,wine_binary,TPE,0,43,balanced_accuracy,1.000000,"{""max_depth"": 14, ""max_features"": ""sqrt"", ""min_samples_split"": 5, ""n_estimators"": 80}"
2026-07-06T16:28:57+00:00,rf,wine_binary,TPE,0,44,balanced_accuracy,0.990741,"{""max_depth"": 11, ""max_features"": ""sqrt"", ""min_samples_split"": 20, ""n_estimators"": 314}"
2026-07-06T16:28:57+00:00,rf,wine_binary,TPE,0,45,balanced_accuracy,1.000000,"{""max_depth"": 7, ""max_features"": ""sqrt"", ""min_samples_split"": 3, ""n_estimators"": 166}"
2026-07-06T16:28:57+00:00,rf,wine_binary,TPE,0,46,balanced_accuracy,1.000000,"{""max_depth"": 17, ""max_features"": ""sqrt"", ""min_samples_split"": 6, ""n_estimators"": 54}"
2026-07-06T16:28:57+00:00,rf,wine_binary,TPE,0,47,balanced_accuracy,0.990741,"{""max_depth"": 9, ""max_features"": ""sqrt"", ""min_samples_split"": 15, ""n_estimators"": 433}"
2026-07-06T16:28:57+00:00,rf,wine_binary,TPE,0,48,balanced_accuracy,0.977920,"{""max_depth"": 8, ""max_features"": null, ""min_samples_split"": 2, ""n_estimators"": 355}"
2026-07-06T16:28:57+00:00,rf,wine_binary,TPE,0,49,balanced_accuracy,1.000000,"{""max_depth"": 10, ""max_features"": ""log2"", ""min_samples_split"": 4, ""n_estimators"": 88}"
2026-07-06T16:28:57+00:00,svm_linear,wine_binary,TPE,0,0,balanced_accuracy,1.000000,"{""C"": 1.96282248134428}"
2026-07-06T16:28:57+00:00,svm_linear,wine_binary,TPE,0,1,balanced_accuracy,1.000000,"{""C"": 19.549524484259873}"
2026-07-06T16:28:57+00:00,svm_linear,wine_binary,TPE,0,2,balanced_accuracy,1.000000,"{""C"": 4.135997393839888}"
2026-07-06T16:28:57+00:00,svm_linear,wine_binary,TPE,0,3,balanced_accuracy,1.000000,"{""C"": 1.8590843630169627}"
2026-07-06T16:28:57+00:00,svm_linear,wine_binary,TPE,0,4,balanced_accuracy,1.000000,"{""C"": 0.348280208702833}"
2026-07-06T16:28:57+00:00,svm_linear,wine_binary,TPE,0,5,balanced_accuracy,1.000000,"{""C"": 7.505241622349544}"
2026-07-06T16:28:57+00:00,svm_linear,wine_binary,TPE,0,6,balanced_accuracy,1.000000,"{""C"": 0.4222048983149828}"
2026-07-06T16:28:57+00:00,svm_linear,wine_binary,TPE,0,7,balanced_accuracy,1.000000,"{""C"": 224.2012371372442}"
2026-07-06T16:28:57+00:00,svm_linear,wine_binary,TPE,0,8,balanced_accuracy,1.000000,"{""C"": 605.3082080079017}"
2026-07-06T16:28:57+00:00,svm_linear,wine_binary,TPE,0,9,balanced_accuracy,1.000000,"{""C"": 0.1998246739232945}"
2026-07-06T16:28:57+00:00,svm_linear,wine_binary,TPE,0,10,balanced_accuracy,0.500000,"{""C"": 0.00243777399563589}"
2026-07-06T16:28:57+00:00,svm_linear,wine_binary,TPE,0,11,balanced_accuracy,1.000000,"{""C"": 25.06548319168148}"
2026-07-06T16:28:57+00:00,svm_linear,wine_binary,TPE,0,12,balanced_accuracy,1.000000,"{""C"": 63.515467168009415}"
2026-07-06T16:28:57+00:00,svm_linear,wine_binary,TPE,0,13,balanced_accuracy,1.000000,"{""C"": 0.02460223350968428}"
2026-07-06T16:28:57+00:00,svm_linear,wine_binary,TPE,0,14,balanced_accuracy,1.000000,"{""C"": 47.16351267972005}"
2026-07-06T16:28:57+00:00,svm_linear,wine_binary,TPE,0,15,balanced_accuracy,0.991228,"{""C"": 0.058772589412190525}"
2026-07-06T16:28:57+00:00,svm_linear,wine_binary,TPE,0,16,balanced_accuracy,1.000000,"{""C"": 1.8810288872532541}"
2026-07-06T16:28:57+00:00,svm_linear,wine_binary,TPE,0,17,balanced_accuracy,1.000000,"{""C"": 15.816896927950971}"
2026-07-06T16:28:57+00:00,svm_linear,wine_binary,TPE,0,18,balanced_accuracy,0.500000,"{""C"": 0.001197550042181826}"
2026-07-06T16:28:57+00:00,svm_linear,wine_binary,TPE,0,19,balanced_accuracy,1.000000,"{""C"": 144.90672475864605}"
2026-07-06T16:28:57+00:00,svm_linear,wine_binary,TPE,0,20,balanced_accuracy,1.000000,"{""C"": 1.8664607424358177}"
2026-07-06T16:28:57+00:00,svm_linear,wine_binary,TPE,0,21,balanced_accuracy,1.000000,"{""C"": 5.065601860988748}"
2026-07-06T16:28:57+00:00,svm_linear,wine_binary,TPE,0,22,balanced_accuracy,1.000000,"{""C"": 5.572750726499077}"
2026-07-06T16:28:57+00:00,svm_linear,wine_binary,TPE,0,23,balanced_accuracy,1.000000,"{""C"": 0.9709502419607605}"
2026-07-06T16:28:57+00:00,svm_linear,wine_binary,TPE,0,24,balanced_accuracy,0.991228,"{""C"": 0.06414829104982371}"
2026-07-06T16:28:57+00:00,svm_linear,wine_binary,TPE,0,25,balanced_accuracy,1.000000,"{""C"": 17.094712675141686}"
2026-07-06T16:28:57+00:00,svm_linear,wine_binary,TPE,0,26,balanced_accuracy,1.000000,"{""C"": 5.794754675463547}"
2026-07-06T16:28:57+00:00,svm_linear,wine_binary,TPE,0,27,balanced_accuracy,1.000000,"{""C"": 83.1534341087804}"
2026-07-06T16:28:57+00:00,svm_linear,wine_binary,TPE,0,28,balanced_accuracy,1.000000,"{""C"": 333.23116239550245}"
2026-07-06T16:28:57+00:00,svm_linear,wine_binary,TPE,0,29,balanced_accuracy,1.000000,"{""C"": 1.0058002631433376}"
2026-07-06T16:28:57+00:00,svm_linear,wine_binary,TPE,0,30,balanced_accuracy,1.000000,"{""C"": 3.6369730684629435}"
2026-07-06T16:28:57+00:00,svm_linear,wine_binary,TPE,0,31,balanced_accuracy,1.000000,"{""C"": 0.3463624953823627}"
2026-07-06T16:28:57+00:00,svm_linear,wine_binary,TPE,0,32,balanced_accuracy,1.000000,"{""C"": 10.359248649229857}"
2026-07-06T16:28:57+00:00,svm_linear,wine_binary,TPE,0,33,balanced_accuracy,1.000000,"{""C"": 2.018771412628203}"
2026-07-06T16:28:57+00:00,svm_linear,wine_binary,TPE,0,34,balanced_accuracy,1.000000,"{""C"": 0.47216797452417336}"
2026-07-06T16:28:57+00:00,svm_linear,wine_binary,TPE,0,35,balanced_accuracy,1.000000,"{""C"": 31.46618819278757}"
2026-07-06T16:28:57+00:00,svm_linear,wine_binary,TPE,0,36,balanced_accuracy,1.000000,"{""C"": 0.10567508428017551}"
2026-07-06T16:28:57+00:00,svm_linear,wine_binary,TPE,0,37,balanced_accuracy,1.000000,"{""C"": 0.7653836433005766}"
2026-07-06T16:28:57+00:00,svm_linear,wine_binary,TPE,0,38,balanced_accuracy,0.991228,"{""C"": 0.011357325966314457}"
2026-07-06T16:28:57+00:00,svm_linear,wine_binary,TPE,0,39,balanced_accuracy,1.000000,"{""C"": 838.0355529448648}"
2026-07-06T16:28:57+00:00,svm_linear,wine_binary,TPE,0,40,balanced_accuracy,1.000000,"{""C"": 9.266404284387805}"
2026-07-06T16:28:57+00:00,svm_linear,wine_binary,TPE,0,41,balanced_accuracy,1.000000,"{""C"": 2.5856135812020837}"
2026-07-06T16:28:57+00:00,svm_linear,wine_binary,TPE,0,42,balanced_accuracy,1.000000,"{""C"": 0.1552148066596127}"
2026-07-06T16:28:57+00:00,svm_linear,wine_binary,TPE,0,43,balanced_accuracy,1.000000,"{""C"": 0.32603285287247474}"
2026-07-06T16:28:57+00:00,svm_linear,wine_binary,TPE,0,44,balanced_accuracy,1.000000,"{""C"": 1.1288497253331349}"
2026-07-06T16:28:57+00:00,svm_linear,wine_binary,TPE,0,45,balanced_accuracy,1.000000,"{""C"": 0.4599774772144907}"
2026-07-06T16:28:57+00:00,svm_linear,wine_binary,TPE,0,46,balanced_accuracy,1.000000,"{""C"": 15.91867158831956}"
2026-07-06T16:28:57+00:00,svm_linear,wine_binary,TPE,0,47,balanced_accuracy,1.000000,"{""C"": 0.025382352250452586}"
2026-07-06T16:28:57+00:00,svm_linear,wine_binary,TPE,0,48,balanced_accuracy,1.000000,"{""C"": 37.40768572338116}"
2026-07-06T16:28:57+00:00,svm_linear,wine_binary,TPE,0,49,balanced_accuracy,1.000000,"{""C"": 3.5237778180726433}"
2026-07-06T16:28:58+00:00,svm_rbf,wine_binary,TPE,0,0,balanced_accuracy,1.000000,"{""C"": 1.96282248134428, ""gamma"": 0.3766576841599298}"
2026-07-06T16:28:58+00:00,svm_rbf,wine_binary,TPE,0,1,balanced_accuracy,1.000000,"{""C"": 4.135997393839888, ""gamma"": 0.05301709347576828}"
2026-07-06T16:28:58+00:00,svm_rbf,wine_binary,TPE,0,2,balanced_accuracy,1.000000,"{""C"": 0.348280208702833, ""gamma"": 0.1696174638729098}"
2026-07-06T16:28:58+00:00,svm_rbf,wine_binary,TPE,0,3,balanced_accuracy,0.500000,"{""C"": 0.4222048983149828, ""gamma"": 2.8765041432546945}"
2026-07-06T16:28:58+00:00,svm_rbf,wine_binary,TPE,0,4,balanced_accuracy,1.000000,"{""C"": 605.3082080079017, ""gamma"": 0.008264328927007725}"
2026-07-06T16:28:58+00:00,svm_rbf,wine_binary,TPE,0,5,balanced_accuracy,1.000000,"{""C"": 56.27949975223143, ""gamma"": 0.04410365667970985}"
2026-07-06T16:28:58+00:00,svm_rbf,wine_binary,TPE,0,6,balanced_accuracy,0.500000,"{""C"": 2.5601615250028704, ""gamma"": 4.246031301768208}"
2026-07-06T16:28:58+00:00,svm_rbf,wine_binary,TPE,0,7,balanced_accuracy,0.500000,"{""C"": 0.002668187524237051, ""gamma"": 0.00027267573880087313}"
2026-07-06T16:28:58+00:00,svm_rbf,wine_binary,TPE,0,8,balanced_accuracy,0.500000,"{""C"": 0.001322240284589594, ""gamma"": 1.4557916623227765}"
2026-07-06T16:28:58+00:00,svm_rbf,wine_binary,TPE,0,9,balanced_accuracy,0.551282,"{""C"": 46.659545670218456, ""gamma"": 2.239034272168371}"
2026-07-06T16:28:58+00:00,svm_rbf,wine_binary,TPE,0,10,balanced_accuracy,0.500000,"{""C"": 0.03118381022976132, ""gamma"": 0.00018907236995524757}"
2026-07-06T16:28:58+00:00,svm_rbf,wine_binary,TPE,0,11,balanced_accuracy,1.000000,"{""C"": 5.925127982782808, ""gamma"": 0.12309484662456575}"
2026-07-06T16:28:58+00:00,svm_rbf,wine_binary,TPE,0,12,balanced_accuracy,0.991228,"{""C"": 3.1650412538920487, ""gamma"": 0.0066267923440773025}"
2026-07-06T16:28:58+00:00,svm_rbf,wine_binary,TPE,0,13,balanced_accuracy,0.884615,"{""C"": 0.18543256804588718, ""gamma"": 0.3213252386025967}"
2026-07-06T16:28:58+00:00,svm_rbf,wine_binary,TPE,0,14,balanced_accuracy,1.000000,"{""C"": 44.85453582866641, ""gamma"": 0.01805267927223829}"
2026-07-06T16:28:58+00:00,svm_rbf,wine_binary,TPE,0,15,balanced_accuracy,0.500000,"{""C"": 0.05540120207290873, ""gamma"": 0.0013493783972769872}"
2026-07-06T16:28:58+00:00,svm_rbf,wine_binary,TPE,0,16,balanced_accuracy,0.961538,"{""C"": 10.351972370398768, ""gamma"": 0.5756519688378219}"
2026-07-06T16:28:58+00:00,svm_rbf,wine_binary,TPE,0,17,balanced_accuracy,1.000000,"{""C"": 0.949498508848101, ""gamma"": 0.054658182594425175}"
2026-07-06T16:28:58+00:00,svm_rbf,wine_binary,TPE,0,18,balanced_accuracy,0.948718,"{""C"": 697.6306234065734, ""gamma"": 0.8194132373025197}"
2026-07-06T16:28:58+00:00,svm_rbf,wine_binary,TPE,0,19,balanced_accuracy,0.500000,"{""C"": 0.012563428300002039, ""gamma"": 7.429923038861217}"
2026-07-06T16:28:58+00:00,svm_rbf,wine_binary,TPE,0,20,balanced_accuracy,1.000000,"{""C"": 19.148216880208892, ""gamma"": 0.0026685478958285574}"
2026-07-06T16:28:58+00:00,svm_rbf,wine_binary,TPE,0,21,balanced_accuracy,1.000000,"{""C"": 0.8124821202840529, ""gamma"": 0.16717856686966787}"
2026-07-06T16:28:58+00:00,svm_rbf,wine_binary,TPE,0,22,balanced_accuracy,1.000000,"{""C"": 0.17644019261220725, ""gamma"": 0.06804103404932578}"
2026-07-06T16:28:58+00:00,svm_rbf,wine_binary,TPE,0,23,balanced_accuracy,1.000000,"{""C"": 2.2621180763304762, ""gamma"": 0.26991206842212806}"
2026-07-06T16:28:58+00:00,svm_rbf,wine_binary,TPE,0,24,balanced_accuracy,1.000000,"{""C"": 0.22234056717220274, ""gamma"": 0.019336651892181082}"
2026-07-06T16:28:58+00:00,svm_rbf,wine_binary,TPE,0,25,balanced_accuracy,0.948718,"{""C"": 224.6266578585076, ""gamma"": 0.6731933333527121}"
2026-07-06T16:28:58+00:00,svm_rbf,wine_binary,TPE,0,26,balanced_accuracy,0.991228,"{""C"": 0.976248420514467, ""gamma"": 0.03398970516992188}"
2026-07-06T16:28:58+00:00,svm_rbf,wine_binary,TPE,0,27,balanced_accuracy,0.512821,"{""C"": 0.053950295070804094, ""gamma"": 0.10129845345910135}"
2026-07-06T16:28:58+00:00,svm_rbf,wine_binary,TPE,0,28,balanced_accuracy,1.000000,"{""C"": 16.518470682763677, ""gamma"": 0.28233703941864574}"
2026-07-06T16:28:58+00:00,svm_rbf,wine_binary,TPE,0,29,balanced_accuracy,0.500000,"{""C"": 0.40363405694687193, ""gamma"": 1.1737117020221892}"
2026-07-06T16:28:58+00:00,svm_rbf,wine_binary,TPE,0,30,balanced_accuracy,1.000000,"{""C"": 5.192939114048296, ""gamma"": 0.017785655346767355}"
2026-07-06T16:28:58+00:00,svm_rbf,wine_binary,TPE,0,31,balanced_accuracy,1.000000,"{""C"": 637.8521110583339, ""gamma"": 0.005628262049884902}"
2026-07-06T16:28:58+00:00,svm_rbf,wine_binary,TPE,0,32,balanced_accuracy,1.000000,"{""C"": 157.52669463308112, ""gamma"": 0.0007988736974435022}"
2026-07-06T16:28:58+00:00,svm_rbf,wine_binary,TPE,0,33,balanced_accuracy,1.000000,"{""C"": 245.98429291697536, ""gamma"": 0.012756458524818328}"
2026-07-06T16:28:58+00:00,svm_rbf,wine_binary,TPE,0,34,balanced_accuracy,0.500000,"{""C"": 0.00786969594278212, ""gamma"": 0.03804843255237016}"
2026-07-06T16:28:58+00:00,svm_rbf,wine_binary,TPE,0,35,balanced_accuracy,1.000000,"{""C"": 1.7846286871528385, ""gamma"": 0.008374857259693651}"
2026-07-06T16:28:58+00:00,svm_rbf,wine_binary,TPE,0,36,balanced_accuracy,1.000000,"{""C"": 90.6428775464676, ""gamma"": 0.17831815901126596}"
2026-07-06T16:28:58+00:00,svm_rbf,wine_binary,TPE,0,37,balanced_accuracy,0.500000,"{""C"": 0.4437454916161681, ""gamma"": 0.0030033658840885693}"
2026-07-06T16:28:58+00:00,svm_rbf,wine_binary,TPE,0,38,balanced_accuracy,0.500000,"{""C"": 0.07320786466498051, ""gamma"": 2.374401813302901}"
2026-07-06T16:28:58+00:00,svm_rbf,wine_binary,TPE,0,39,balanced_accuracy,1.000000,"{""C"": 28.73887276374555, ""gamma"": 0.08498422541822877}"
2026-07-06T16:28:58+00:00,svm_rbf,wine_binary,TPE,0,40,balanced_accuracy,1.000000,"{""C"": 5.659534610053595, ""gamma"": 0.0004752799262270094}"
2026-07-06T16:28:58+00:00,svm_rbf,wine_binary,TPE,0,41,balanced_accuracy,1.000000,"{""C"": 77.3080481486395, ""gamma"": 0.0332888137479783}"
2026-07-06T16:28:58+00:00,svm_rbf,wine_binary,TPE,0,42,balanced_accuracy,1.000000,"{""C"": 968.3436192190243, ""gamma"": 0.4101172077840524}"
2026-07-06T16:28:58+00:00,svm_rbf,wine_binary,TPE,0,43,balanced_accuracy,0.500000,"{""C"": 10.611223291668734, ""gamma"": 0.00011224397478893459}"
2026-07-06T16:28:58+00:00,svm_rbf,wine_binary,TPE,0,44,balanced_accuracy,1.000000,"{""C"": 328.59061795299334, ""gamma"": 0.14913162236522934}"
2026-07-06T16:28:58+00:00,svm_rbf,wine_binary,TPE,0,45,balanced_accuracy,1.000000,"{""C"": 44.180762133152044, ""gamma"": 0.003884341882504612}"
2026-07-06T16:28:58+00:00,svm_rbf,wine_binary,TPE,0,46,balanced_accuracy,1.000000,"{""C"": 1.533818939684437, ""gamma"": 0.04488668333945072}"
2026-07-06T16:28:58+00:00,svm_rbf,wine_binary,TPE,0,47,balanced_accuracy,1.000000,"{""C"": 92.7030170334458, ""gamma"": 0.010481586801020511}"
2026-07-06T16:28:58+00:00,svm_rbf,wine_binary,TPE,0,48,balanced_accuracy,1.000000,"{""C"": 4.113713049525803, ""gamma"": 0.022363435741199256}"
2026-07-06T16:28:58+00:00,svm_rbf,wine_binary,TPE,0,49,balanced_accuracy,0.500000,"{""C"": 10.222048151484072, ""gamma"": 3.9224981962570267}"
2026-07-06T16:29:01+00:00,xgboost,wine_binary,TPE,0,0,balanced_accuracy,0.990741,"{""colsample_bytree"": 0.7118273996694524, ""learning_rate"": 0.05910317077425309, ""max_depth"": 7, ""n_estimators"": 297, ""reg_lambda"": 0.3833332156156664, ""subsample"": 0.7724415914984484}"
2026-07-06T16:29:01+00:00,xgboost,wine_binary,TPE,0,1,balanced_accuracy,0.977920,"{""colsample_bytree"": 0.8958625190413323, ""learning_rate"": 0.1618191272832578, ""max_depth"": 10, ""n_estimators"": 247, ""reg_lambda"": 0.13049073550362397, ""subsample"": 0.6917207594128889}"
2026-07-06T16:29:01+00:00,xgboost,wine_binary,TPE,0,2,balanced_accuracy,1.000000,"{""colsample_bytree"": 0.5101091987201629, ""learning_rate"": 0.1962524585239014, ""max_depth"": 2, ""n_estimators"": 306, ""reg_lambda"": 2.1403233140986067, ""subsample"": 0.5435646498507704}"
2026-07-06T16:29:01+00:00,xgboost,wine_binary,TPE,0,3,balanced_accuracy,0.990741,"{""colsample_bytree"": 0.7307396811264659, ""learning_rate"": 0.14293072093890533, ""max_depth"": 10, ""n_estimators"": 400, ""reg_lambda"": 1.3246974647468452, ""subsample"": 0.8995792821083618}"
2026-07-06T16:29:01+00:00,xgboost,wine_binary,TPE,0,4,balanced_accuracy,0.977920,"{""colsample_bytree"": 0.7609241608750359, ""learning_rate"": 0.038473523622807364, ""max_depth"": 3, ""n_estimators"": 103, ""reg_lambda"": 0.045566719139214756, ""subsample"": 0.972334458524792}"
2026-07-06T16:29:01+00:00,xgboost,wine_binary,TPE,0,5,balanced_accuracy,0.990741,"{""colsample_bytree"": 0.5093949002181776, ""learning_rate"": 0.08276957557192281, ""max_depth"": 6, ""n_estimators"": 169, ""reg_lambda"": 0.2954894558726685, ""subsample"": 0.7842169744343243}"
2026-07-06T16:29:01+00:00,xgboost,wine_binary,TPE,0,6,balanced_accuracy,0.990741,"{""colsample_bytree"": 0.679753950286893, ""learning_rate"": 0.03374584570073953, ""max_depth"": 10, ""n_estimators"": 326, ""reg_lambda"": 0.05599223654063348, ""subsample"": 0.8409101495517417}"
2026-07-06T16:29:01+00:00,xgboost,wine_binary,TPE,0,7,balanced_accuracy,0.948718,"{""colsample_bytree"": 0.6051912805369204, ""learning_rate"": 0.0014098918363046988, ""max_depth"": 8, ""n_estimators"": 364, ""reg_lambda"": 0.0032787264983352763, ""subsample"": 0.8353189348090797}"
2026-07-06T16:29:01+00:00,xgboost,wine_binary,TPE,0,8,balanced_accuracy,0.965100,"{""colsample_bytree"": 0.9941869190296131, ""learning_rate"": 0.007960781083787736, ""max_depth"": 7, ""n_estimators"": 192, ""reg_lambda"": 0.0025596420901526653, ""subsample"": 0.7193007567311602}"
2026-07-06T16:29:01+00:00,xgboost,wine_binary,TPE,0,9,balanced_accuracy,0.923077,"{""colsample_bytree"": 0.7331553864281531, ""learning_rate"": 0.002509477090866099, ""max_depth"": 7, ""n_estimators"": 144, ""reg_lambda"": 0.009499535455183799, ""subsample"": 0.626645801269891}"
2026-07-06T16:29:01+00:00,xgboost,wine_binary,TPE,0,10,balanced_accuracy,0.952279,"{""colsample_bytree"": 0.8732691763941831, ""learning_rate"": 0.007627625676927525, ""max_depth"": 2, ""n_estimators"": 474, ""reg_lambda"": 8.609071076878536, ""subsample"": 0.5100229215872223}"
2026-07-06T16:29:01+00:00,xgboost,wine_binary,TPE,0,11,balanced_accuracy,1.000000,"{""colsample_bytree"": 0.5053001824096808, ""learning_rate"": 0.27328496886851295, ""max_depth"": 4, ""n_estimators"": 261, ""reg_lambda"": 1.7312955706326263, ""subsample"": 0.5187075174451028}"
2026-07-06T16:29:01+00:00,xgboost,wine_binary,TPE,0,12,balanced_accuracy,0.990741,"{""colsample_bytree"": 0.5064784795164249, ""learning_rate"": 0.265107866976142, ""max_depth"": 4, ""n_estimators"": 257, ""reg_lambda"": 3.8342069265793484, ""subsample"": 0.5002928774714727}"
2026-07-06T16:29:01+00:00,xgboost,wine_binary,TPE,0,13,balanced_accuracy,0.990741,"{""colsample_bytree"": 0.5932217616966525, ""learning_rate"": 0.2825338815940026, ""max_depth"": 4, ""n_estimators"": 437, ""reg_lambda"": 1.6602310043039854, ""subsample"": 0.5970811760856971}"
2026-07-06T16:29:01+00:00,xgboost,wine_binary,TPE,0,14,balanced_accuracy,0.965100,"{""colsample_bytree"": 0.587939674219799, ""learning_rate"": 0.0991389556453973, ""max_depth"": 2, ""n_estimators"": 59, ""reg_lambda"": 0.9937716920094846, ""subsample"": 0.5813372638342249}"
2026-07-06T16:29:01+00:00,xgboost,wine_binary,TPE,0,15,balanced_accuracy,0.977920,"{""colsample_bytree"": 0.5493404238814557, ""learning_rate"": 0.022094518828386204, ""max_depth"": 4, ""n_estimators"": 247, ""reg_lambda"": 7.325716020601411, ""subsample"": 0.5544563558576638}"
2026-07-06T16:29:01+00:00,xgboost,wine_binary,TPE,0,16,balanced_accuracy,0.990741,"{""colsample_bytree"": 0.6498998155126711, ""learning_rate"": 0.28041937876385636, ""max_depth"": 5, ""n_estimators"": 335, ""reg_lambda"": 2.4572446944619992, ""subsample"": 0.6532215819753266}"
2026-07-06T16:29:01+00:00,xgboost,wine_binary,TPE,0,17,balanced_accuracy,1.000000,"{""colsample_bytree"": 0.5029837894630185, ""learning_rate"": 0.1470639818521476, ""max_depth"": 3, ""n_estimators"": 203, ""reg_lambda"": 0.5287377166289853, ""subsample"": 0.5541275395475536}"
2026-07-06T16:29:01+00:00,xgboost,wine_binary,TPE,0,18,balanced_accuracy,0.990741,"{""colsample_bytree"": 0.5627664603620322, ""learning_rate"": 0.01425982502033117, ""max_depth"": 3, ""n_estimators"": 297, ""reg_lambda"": 0.135257758557102, ""subsample"": 0.651288317467001}"
2026-07-06T16:29:01+00:00,xgboost,wine_binary,TPE,0,19,balanced_accuracy,0.990741,"{""colsample_bytree"": 0.6349755754957771, ""learning_rate"": 0.06360546158886396, ""max_depth"": 5, ""n_estimators"": 391, ""reg_lambda"": 3.65565293937637, ""subsample"": 0.5348921786985195}"
2026-07-06T16:29:01+00:00,xgboost,wine_binary,TPE,0,20,balanced_accuracy,0.990741,"{""colsample_bytree"": 0.5461591749090032, ""learning_rate"": 0.14200731657386892, ""max_depth"": 2, ""n_estimators"": 218, ""reg_lambda"": 0.6241404501227474, ""subsample"": 0.6024389644193697}"
2026-07-06T16:29:01+00:00,xgboost,wine_binary,TPE,0,21,balanced_accuracy,1.000000,"{""colsample_bytree"": 0.5111575514423681, ""learning_rate"": 0.18079377805601035, ""max_depth"": 3, ""n_estimators"": 283, ""reg_lambda"": 0.5866719180371479, ""subsample"": 0.5565775166888997}"
2026-07-06T16:29:01+00:00,xgboost,wine_binary,TPE,0,22,balanced_accuracy,1.000000,"{""colsample_bytree"": 0.500989000936351, ""learning_rate"": 0.09677008843007696, ""max_depth"": 3, ""n_estimators"": 145, ""reg_lambda"": 0.23613661963992563, ""subsample"": 0.5520516080251678}"
2026-07-06T16:29:01+00:00,xgboost,wine_binary,TPE,0,23,balanced_accuracy,0.990741,"{""colsample_bytree"": 0.5548918978113472, ""learning_rate"": 0.16337421847539577, ""max_depth"": 5, ""n_estimators"": 214, ""reg_lambda"": 0.9450227997730825, ""subsample"": 0.5031195305071161}"
2026-07-06T16:29:01+00:00,xgboost,wine_binary,TPE,0,24,balanced_accuracy,0.990741,"{""colsample_bytree"": 0.6297968206309809, ""learning_rate"": 0.050593087631633206, ""max_depth"": 2, ""n_estimators"": 328, ""reg_lambda"": 3.7378766512123827, ""subsample"": 0.5842347787389167}"
2026-07-06T16:29:01+00:00,xgboost,wine_binary,TPE,0,25,balanced_accuracy,0.977920,"{""colsample_bytree"": 0.5445083278729176, ""learning_rate"": 0.11584496680155984, ""max_depth"": 4, ""n_estimators"": 216, ""reg_lambda"": 0.04300312403368746, ""subsample"": 0.6779047009875603}"
2026-07-06T16:29:01+00:00,xgboost,wine_binary,TPE,0,26,balanced_accuracy,0.977920,"{""colsample_bytree"": 0.5769507130250242, ""learning_rate"": 0.1886664974612862, ""max_depth"": 3, ""n_estimators"": 272, ""reg_lambda"": 1.9683899325512784, ""subsample"": 0.6242137493765423}"
2026-07-06T16:29:01+00:00,xgboost,wine_binary,TPE,0,27,balanced_accuracy,0.990741,"{""colsample_bytree"": 0.5321478146465841, ""learning_rate"": 0.21906375234202907, ""max_depth"": 2, ""n_estimators"": 118, ""reg_lambda"": 0.1589549379760164, ""subsample"": 0.5326367677729086}"
2026-07-06T16:29:01+00:00,xgboost,wine_binary,TPE,0,28,balanced_accuracy,0.990741,"{""colsample_bytree"": 0.614826225113073, ""learning_rate"": 0.07627177722890671, ""max_depth"": 4, ""n_estimators"": 178, ""reg_lambda"": 0.46331495907093667, ""subsample"": 0.5715380360989931}"
2026-07-06T16:29:01+00:00,xgboost,wine_binary,TPE,0,29,balanced_accuracy,0.990741,"{""colsample_bytree"": 0.6798740726251118, ""learning_rate"": 0.05736689559922025, ""max_depth"": 6, ""n_estimators"": 317, ""reg_lambda"": 5.406573180250182, ""subsample"": 0.7307335120652143}"
2026-07-06T16:29:01+00:00,xgboost,wine_binary,TPE,0,30,balanced_accuracy,0.977920,"{""colsample_bytree"": 0.5280335548272739, ""learning_rate"": 0.11177840890722464, ""max_depth"": 3, ""n_estimators"": 365, ""reg_lambda"": 0.76991722242293, ""subsample"": 0.6253033390787628}"
2026-07-06T16:29:01+00:00,xgboost,wine_binary,TPE,0,31,balanced_accuracy,1.000000,"{""colsample_bytree"": 0.5054519899769989, ""learning_rate"": 0.1837877759269043, ""max_depth"": 3, ""n_estimators"": 282, ""reg_lambda"": 0.3814836648388352, ""subsample"": 0.5315707442550359}"
2026-07-06T16:29:01+00:00,xgboost,wine_binary,TPE,0,32,balanced_accuracy,0.965100,"{""colsample_bytree"": 0.5737952760493998, ""learning_rate"": 0.2987854996093545, ""max_depth"": 3, ""n_estimators"": 242, ""reg_lambda"": 0.6065687477445411, ""subsample"": 0.5586301922268571}"
2026-07-06T16:29:01+00:00,xgboost,wine_binary,TPE,0,33,balanced_accuracy,1.000000,"{""colsample_bytree"": 0.5294772458559799, ""learning_rate"": 0.15399224719801788, ""max_depth"": 2, ""n_estimators"": 279, ""reg_lambda"": 1.5010645938465705, ""subsample"": 0.529632828136162}"
2026-07-06T16:29:01+00:00,xgboost,wine_binary,TPE,0,34,balanced_accuracy,0.974359,"{""colsample_bytree"": 0.5015446492791655, ""learning_rate"": 0.2036141175426351, ""max_depth"": 4, ""n_estimators"": 229, ""reg_lambda"": 0.07793506819814493, ""subsample"": 0.6053731432107465}"
2026-07-06T16:29:01+00:00,xgboost,wine_binary,TPE,0,35,balanced_accuracy,0.965100,"{""colsample_bytree"": 0.5695574001258537, ""learning_rate"": 0.12780800071915102, ""max_depth"": 5, ""n_estimators"": 300, ""reg_lambda"": 0.2846114123496842, ""subsample"": 0.9981597188969469}"
2026-07-06T16:29:01+00:00,xgboost,wine_binary,TPE,0,36,balanced_accuracy,0.990741,"{""colsample_bytree"": 0.8075685397809509, ""learning_rate"": 0.040173008011242566, ""max_depth"": 3, ""n_estimators"": 349, ""reg_lambda"": 2.6330787726450695, ""subsample"": 0.5639097356043552}"
2026-07-06T16:29:01+00:00,xgboost,wine_binary,TPE,0,37,balanced_accuracy,0.977920,"{""colsample_bytree"": 0.5230429849359292, ""learning_rate"": 0.0859669568846752, ""max_depth"": 9, ""n_estimators"": 262, ""reg_lambda"": 0.02684479153658291, ""subsample"": 0.6562858863417291}"
2026-07-06T16:29:01+00:00,xgboost,wine_binary,TPE,0,38,balanced_accuracy,1.000000,"{""colsample_bytree"": 0.596048758170196, ""learning_rate"": 0.2181088499214896, ""max_depth"": 6, ""n_estimators"": 192, ""reg_lambda"": 1.4836791161732874, ""subsample"": 0.526878460728282}"
2026-07-06T16:29:01+00:00,xgboost,wine_binary,TPE,0,39,balanced_accuracy,0.990741,"{""colsample_bytree"": 0.6591893268681623, ""learning_rate"": 0.1463311330389242, ""max_depth"": 2, ""n_estimators"": 302, ""reg_lambda"": 0.9259219686031773, ""subsample"": 0.5819825345838946}"
2026-07-06T16:29:01+00:00,xgboost,wine_binary,TPE,0,40,balanced_accuracy,0.977920,"{""colsample_bytree"": 0.967589467950272, ""learning_rate"": 0.06735143563280876, ""max_depth"": 4, ""n_estimators"": 394, ""reg_lambda"": 0.1909557264329554, ""subsample"": 0.7101119216345803}"
2026-07-06T16:29:01+00:00,xgboost,wine_binary,TPE,0,41,balanced_accuracy,1.000000,"{""colsample_bytree"": 0.500946531452052, ""learning_rate"": 0.10306957025338337, ""max_depth"": 3, ""n_estimators"": 135, ""reg_lambda"": 0.0010130735472887625, ""subsample"": 0.5552407553548067}"
2026-07-06T16:29:01+00:00,xgboost,wine_binary,TPE,0,42,balanced_accuracy,0.990741,"{""colsample_bytree"": 0.5327980921140478, ""learning_rate"": 0.22577587893941004, ""max_depth"": 3, ""n_estimators"": 83, ""reg_lambda"": 0.28964679221650863, ""subsample"": 0.5483876858562035}"
2026-07-06T16:29:01+00:00,xgboost,wine_binary,TPE,0,43,balanced_accuracy,0.990741,"{""colsample_bytree"": 0.5012413145009452, ""learning_rate"": 0.09004101032065469, ""max_depth"": 2, ""n_estimators"": 157, ""reg_lambda"": 0.09830637047028208, ""subsample"": 0.5012606872677996}"
2026-07-06T16:29:01+00:00,xgboost,wine_binary,TPE,0,44,balanced_accuracy,0.977920,"{""colsample_bytree"": 0.5589951168410797, ""learning_rate"": 0.04853741414672718, ""max_depth"": 3, ""n_estimators"": 199, ""reg_lambda"": 0.24605708430032924, ""subsample"": 0.904170995168849}"
2026-07-06T16:29:01+00:00,xgboost,wine_binary,TPE,0,45,balanced_accuracy,0.990741,"{""colsample_bytree"": 0.5230812608530673, ""learning_rate"": 0.02646115937447034, ""max_depth"": 4, ""n_estimators"": 159, ""reg_lambda"": 0.45823036711363074, ""subsample"": 0.6085237467099568}"
2026-07-06T16:29:01+00:00,xgboost,wine_binary,TPE,0,46,balanced_accuracy,0.500000,"{""colsample_bytree"": 0.6099006028943816, ""learning_rate"": 0.0010569754305177538, ""max_depth"": 3, ""n_estimators"": 102, ""reg_lambda"": 1.2468509528532845, ""subsample"": 0.5190777841832598}"
2026-07-06T16:29:01+00:00,xgboost,wine_binary,TPE,0,47,balanced_accuracy,0.948718,"{""colsample_bytree"": 0.5245771883216076, ""learning_rate"": 0.0030064693366879717, ""max_depth"": 2, ""n_estimators"": 240, ""reg_lambda"": 2.4270922448524916, ""subsample"": 0.5488127814931962}"
2026-07-06T16:29:01+00:00,xgboost,wine_binary,TPE,0,48,balanced_accuracy,0.990741,"{""colsample_bytree"": 0.5758040341615048, ""learning_rate"": 0.1264601431757658, ""max_depth"": 5, ""n_estimators"": 174, ""reg_lambda"": 5.5198408316993275, ""subsample"": 0.5824977361810917}"
2026-07-06T16:29:01+00:00,xgboost,wine_binary,TPE,0,49,balanced_accuracy,0.965100,"{""colsample_bytree"": 0.5466602970561215, ""learning_rate"": 0.2521154668634286, ""max_depth"": 4, ""n_estimators"": 434, ""reg_lambda"": 0.6677309487647819, ""subsample"": 0.6154932673848}"
2026-07-06T16:46:57+00:00,logreg,xor_gauss,TPE,0,0,balanced_accuracy,0.503779,"{""C"": 1.96282248134428}"
2026-07-06T16:46:57+00:00,logreg,xor_gauss,TPE,0,1,balanced_accuracy,0.502291,"{""C"": 19.549524484259873}"
2026-07-06T16:46:57+00:00,logreg,xor_gauss,TPE,0,2,balanced_accuracy,0.503779,"{""C"": 4.135997393839888}"
2026-07-06T16:46:57+00:00,logreg,xor_gauss,TPE,0,3,balanced_accuracy,0.503779,"{""C"": 1.8590843630169627}"
2026-07-06T16:46:57+00:00,logreg,xor_gauss,TPE,0,4,balanced_accuracy,0.512383,"{""C"": 0.348280208702833}"
2026-07-06T16:46:57+00:00,logreg,xor_gauss,TPE,0,5,balanced_accuracy,0.502291,"{""C"": 7.505241622349544}"
2026-07-06T16:46:57+00:00,logreg,xor_gauss,TPE,0,6,balanced_accuracy,0.512545,"{""C"": 0.4222048983149828}"
2026-07-06T16:46:57+00:00,logreg,xor_gauss,TPE,0,7,balanced_accuracy,0.502291,"{""C"": 224.2012371372442}"
2026-07-06T16:46:57+00:00,logreg,xor_gauss,TPE,0,8,balanced_accuracy,0.502291,"{""C"": 605.3082080079017}"
2026-07-06T16:46:57+00:00,logreg,xor_gauss,TPE,0,9,balanced_accuracy,0.507271,"{""C"": 0.1998246739232945}"
2026-07-06T16:46:57+00:00,logreg,xor_gauss,TPE,0,10,balanced_accuracy,0.500000,"{""C"": 0.0013243623620587995}"
2026-07-06T16:46:57+00:00,logreg,xor_gauss,TPE,0,11,balanced_accuracy,0.512099,"{""C"": 0.054537602901420665}"
2026-07-06T16:46:57+00:00,logreg,xor_gauss,TPE,0,12,balanced_accuracy,0.513525,"{""C"": 0.0677535379742745}"
2026-07-06T16:46:57+00:00,logreg,xor_gauss,TPE,0,13,balanced_accuracy,0.497024,"{""C"": 0.010756323870249013}"
2026-07-06T16:46:57+00:00,logreg,xor_gauss,TPE,0,14,balanced_accuracy,0.500651,"{""C"": 0.019611938573593016}"
2026-07-06T16:46:57+00:00,logreg,xor_gauss,TPE,0,15,balanced_accuracy,0.500000,"{""C"": 0.0025738915792684475}"
2026-07-06T16:46:57+00:00,logreg,xor_gauss,TPE,0,16,balanced_accuracy,0.512383,"{""C"": 0.3482844245246735}"
2026-07-06T16:46:57+00:00,logreg,xor_gauss,TPE,0,17,balanced_accuracy,0.509709,"{""C"": 0.07856817788954326}"
2026-07-06T16:46:57+00:00,logreg,xor_gauss,TPE,0,18,balanced_accuracy,0.502291,"{""C"": 44.85453582866641}"
2026-07-06T16:46:57+00:00,logreg,xor_gauss,TPE,0,19,balanced_accuracy,0.509731,"{""C"": 0.7653158999706406}"
2026-07-06T16:46:57+00:00,logreg,xor_gauss,TPE,0,20,balanced_accuracy,0.500489,"{""C"": 0.01893407317131169}"
2026-07-06T16:46:57+00:00,logreg,xor_gauss,TPE,0,21,balanced_accuracy,0.510247,"{""C"": 0.18635804100930467}"
2026-07-06T16:46:57+00:00,logreg,xor_gauss,TPE,0,22,balanced_accuracy,0.509731,"{""C"": 0.7686653152291193}"
2026-07-06T16:46:57+00:00,logreg,xor_gauss,TPE,0,23,balanced_accuracy,0.514851,"{""C"": 0.06653602235670783}"
2026-07-06T16:46:57+00:00,logreg,xor_gauss,TPE,0,24,balanced_accuracy,0.498512,"{""C"": 0.007588081264647763}"
2026-07-06T16:46:57+00:00,logreg,xor_gauss,TPE,0,25,balanced_accuracy,0.513217,"{""C"": 0.06349078503964521}"
2026-07-06T16:46:57+00:00,logreg,xor_gauss,TPE,0,26,balanced_accuracy,0.512685,"{""C"": 0.07460330970167504}"
2026-07-06T16:46:57+00:00,logreg,xor_gauss,TPE,0,27,balanced_accuracy,0.500000,"{""C"": 0.004378632086050083}"
2026-07-06T16:46:57+00:00,logreg,xor_gauss,TPE,0,28,balanced_accuracy,0.496207,"{""C"": 0.030763466264357973}"
2026-07-06T16:46:57+00:00,logreg,xor_gauss,TPE,0,29,balanced_accuracy,0.506201,"{""C"": 0.1125748334080425}"
2026-07-06T16:46:57+00:00,logreg,xor_gauss,TPE,0,30,balanced_accuracy,0.503779,"{""C"": 1.7811715633809415}"
2026-07-06T16:46:57+00:00,logreg,xor_gauss,TPE,0,31,balanced_accuracy,0.513911,"{""C"": 0.055058563712426845}"
2026-07-06T16:46:57+00:00,logreg,xor_gauss,TPE,0,32,balanced_accuracy,0.493522,"{""C"": 0.03270658253792594}"
2026-07-06T16:46:57+00:00,logreg,xor_gauss,TPE,0,33,balanced_accuracy,0.495682,"{""C"": 0.011971414025618646}"
2026-07-06T16:46:57+00:00,logreg,xor_gauss,TPE,0,34,balanced_accuracy,0.502827,"{""C"": 0.040422713729614916}"
2026-07-06T16:46:57+00:00,logreg,xor_gauss,TPE,0,35,balanced_accuracy,0.508451,"{""C"": 0.1505082662111875}"
2026-07-06T16:46:57+00:00,logreg,xor_gauss,TPE,0,36,balanced_accuracy,0.500000,"{""C"": 0.00447769437986393}"
2026-07-06T16:46:57+00:00,logreg,xor_gauss,TPE,0,37,balanced_accuracy,0.508243,"{""C"": 0.8968714898160653}"
2026-07-06T16:46:57+00:00,logreg,xor_gauss,TPE,0,38,balanced_accuracy,0.503779,"{""C"": 2.5711603443769047}"
2026-07-06T16:46:57+00:00,logreg,xor_gauss,TPE,0,39,balanced_accuracy,0.510733,"{""C"": 0.297814564497166}"
2026-07-06T16:46:57+00:00,logreg,xor_gauss,TPE,0,40,balanced_accuracy,0.502291,"{""C"": 9.266404284387805}"
2026-07-06T16:46:57+00:00,logreg,xor_gauss,TPE,0,41,balanced_accuracy,0.511829,"{""C"": 0.0875240394177662}"
2026-07-06T16:46:57+00:00,logreg,xor_gauss,TPE,0,42,balanced_accuracy,0.512685,"{""C"": 0.07440966338985598}"
2026-07-06T16:46:57+00:00,logreg,xor_gauss,TPE,0,43,balanced_accuracy,0.497387,"{""C"": 0.027197039364940813}"
2026-07-06T16:46:57+00:00,logreg,xor_gauss,TPE,0,44,balanced_accuracy,0.514381,"{""C"": 0.056998559748293806}"
2026-07-06T16:46:57+00:00,logreg,xor_gauss,TPE,0,45,balanced_accuracy,0.500908,"{""C"": 0.014479626626512265}"
2026-07-06T16:46:57+00:00,logreg,xor_gauss,TPE,0,46,balanced_accuracy,0.508759,"{""C"": 0.19646956461372245}"
2026-07-06T16:46:57+00:00,logreg,xor_gauss,TPE,0,47,balanced_accuracy,0.500000,"{""C"": 0.0015260528137624914}"
2026-07-06T16:46:57+00:00,logreg,xor_gauss,TPE,0,48,balanced_accuracy,0.507018,"{""C"": 0.05066097362969191}"
2026-07-06T16:46:57+00:00,logreg,xor_gauss,TPE,0,49,balanced_accuracy,0.498512,"{""C"": 0.007008496568131614}"
2026-07-06T16:47:12+00:00,svm_linear,xor_gauss,TPE,0,0,balanced_accuracy,0.505982,"{""C"": 1.96282248134428}"
2026-07-06T16:47:12+00:00,svm_linear,xor_gauss,TPE,0,1,balanced_accuracy,0.505050,"{""C"": 19.549524484259873}"
2026-07-06T16:47:12+00:00,svm_linear,xor_gauss,TPE,0,2,balanced_accuracy,0.505758,"{""C"": 4.135997393839888}"
2026-07-06T16:47:12+00:00,svm_linear,xor_gauss,TPE,0,3,balanced_accuracy,0.505982,"{""C"": 1.8590843630169627}"
2026-07-06T16:47:12+00:00,svm_linear,xor_gauss,TPE,0,4,balanced_accuracy,0.500788,"{""C"": 0.348280208702833}"
2026-07-06T16:47:12+00:00,svm_linear,xor_gauss,TPE,0,5,balanced_accuracy,0.505050,"{""C"": 7.505241622349544}"
2026-07-06T16:47:12+00:00,svm_linear,xor_gauss,TPE,0,6,balanced_accuracy,0.504056,"{""C"": 0.4222048983149828}"
2026-07-06T16:47:12+00:00,svm_linear,xor_gauss,TPE,0,7,balanced_accuracy,0.506393,"{""C"": 224.2012371372442}"
2026-07-06T16:47:12+00:00,svm_linear,xor_gauss,TPE,0,8,balanced_accuracy,0.506393,"{""C"": 605.3082080079017}"
2026-07-06T16:47:12+00:00,svm_linear,xor_gauss,TPE,0,9,balanced_accuracy,0.500058,"{""C"": 0.1998246739232945}"
2026-07-06T16:47:12+00:00,svm_linear,xor_gauss,TPE,0,10,balanced_accuracy,0.500000,"{""C"": 0.0013243623620587995}"
2026-07-06T16:47:12+00:00,svm_linear,xor_gauss,TPE,0,11,balanced_accuracy,0.506393,"{""C"": 864.0387958696389}"
2026-07-06T16:47:12+00:00,svm_linear,xor_gauss,TPE,0,12,balanced_accuracy,0.506393,"{""C"": 520.7983086710348}"
2026-07-06T16:47:12+00:00,svm_linear,xor_gauss,TPE,0,13,balanced_accuracy,0.504905,"{""C"": 122.68025252144933}"
2026-07-06T16:47:12+00:00,svm_linear,xor_gauss,TPE,0,14,balanced_accuracy,0.504905,"{""C"": 88.68006051230093}"
2026-07-06T16:47:12+00:00,svm_linear,xor_gauss,TPE,0,15,balanced_accuracy,0.504905,"{""C"": 86.58456779452874}"
2026-07-06T16:47:12+00:00,svm_linear,xor_gauss,TPE,0,16,balanced_accuracy,0.504905,"{""C"": 264.1392340515859}"
2026-07-06T16:47:12+00:00,svm_linear,xor_gauss,TPE,0,17,balanced_accuracy,0.505050,"{""C"": 26.01487243929473}"
2026-07-06T16:47:12+00:00,svm_linear,xor_gauss,TPE,0,18,balanced_accuracy,0.506393,"{""C"": 954.0211012540631}"
2026-07-06T16:47:12+00:00,svm_linear,xor_gauss,TPE,0,19,balanced_accuracy,0.500000,"{""C"": 0.011961536864755732}"
2026-07-06T16:47:12+00:00,svm_linear,xor_gauss,TPE,0,20,balanced_accuracy,0.505050,"{""C"": 29.41834371295898}"
2026-07-06T16:47:12+00:00,svm_linear,xor_gauss,TPE,0,21,balanced_accuracy,0.506393,"{""C"": 932.2569527236195}"
2026-07-06T16:47:12+00:00,svm_linear,xor_gauss,TPE,0,22,balanced_accuracy,0.506393,"{""C"": 232.8275311756474}"
2026-07-06T16:47:12+00:00,svm_linear,xor_gauss,TPE,0,23,balanced_accuracy,0.506393,"{""C"": 318.99450935049225}"
2026-07-06T16:47:12+00:00,svm_linear,xor_gauss,TPE,0,24,balanced_accuracy,0.504905,"{""C"": 62.595963595805266}"
2026-07-06T16:47:12+00:00,svm_linear,xor_gauss,TPE,0,25,balanced_accuracy,0.506393,"{""C"": 955.3375193503556}"
2026-07-06T16:47:12+00:00,svm_linear,xor_gauss,TPE,0,26,balanced_accuracy,0.506393,"{""C"": 234.91428959791477}"
2026-07-06T16:47:12+00:00,svm_linear,xor_gauss,TPE,0,27,balanced_accuracy,0.504905,"{""C"": 39.58296532907123}"
2026-07-06T16:47:12+00:00,svm_linear,xor_gauss,TPE,0,28,balanced_accuracy,0.505050,"{""C"": 12.488280855053969}"
2026-07-06T16:47:12+00:00,svm_linear,xor_gauss,TPE,0,29,balanced_accuracy,0.504905,"{""C"": 115.70598210881106}"
2026-07-06T16:47:12+00:00,svm_linear,xor_gauss,TPE,0,30,balanced_accuracy,0.506393,"{""C"": 402.23984458096186}"
2026-07-06T16:47:12+00:00,svm_linear,xor_gauss,TPE,0,31,balanced_accuracy,0.506393,"{""C"": 422.20596035063556}"
2026-07-06T16:47:12+00:00,svm_linear,xor_gauss,TPE,0,32,balanced_accuracy,0.506393,"{""C"": 567.4770285469045}"
2026-07-06T16:47:12+00:00,svm_linear,xor_gauss,TPE,0,33,balanced_accuracy,0.504905,"{""C"": 223.4743410231199}"
2026-07-06T16:47:12+00:00,svm_linear,xor_gauss,TPE,0,34,balanced_accuracy,0.506393,"{""C"": 117.31520631739625}"
2026-07-06T16:47:12+00:00,svm_linear,xor_gauss,TPE,0,35,balanced_accuracy,0.504905,"{""C"": 43.77667310509501}"
2026-07-06T16:47:12+00:00,svm_linear,xor_gauss,TPE,0,36,balanced_accuracy,0.507632,"{""C"": 3.1066754031632535}"
2026-07-06T16:47:12+00:00,svm_linear,xor_gauss,TPE,0,37,balanced_accuracy,0.505982,"{""C"": 1.5352035072459165}"
2026-07-06T16:47:12+00:00,svm_linear,xor_gauss,TPE,0,38,balanced_accuracy,0.504270,"{""C"": 4.183442802313374}"
2026-07-06T16:47:12+00:00,svm_linear,xor_gauss,TPE,0,39,balanced_accuracy,0.500000,"{""C"": 0.016105828223203084}"
2026-07-06T16:47:12+00:00,svm_linear,xor_gauss,TPE,0,40,balanced_accuracy,0.500584,"{""C"": 0.09263180209133381}"
2026-07-06T16:47:12+00:00,svm_linear,xor_gauss,TPE,0,41,balanced_accuracy,0.506393,"{""C"": 547.9375953775365}"
2026-07-06T16:47:12+00:00,svm_linear,xor_gauss,TPE,0,42,balanced_accuracy,0.505050,"{""C"": 12.372320562315766}"
2026-07-06T16:47:12+00:00,svm_linear,xor_gauss,TPE,0,43,balanced_accuracy,0.507470,"{""C"": 1.0904779214444533}"
2026-07-06T16:47:12+00:00,svm_linear,xor_gauss,TPE,0,44,balanced_accuracy,0.507470,"{""C"": 0.8697886500269485}"
2026-07-06T16:47:12+00:00,svm_linear,xor_gauss,TPE,0,45,balanced_accuracy,0.507470,"{""C"": 0.9390711992827876}"
2026-07-06T16:47:12+00:00,svm_linear,xor_gauss,TPE,0,46,balanced_accuracy,0.507470,"{""C"": 0.9311626076034016}"
2026-07-06T16:47:12+00:00,svm_linear,xor_gauss,TPE,0,47,balanced_accuracy,0.507470,"{""C"": 1.0338365657450277}"
2026-07-06T16:47:12+00:00,svm_linear,xor_gauss,TPE,0,48,balanced_accuracy,0.505836,"{""C"": 0.6610698720005279}"
2026-07-06T16:47:12+00:00,svm_linear,xor_gauss,TPE,0,49,balanced_accuracy,0.506144,"{""C"": 3.14960910367664}"
2026-07-06T16:47:14+00:00,svm_rbf,xor_gauss,TPE,0,0,balanced_accuracy,0.546300,"{""C"": 1.96282248134428, ""gamma"": 0.3766576841599298}"
2026-07-06T16:47:14+00:00,svm_rbf,xor_gauss,TPE,0,1,balanced_accuracy,0.507132,"{""C"": 4.135997393839888, ""gamma"": 0.05301709347576828}"
2026-07-06T16:47:14+00:00,svm_rbf,xor_gauss,TPE,0,2,balanced_accuracy,0.502801,"{""C"": 0.348280208702833, ""gamma"": 0.1696174638729098}"
2026-07-06T16:47:14+00:00,svm_rbf,xor_gauss,TPE,0,3,balanced_accuracy,0.538903,"{""C"": 0.4222048983149828, ""gamma"": 2.8765041432546945}"
2026-07-06T16:47:14+00:00,svm_rbf,xor_gauss,TPE,0,4,balanced_accuracy,0.508758,"{""C"": 605.3082080079017, ""gamma"": 0.008264328927007725}"
2026-07-06T16:47:14+00:00,svm_rbf,xor_gauss,TPE,0,5,balanced_accuracy,0.528722,"{""C"": 56.27949975223143, ""gamma"": 0.04410365667970985}"
2026-07-06T16:47:14+00:00,svm_rbf,xor_gauss,TPE,0,6,balanced_accuracy,0.644465,"{""C"": 2.5601615250028704, ""gamma"": 4.246031301768208}"
2026-07-06T16:47:14+00:00,svm_rbf,xor_gauss,TPE,0,7,balanced_accuracy,0.500000,"{""C"": 0.002668187524237051, ""gamma"": 0.00027267573880087313}"
2026-07-06T16:47:14+00:00,svm_rbf,xor_gauss,TPE,0,8,balanced_accuracy,0.500000,"{""C"": 0.001322240284589594, ""gamma"": 1.4557916623227765}"
2026-07-06T16:47:14+00:00,svm_rbf,xor_gauss,TPE,0,9,balanced_accuracy,0.668702,"{""C"": 46.659545670218456, ""gamma"": 2.239034272168371}"
2026-07-06T16:47:14+00:00,svm_rbf,xor_gauss,TPE,0,10,balanced_accuracy,0.500000,"{""C"": 0.03796760532000351, ""gamma"": 0.0001878062513645153}"
2026-07-06T16:47:14+00:00,svm_rbf,xor_gauss,TPE,0,11,balanced_accuracy,0.606505,"{""C"": 34.01132845261087, ""gamma"": 6.695285218781533}"
2026-07-06T16:47:14+00:00,svm_rbf,xor_gauss,TPE,0,12,balanced_accuracy,0.581149,"{""C"": 76.62577197899216, ""gamma"": 9.192673799362014}"
2026-07-06T16:47:14+00:00,svm_rbf,xor_gauss,TPE,0,13,balanced_accuracy,0.605434,"{""C"": 10.464702223516039, ""gamma"": 0.8080842319162782}"
2026-07-06T16:47:14+00:00,svm_rbf,xor_gauss,TPE,0,14,balanced_accuracy,0.652978,"{""C"": 905.4593882517581, ""gamma"": 1.9994342031149885}"
2026-07-06T16:47:14+00:00,svm_rbf,xor_gauss,TPE,0,15,balanced_accuracy,0.611354,"{""C"": 484.6487566516385, ""gamma"": 0.21921344567276133}"
2026-07-06T16:47:14+00:00,svm_rbf,xor_gauss,TPE,0,16,balanced_accuracy,0.500661,"{""C"": 989.2115343867363, ""gamma"": 0.002472910331599685}"
2026-07-06T16:47:14+00:00,svm_rbf,xor_gauss,TPE,0,17,balanced_accuracy,0.679913,"{""C"": 128.95098906033968, ""gamma"": 0.7747485714132778}"
2026-07-06T16:47:14+00:00,svm_rbf,xor_gauss,TPE,0,18,balanced_accuracy,0.529500,"{""C"": 141.35036493778165, ""gamma"": 0.037588516690831984}"
2026-07-06T16:47:14+00:00,svm_rbf,xor_gauss,TPE,0,19,balanced_accuracy,0.606890,"{""C"": 13.418895754134303, ""gamma"": 0.6589446208570295}"
2026-07-06T16:47:14+00:00,svm_rbf,xor_gauss,TPE,0,20,balanced_accuracy,0.547632,"{""C"": 172.3563775692708, ""gamma"": 0.13217614725102642}"
2026-07-06T16:47:14+00:00,svm_rbf,xor_gauss,TPE,0,21,balanced_accuracy,0.657605,"{""C"": 244.25565102168846, ""gamma"": 1.9243035184769166}"
2026-07-06T16:47:14+00:00,svm_rbf,xor_gauss,TPE,0,22,balanced_accuracy,0.647139,"{""C"": 23.702469979139025, ""gamma"": 1.1083436043535313}"
2026-07-06T16:47:14+00:00,svm_rbf,xor_gauss,TPE,0,23,balanced_accuracy,0.637125,"{""C"": 233.45152781688284, ""gamma"": 0.48726697713208117}"
2026-07-06T16:47:14+00:00,svm_rbf,xor_gauss,TPE,0,24,balanced_accuracy,0.645843,"{""C"": 78.45652817653175, ""gamma"": 3.1147978982308304}"
2026-07-06T16:47:14+00:00,svm_rbf,xor_gauss,TPE,0,25,balanced_accuracy,0.582945,"{""C"": 9.266404284387805, ""gamma"": 9.069526740950145}"
2026-07-06T16:47:14+00:00,svm_rbf,xor_gauss,TPE,0,26,balanced_accuracy,0.669464,"{""C"": 247.7952543616134, ""gamma"": 1.5455205748163647}"
2026-07-06T16:47:14+00:00,svm_rbf,xor_gauss,TPE,0,27,balanced_accuracy,0.599530,"{""C"": 35.78786458636973, ""gamma"": 0.3164081279738285}"
2026-07-06T16:47:14+00:00,svm_rbf,xor_gauss,TPE,0,28,balanced_accuracy,0.586987,"{""C"": 0.7351663687365003, ""gamma"": 0.9929259053093833}"
2026-07-06T16:47:14+00:00,svm_rbf,xor_gauss,TPE,0,29,balanced_accuracy,0.517460,"{""C"": 4.6463098956005355, ""gamma"": 0.08369867536716676}"
2026-07-06T16:47:14+00:00,svm_rbf,xor_gauss,TPE,0,30,balanced_accuracy,0.519340,"{""C"": 327.3790980715529, ""gamma"": 0.018594744695178675}"
2026-07-06T16:47:14+00:00,svm_rbf,xor_gauss,TPE,0,31,balanced_accuracy,0.612712,"{""C"": 128.22055047540854, ""gamma"": 0.38809690307028183}"
2026-07-06T16:47:14+00:00,svm_rbf,xor_gauss,TPE,0,32,balanced_accuracy,0.656117,"{""C"": 244.5839762049742, ""gamma"": 1.9829345651863464}"
2026-07-06T16:47:14+00:00,svm_rbf,xor_gauss,TPE,0,33,balanced_accuracy,0.644125,"{""C"": 29.42235247457105, ""gamma"": 3.997907479425902}"
2026-07-06T16:47:14+00:00,svm_rbf,xor_gauss,TPE,0,34,balanced_accuracy,0.627272,"{""C"": 78.98143626473691, ""gamma"": 0.5713393888677797}"
2026-07-06T16:47:14+00:00,svm_rbf,xor_gauss,TPE,0,35,balanced_accuracy,0.654774,"{""C"": 350.14557984214383, ""gamma"": 1.5620674034745845}"
2026-07-06T16:47:14+00:00,svm_rbf,xor_gauss,TPE,0,36,balanced_accuracy,0.537271,"{""C"": 5.361246817024523, ""gamma"": 0.1965762377584535}"
2026-07-06T16:47:14+00:00,svm_rbf,xor_gauss,TPE,0,37,balanced_accuracy,0.644125,"{""C"": 488.6132607889909, ""gamma"": 3.999087218979005}"
2026-07-06T16:47:14+00:00,svm_rbf,xor_gauss,TPE,0,38,balanced_accuracy,0.528320,"{""C"": 16.78174983146008, ""gamma"": 0.09878014889387708}"
2026-07-06T16:47:14+00:00,svm_rbf,xor_gauss,TPE,0,39,balanced_accuracy,0.662425,"{""C"": 50.189538230749605, ""gamma"": 2.3518468972847555}"
2026-07-06T16:47:14+00:00,svm_rbf,xor_gauss,TPE,0,40,balanced_accuracy,0.620452,"{""C"": 1.16652022781126, ""gamma"": 5.457103104899033}"
2026-07-06T16:47:14+00:00,svm_rbf,xor_gauss,TPE,0,41,balanced_accuracy,0.665742,"{""C"": 54.40916751803811, ""gamma"": 2.108533774890572}"
2026-07-06T16:47:14+00:00,svm_rbf,xor_gauss,TPE,0,42,balanced_accuracy,0.660953,"{""C"": 43.462198589906926, ""gamma"": 2.4391826743386593}"
2026-07-06T16:47:14+00:00,svm_rbf,xor_gauss,TPE,0,43,balanced_accuracy,0.659660,"{""C"": 96.67342735598842, ""gamma"": 0.7182240863086214}"
2026-07-06T16:47:14+00:00,svm_rbf,xor_gauss,TPE,0,44,balanced_accuracy,0.497332,"{""C"": 0.15138013372091613, ""gamma"": 1.1426413031209504}"
2026-07-06T16:47:14+00:00,svm_rbf,xor_gauss,TPE,0,45,balanced_accuracy,0.588481,"{""C"": 51.12188199205892, ""gamma"": 0.3303960857186217}"
2026-07-06T16:47:14+00:00,svm_rbf,xor_gauss,TPE,0,46,balanced_accuracy,0.656745,"{""C"": 19.585625778994025, ""gamma"": 3.2305924807411315}"
2026-07-06T16:47:14+00:00,svm_rbf,xor_gauss,TPE,0,47,balanced_accuracy,0.500000,"{""C"": 0.006223879921862571, ""gamma"": 0.0010696591559493556}"
2026-07-06T16:47:14+00:00,svm_rbf,xor_gauss,TPE,0,48,balanced_accuracy,0.614249,"{""C"": 2.4287983741290056, ""gamma"": 1.3906829765489017}"
2026-07-06T16:47:14+00:00,svm_rbf,xor_gauss,TPE,0,49,balanced_accuracy,0.621230,"{""C"": 129.22058311710066, ""gamma"": 5.811759187293355}"
2026-07-06T16:47:15+00:00,knn,xor_gauss,TPE,0,0,balanced_accuracy,0.577345,"{""n_neighbors"": 17, ""p"": 1, ""weights"": ""uniform""}"
2026-07-06T16:47:15+00:00,knn,xor_gauss,TPE,0,1,balanced_accuracy,0.593086,"{""n_neighbors"": 20, ""p"": 1, ""weights"": ""distance""}"
2026-07-06T16:47:15+00:00,knn,xor_gauss,TPE,0,2,balanced_accuracy,0.572038,"{""n_neighbors"": 24, ""p"": 1, ""weights"": ""distance""}"
2026-07-06T16:47:15+00:00,knn,xor_gauss,TPE,0,3,balanced_accuracy,0.623064,"{""n_neighbors"": 3, ""p"": 2, ""weights"": ""distance""}"
2026-07-06T16:47:15+00:00,knn,xor_gauss,TPE,0,4,balanced_accuracy,0.512289,"{""n_neighbors"": 30, ""p"": 1, ""weights"": ""uniform""}"
2026-07-06T16:47:15+00:00,knn,xor_gauss,TPE,0,5,balanced_accuracy,0.593086,"{""n_neighbors"": 20, ""p"": 1, ""weights"": ""distance""}"
2026-07-06T16:47:15+00:00,knn,xor_gauss,TPE,0,6,balanced_accuracy,0.580105,"{""n_neighbors"": 8, ""p"": 1, ""weights"": ""uniform""}"
2026-07-06T16:47:15+00:00,knn,xor_gauss,TPE,0,7,balanced_accuracy,0.589996,"{""n_neighbors"": 19, ""p"": 1, ""weights"": ""distance""}"
2026-07-06T16:47:15+00:00,knn,xor_gauss,TPE,0,8,balanced_accuracy,0.610057,"{""n_neighbors"": 11, ""p"": 2, ""weights"": ""distance""}"
2026-07-06T16:47:15+00:00,knn,xor_gauss,TPE,0,9,balanced_accuracy,0.589364,"{""n_neighbors"": 21, ""p"": 2, ""weights"": ""uniform""}"
2026-07-06T16:47:15+00:00,knn,xor_gauss,TPE,0,10,balanced_accuracy,0.625557,"{""n_neighbors"": 1, ""p"": 2, ""weights"": ""distance""}"
2026-07-06T16:47:15+00:00,knn,xor_gauss,TPE,0,11,balanced_accuracy,0.625557,"{""n_neighbors"": 1, ""p"": 2, ""weights"": ""distance""}"
2026-07-06T16:47:15+00:00,knn,xor_gauss,TPE,0,12,balanced_accuracy,0.625557,"{""n_neighbors"": 1, ""p"": 2, ""weights"": ""distance""}"
2026-07-06T16:47:15+00:00,knn,xor_gauss,TPE,0,13,balanced_accuracy,0.635050,"{""n_neighbors"": 6, ""p"": 2, ""weights"": ""distance""}"
2026-07-06T16:47:15+00:00,knn,xor_gauss,TPE,0,14,balanced_accuracy,0.614217,"{""n_neighbors"": 7, ""p"": 2, ""weights"": ""distance""}"
2026-07-06T16:47:15+00:00,knn,xor_gauss,TPE,0,15,balanced_accuracy,0.612677,"{""n_neighbors"": 12, ""p"": 2, ""weights"": ""distance""}"
2026-07-06T16:47:15+00:00,knn,xor_gauss,TPE,0,16,balanced_accuracy,0.619521,"{""n_neighbors"": 5, ""p"": 2, ""weights"": ""distance""}"
2026-07-06T16:47:15+00:00,knn,xor_gauss,TPE,0,17,balanced_accuracy,0.612677,"{""n_neighbors"": 12, ""p"": 2, ""weights"": ""distance""}"
2026-07-06T16:47:15+00:00,knn,xor_gauss,TPE,0,18,balanced_accuracy,0.583872,"{""n_neighbors"": 8, ""p"": 2, ""weights"": ""uniform""}"
2026-07-06T16:47:15+00:00,knn,xor_gauss,TPE,0,19,balanced_accuracy,0.619521,"{""n_neighbors"": 5, ""p"": 2, ""weights"": ""distance""}"
2026-07-06T16:47:15+00:00,knn,xor_gauss,TPE,0,20,balanced_accuracy,0.609377,"{""n_neighbors"": 14, ""p"": 2, ""weights"": ""distance""}"
2026-07-06T16:47:15+00:00,knn,xor_gauss,TPE,0,21,balanced_accuracy,0.625557,"{""n_neighbors"": 1, ""p"": 2, ""weights"": ""distance""}"
2026-07-06T16:47:15+00:00,knn,xor_gauss,TPE,0,22,balanced_accuracy,0.636311,"{""n_neighbors"": 4, ""p"": 2, ""weights"": ""distance""}"
2026-07-06T16:47:15+00:00,knn,xor_gauss,TPE,0,23,balanced_accuracy,0.619521,"{""n_neighbors"": 5, ""p"": 2, ""weights"": ""distance""}"
2026-07-06T16:47:15+00:00,knn,xor_gauss,TPE,0,24,balanced_accuracy,0.636311,"{""n_neighbors"": 4, ""p"": 2, ""weights"": ""distance""}"
2026-07-06T16:47:15+00:00,knn,xor_gauss,TPE,0,25,balanced_accuracy,0.608196,"{""n_neighbors"": 9, ""p"": 2, ""weights"": ""distance""}"
2026-07-06T16:47:15+00:00,knn,xor_gauss,TPE,0,26,balanced_accuracy,0.581895,"{""n_neighbors"": 4, ""p"": 2, ""weights"": ""uniform""}"
2026-07-06T16:47:15+00:00,knn,xor_gauss,TPE,0,27,balanced_accuracy,0.611464,"{""n_neighbors"": 10, ""p"": 2, ""weights"": ""distance""}"
2026-07-06T16:47:15+00:00,knn,xor_gauss,TPE,0,28,balanced_accuracy,0.614217,"{""n_neighbors"": 7, ""p"": 2, ""weights"": ""distance""}"
2026-07-06T16:47:15+00:00,knn,xor_gauss,TPE,0,29,balanced_accuracy,0.623210,"{""n_neighbors"": 3, ""p"": 2, ""weights"": ""uniform""}"
2026-07-06T16:47:15+00:00,knn,xor_gauss,TPE,0,30,balanced_accuracy,0.609377,"{""n_neighbors"": 14, ""p"": 2, ""weights"": ""distance""}"
2026-07-06T16:47:15+00:00,knn,xor_gauss,TPE,0,31,balanced_accuracy,0.623064,"{""n_neighbors"": 3, ""p"": 2, ""weights"": ""distance""}"
2026-07-06T16:47:15+00:00,knn,xor_gauss,TPE,0,32,balanced_accuracy,0.635050,"{""n_neighbors"": 6, ""p"": 2, ""weights"": ""distance""}"
2026-07-06T16:47:15+00:00,knn,xor_gauss,TPE,0,33,balanced_accuracy,0.635050,"{""n_neighbors"": 6, ""p"": 2, ""weights"": ""distance""}"
2026-07-06T16:47:15+00:00,knn,xor_gauss,TPE,0,34,balanced_accuracy,0.615737,"{""n_neighbors"": 3, ""p"": 1, ""weights"": ""distance""}"
2026-07-06T16:47:15+00:00,knn,xor_gauss,TPE,0,35,balanced_accuracy,0.608196,"{""n_neighbors"": 9, ""p"": 2, ""weights"": ""distance""}"
2026-07-06T16:47:15+00:00,knn,xor_gauss,TPE,0,36,balanced_accuracy,0.619407,"{""n_neighbors"": 6, ""p"": 1, ""weights"": ""distance""}"
2026-07-06T16:47:15+00:00,knn,xor_gauss,TPE,0,37,balanced_accuracy,0.636311,"{""n_neighbors"": 4, ""p"": 2, ""weights"": ""distance""}"
2026-07-06T16:47:15+00:00,knn,xor_gauss,TPE,0,38,balanced_accuracy,0.516753,"{""n_neighbors"": 28, ""p"": 1, ""weights"": ""uniform""}"
2026-07-06T16:47:15+00:00,knn,xor_gauss,TPE,0,39,balanced_accuracy,0.623064,"{""n_neighbors"": 3, ""p"": 2, ""weights"": ""distance""}"
2026-07-06T16:47:15+00:00,knn,xor_gauss,TPE,0,40,balanced_accuracy,0.608958,"{""n_neighbors"": 8, ""p"": 1, ""weights"": ""distance""}"
2026-07-06T16:47:15+00:00,knn,xor_gauss,TPE,0,41,balanced_accuracy,0.635050,"{""n_neighbors"": 6, ""p"": 2, ""weights"": ""distance""}"
2026-07-06T16:47:15+00:00,knn,xor_gauss,TPE,0,42,balanced_accuracy,0.636311,"{""n_neighbors"": 4, ""p"": 2, ""weights"": ""distance""}"
2026-07-06T16:47:15+00:00,knn,xor_gauss,TPE,0,43,balanced_accuracy,0.636311,"{""n_neighbors"": 4, ""p"": 2, ""weights"": ""distance""}"
2026-07-06T16:47:15+00:00,knn,xor_gauss,TPE,0,44,balanced_accuracy,0.625557,"{""n_neighbors"": 2, ""p"": 2, ""weights"": ""distance""}"
2026-07-06T16:47:15+00:00,knn,xor_gauss,TPE,0,45,balanced_accuracy,0.636311,"{""n_neighbors"": 4, ""p"": 2, ""weights"": ""distance""}"
2026-07-06T16:47:15+00:00,knn,xor_gauss,TPE,0,46,balanced_accuracy,0.581895,"{""n_neighbors"": 4, ""p"": 2, ""weights"": ""uniform""}"
2026-07-06T16:47:15+00:00,knn,xor_gauss,TPE,0,47,balanced_accuracy,0.625557,"{""n_neighbors"": 2, ""p"": 2, ""weights"": ""distance""}"
2026-07-06T16:47:15+00:00,knn,xor_gauss,TPE,0,48,balanced_accuracy,0.637770,"{""n_neighbors"": 2, ""p"": 1, ""weights"": ""distance""}"
2026-07-06T16:47:15+00:00,knn,xor_gauss,TPE,0,49,balanced_accuracy,0.637770,"{""n_neighbors"": 2, ""p"": 1, ""weights"": ""distance""}"
2026-07-06T16:48:28+00:00,rf,xor_gauss,TPE,0,0,balanced_accuracy,0.534207,"{""max_depth"": 15, ""max_features"": null, ""min_samples_split"": 13, ""n_estimators"": 297}"
2026-07-06T16:48:28+00:00,rf,xor_gauss,TPE,0,1,balanced_accuracy,0.499667,"{""max_depth"": 18, ""max_features"": ""log2"", ""min_samples_split"": 20, ""n_estimators"": 247}"
2026-07-06T16:48:28+00:00,rf,xor_gauss,TPE,0,2,balanced_accuracy,0.556742,"{""max_depth"": 19, ""max_features"": null, ""min_samples_split"": 3, ""n_estimators"": 306}"
2026-07-06T16:48:28+00:00,rf,xor_gauss,TPE,0,3,balanced_accuracy,0.508193,"{""max_depth"": 18, ""max_features"": ""sqrt"", ""min_samples_split"": 20, ""n_estimators"": 400}"
2026-07-06T16:48:28+00:00,rf,xor_gauss,TPE,0,4,balanced_accuracy,0.516862,"{""max_depth"": 14, ""max_features"": ""sqrt"", ""min_samples_split"": 4, ""n_estimators"": 103}"
2026-07-06T16:48:28+00:00,rf,xor_gauss,TPE,0,5,balanced_accuracy,0.549720,"{""max_depth"": 16, ""max_features"": null, ""min_samples_split"": 10, ""n_estimators"": 169}"
2026-07-06T16:48:28+00:00,rf,xor_gauss,TPE,0,6,balanced_accuracy,0.497692,"{""max_depth"": 13, ""max_features"": ""sqrt"", ""min_samples_split"": 19, ""n_estimators"": 326}"
2026-07-06T16:48:28+00:00,rf,xor_gauss,TPE,0,7,balanced_accuracy,0.516510,"{""max_depth"": 3, ""max_features"": ""sqrt"", ""min_samples_split"": 14, ""n_estimators"": 364}"
2026-07-06T16:48:28+00:00,rf,xor_gauss,TPE,0,8,balanced_accuracy,0.513591,"{""max_depth"": 8, ""max_features"": ""log2"", ""min_samples_split"": 12, ""n_estimators"": 192}"
2026-07-06T16:48:28+00:00,rf,xor_gauss,TPE,0,9,balanced_accuracy,0.511079,"{""max_depth"": 5, ""max_features"": ""log2"", ""min_samples_split"": 14, ""n_estimators"": 144}"
2026-07-06T16:48:28+00:00,rf,xor_gauss,TPE,0,10,balanced_accuracy,0.534645,"{""max_depth"": 11, ""max_features"": null, ""min_samples_split"": 2, ""n_estimators"": 474}"
2026-07-06T16:48:28+00:00,rf,xor_gauss,TPE,0,11,balanced_accuracy,0.552326,"{""max_depth"": 20, ""max_features"": null, ""min_samples_split"": 7, ""n_estimators"": 62}"
2026-07-06T16:48:28+00:00,rf,xor_gauss,TPE,0,12,balanced_accuracy,0.555448,"{""max_depth"": 20, ""max_features"": null, ""min_samples_split"": 6, ""n_estimators"": 55}"
2026-07-06T16:48:28+00:00,rf,xor_gauss,TPE,0,13,balanced_accuracy,0.534693,"{""max_depth"": 20, ""max_features"": null, ""min_samples_split"": 6, ""n_estimators"": 500}"
2026-07-06T16:48:28+00:00,rf,xor_gauss,TPE,0,14,balanced_accuracy,0.540451,"{""max_depth"": 17, ""max_features"": null, ""min_samples_split"": 8, ""n_estimators"": 242}"
2026-07-06T16:48:28+00:00,rf,xor_gauss,TPE,0,15,balanced_accuracy,0.541294,"{""max_depth"": 20, ""max_features"": null, ""min_samples_split"": 2, ""n_estimators"": 53}"
2026-07-06T16:48:28+00:00,rf,xor_gauss,TPE,0,16,balanced_accuracy,0.536311,"{""max_depth"": 11, ""max_features"": null, ""min_samples_split"": 5, ""n_estimators"": 436}"
2026-07-06T16:48:28+00:00,rf,xor_gauss,TPE,0,17,balanced_accuracy,0.535193,"{""max_depth"": 18, ""max_features"": null, ""min_samples_split"": 9, ""n_estimators"": 251}"
2026-07-06T16:48:28+00:00,rf,xor_gauss,TPE,0,18,balanced_accuracy,0.541213,"{""max_depth"": 13, ""max_features"": null, ""min_samples_split"": 4, ""n_estimators"": 314}"
2026-07-06T16:48:28+00:00,rf,xor_gauss,TPE,0,19,balanced_accuracy,0.520876,"{""max_depth"": 16, ""max_features"": ""log2"", ""min_samples_split"": 11, ""n_estimators"": 111}"
2026-07-06T16:48:28+00:00,rf,xor_gauss,TPE,0,20,balanced_accuracy,0.550466,"{""max_depth"": 19, ""max_features"": null, ""min_samples_split"": 3, ""n_estimators"": 203}"
2026-07-06T16:48:28+00:00,rf,xor_gauss,TPE,0,21,balanced_accuracy,0.549350,"{""max_depth"": 20, ""max_features"": null, ""min_samples_split"": 7, ""n_estimators"": 54}"
2026-07-06T16:48:28+00:00,rf,xor_gauss,TPE,0,22,balanced_accuracy,0.555173,"{""max_depth"": 20, ""max_features"": null, ""min_samples_split"": 6, ""n_estimators"": 102}"
2026-07-06T16:48:28+00:00,rf,xor_gauss,TPE,0,23,balanced_accuracy,0.550498,"{""max_depth"": 17, ""max_features"": null, ""min_samples_split"": 5, ""n_estimators"": 106}"
2026-07-06T16:48:28+00:00,rf,xor_gauss,TPE,0,24,balanced_accuracy,0.561693,"{""max_depth"": 18, ""max_features"": null, ""min_samples_split"": 6, ""n_estimators"": 133}"
2026-07-06T16:48:28+00:00,rf,xor_gauss,TPE,0,25,balanced_accuracy,0.534807,"{""max_depth"": 16, ""max_features"": null, ""min_samples_split"": 8, ""n_estimators"": 145}"
2026-07-06T16:48:28+00:00,rf,xor_gauss,TPE,0,26,balanced_accuracy,0.542571,"{""max_depth"": 18, ""max_features"": null, ""min_samples_split"": 4, ""n_estimators"": 359}"
2026-07-06T16:48:28+00:00,rf,xor_gauss,TPE,0,27,balanced_accuracy,0.556596,"{""max_depth"": 15, ""max_features"": null, ""min_samples_split"": 2, ""n_estimators"": 272}"
2026-07-06T16:48:28+00:00,rf,xor_gauss,TPE,0,28,balanced_accuracy,0.516619,"{""max_depth"": 11, ""max_features"": ""sqrt"", ""min_samples_split"": 2, ""n_estimators"": 275}"
2026-07-06T16:48:28+00:00,rf,xor_gauss,TPE,0,29,balanced_accuracy,0.513530,"{""max_depth"": 14, ""max_features"": ""log2"", ""min_samples_split"": 3, ""n_estimators"": 217}"
2026-07-06T16:48:28+00:00,rf,xor_gauss,TPE,0,30,balanced_accuracy,0.511493,"{""max_depth"": 15, ""max_features"": null, ""min_samples_split"": 16, ""n_estimators"": 293}"
2026-07-06T16:48:28+00:00,rf,xor_gauss,TPE,0,31,balanced_accuracy,0.541245,"{""max_depth"": 17, ""max_features"": null, ""min_samples_split"": 5, ""n_estimators"": 347}"
2026-07-06T16:48:28+00:00,rf,xor_gauss,TPE,0,32,balanced_accuracy,0.556256,"{""max_depth"": 19, ""max_features"": null, ""min_samples_split"": 3, ""n_estimators"": 276}"
2026-07-06T16:48:28+00:00,rf,xor_gauss,TPE,0,33,balanced_accuracy,0.561223,"{""max_depth"": 18, ""max_features"": null, ""min_samples_split"": 3, ""n_estimators"": 263}"
2026-07-06T16:48:28+00:00,rf,xor_gauss,TPE,0,34,balanced_accuracy,0.541569,"{""max_depth"": 15, ""max_features"": null, ""min_samples_split"": 4, ""n_estimators"": 397}"
2026-07-06T16:48:28+00:00,rf,xor_gauss,TPE,0,35,balanced_accuracy,0.556256,"{""max_depth"": 18, ""max_features"": null, ""min_samples_split"": 2, ""n_estimators"": 235}"
2026-07-06T16:48:28+00:00,rf,xor_gauss,TPE,0,36,balanced_accuracy,0.513351,"{""max_depth"": 14, ""max_features"": ""sqrt"", ""min_samples_split"": 3, ""n_estimators"": 269}"
2026-07-06T16:48:28+00:00,rf,xor_gauss,TPE,0,37,balanced_accuracy,0.515812,"{""max_depth"": 16, ""max_features"": ""log2"", ""min_samples_split"": 5, ""n_estimators"": 317}"
2026-07-06T16:48:28+00:00,rf,xor_gauss,TPE,0,38,balanced_accuracy,0.521748,"{""max_depth"": 12, ""max_features"": ""sqrt"", ""min_samples_split"": 7, ""n_estimators"": 169}"
2026-07-06T16:48:28+00:00,rf,xor_gauss,TPE,0,39,balanced_accuracy,0.525308,"{""max_depth"": 8, ""max_features"": null, ""min_samples_split"": 4, ""n_estimators"": 394}"
2026-07-06T16:48:28+00:00,rf,xor_gauss,TPE,0,40,balanced_accuracy,0.555416,"{""max_depth"": 19, ""max_features"": null, ""min_samples_split"": 3, ""n_estimators"": 341}"
2026-07-06T16:48:28+00:00,rf,xor_gauss,TPE,0,41,balanced_accuracy,0.560882,"{""max_depth"": 18, ""max_features"": null, ""min_samples_split"": 2, ""n_estimators"": 236}"
2026-07-06T16:48:28+00:00,rf,xor_gauss,TPE,0,42,balanced_accuracy,0.550628,"{""max_depth"": 18, ""max_features"": null, ""min_samples_split"": 2, ""n_estimators"": 303}"
2026-07-06T16:48:28+00:00,rf,xor_gauss,TPE,0,43,balanced_accuracy,0.560302,"{""max_depth"": 17, ""max_features"": null, ""min_samples_split"": 4, ""n_estimators"": 183}"
2026-07-06T16:48:28+00:00,rf,xor_gauss,TPE,0,44,balanced_accuracy,0.554978,"{""max_depth"": 17, ""max_features"": null, ""min_samples_split"": 6, ""n_estimators"": 176}"
2026-07-06T16:48:28+00:00,rf,xor_gauss,TPE,0,45,balanced_accuracy,0.514972,"{""max_depth"": 19, ""max_features"": ""log2"", ""min_samples_split"": 5, ""n_estimators"": 217}"
2026-07-06T16:48:28+00:00,rf,xor_gauss,TPE,0,46,balanced_accuracy,0.556888,"{""max_depth"": 17, ""max_features"": null, ""min_samples_split"": 4, ""n_estimators"": 138}"
2026-07-06T16:48:28+00:00,rf,xor_gauss,TPE,0,47,balanced_accuracy,0.555254,"{""max_depth"": 17, ""max_features"": null, ""min_samples_split"": 4, ""n_estimators"": 142}"
2026-07-06T16:48:28+00:00,rf,xor_gauss,TPE,0,48,balanced_accuracy,0.502241,"{""max_depth"": 18, ""max_features"": ""sqrt"", ""min_samples_split"": 8, ""n_estimators"": 139}"
2026-07-06T16:48:28+00:00,rf,xor_gauss,TPE,0,49,balanced_accuracy,0.553280,"{""max_depth"": 16, ""max_features"": null, ""min_samples_split"": 6, ""n_estimators"": 190}"
2026-07-06T16:48:47+00:00,xgboost,xor_gauss,TPE,0,0,balanced_accuracy,0.525084,"{""colsample_bytree"": 0.7118273996694524, ""learning_rate"": 0.05910317077425309, ""max_depth"": 7, ""n_estimators"": 297, ""reg_lambda"": 0.3833332156156664, ""subsample"": 0.7724415914984484}"
2026-07-06T16:48:47+00:00,xgboost,xor_gauss,TPE,0,1,balanced_accuracy,0.554463,"{""colsample_bytree"": 0.8958625190413323, ""learning_rate"": 0.1618191272832578, ""max_depth"": 10, ""n_estimators"": 247, ""reg_lambda"": 0.13049073550362397, ""subsample"": 0.6917207594128889}"
2026-07-06T16:48:47+00:00,xgboost,xor_gauss,TPE,0,2,balanced_accuracy,0.500010,"{""colsample_bytree"": 0.5101091987201629, ""learning_rate"": 0.1962524585239014, ""max_depth"": 2, ""n_estimators"": 306, ""reg_lambda"": 2.1403233140986067, ""subsample"": 0.5435646498507704}"
2026-07-06T16:48:47+00:00,xgboost,xor_gauss,TPE,0,3,balanced_accuracy,0.543690,"{""colsample_bytree"": 0.7307396811264659, ""learning_rate"": 0.14293072093890533, ""max_depth"": 10, ""n_estimators"": 400, ""reg_lambda"": 1.3246974647468452, ""subsample"": 0.8995792821083618}"
2026-07-06T16:48:47+00:00,xgboost,xor_gauss,TPE,0,4,balanced_accuracy,0.494840,"{""colsample_bytree"": 0.7609241608750359, ""learning_rate"": 0.038473523622807364, ""max_depth"": 3, ""n_estimators"": 103, ""reg_lambda"": 0.045566719139214756, ""subsample"": 0.972334458524792}"
2026-07-06T16:48:47+00:00,xgboost,xor_gauss,TPE,0,5,balanced_accuracy,0.511639,"{""colsample_bytree"": 0.5093949002181776, ""learning_rate"": 0.08276957557192281, ""max_depth"": 6, ""n_estimators"": 169, ""reg_lambda"": 0.2954894558726685, ""subsample"": 0.7842169744343243}"
2026-07-06T16:48:47+00:00,xgboost,xor_gauss,TPE,0,6,balanced_accuracy,0.539174,"{""colsample_bytree"": 0.679753950286893, ""learning_rate"": 0.03374584570073953, ""max_depth"": 10, ""n_estimators"": 326, ""reg_lambda"": 0.05599223654063348, ""subsample"": 0.8409101495517417}"
2026-07-06T16:48:47+00:00,xgboost,xor_gauss,TPE,0,7,balanced_accuracy,0.496270,"{""colsample_bytree"": 0.6051912805369204, ""learning_rate"": 0.0014098918363046988, ""max_depth"": 8, ""n_estimators"": 364, ""reg_lambda"": 0.0032787264983352763, ""subsample"": 0.8353189348090797}"
2026-07-06T16:48:47+00:00,xgboost,xor_gauss,TPE,0,8,balanced_accuracy,0.510907,"{""colsample_bytree"": 0.9941869190296131, ""learning_rate"": 0.007960781083787736, ""max_depth"": 7, ""n_estimators"": 192, ""reg_lambda"": 0.0025596420901526653, ""subsample"": 0.7193007567311602}"
2026-07-06T16:48:47+00:00,xgboost,xor_gauss,TPE,0,9,balanced_accuracy,0.501247,"{""colsample_bytree"": 0.7331553864281531, ""learning_rate"": 0.002509477090866099, ""max_depth"": 7, ""n_estimators"": 144, ""reg_lambda"": 0.009499535455183799, ""subsample"": 0.626645801269891}"
2026-07-06T16:48:47+00:00,xgboost,xor_gauss,TPE,0,10,balanced_accuracy,0.502575,"{""colsample_bytree"": 0.9761133475207971, ""learning_rate"": 0.007624750808802947, ""max_depth"": 4, ""n_estimators"": 474, ""reg_lambda"": 8.090176915969364, ""subsample"": 0.5100229215872223}"
2026-07-06T16:48:47+00:00,xgboost,xor_gauss,TPE,0,11,balanced_accuracy,0.541764,"{""colsample_bytree"": 0.8662682461003895, ""learning_rate"": 0.26758077137886643, ""max_depth"": 10, ""n_estimators"": 456, ""reg_lambda"": 0.8336828912605942, ""subsample"": 0.9969596088199151}"
2026-07-06T16:48:47+00:00,xgboost,xor_gauss,TPE,0,12,balanced_accuracy,0.543122,"{""colsample_bytree"": 0.8366641604821345, ""learning_rate"": 0.12433463566114647, ""max_depth"": 9, ""n_estimators"": 242, ""reg_lambda"": 0.07965198554446644, ""subsample"": 0.9002027506341252}"
2026-07-06T16:48:47+00:00,xgboost,xor_gauss,TPE,0,13,balanced_accuracy,0.520730,"{""colsample_bytree"": 0.8833023826510628, ""learning_rate"": 0.022663707453004858, ""max_depth"": 10, ""n_estimators"": 428, ""reg_lambda"": 7.138779955479256, ""subsample"": 0.6612085590711466}"
2026-07-06T16:48:47+00:00,xgboost,xor_gauss,TPE,0,14,balanced_accuracy,0.540081,"{""colsample_bytree"": 0.6304726036208842, ""learning_rate"": 0.2561025373003883, ""max_depth"": 9, ""n_estimators"": 59, ""reg_lambda"": 1.5915656990780602, ""subsample"": 0.622667684377177}"
2026-07-06T16:48:47+00:00,xgboost,xor_gauss,TPE,0,15,balanced_accuracy,0.548024,"{""colsample_bytree"": 0.8009740219687511, ""learning_rate"": 0.10720038490239406, ""max_depth"": 9, ""n_estimators"": 385, ""reg_lambda"": 0.11461883431295969, ""subsample"": 0.9189074791003812}"
2026-07-06T16:48:47+00:00,xgboost,xor_gauss,TPE,0,16,balanced_accuracy,0.485593,"{""colsample_bytree"": 0.8089720171693897, ""learning_rate"": 0.01756010630847402, ""max_depth"": 5, ""n_estimators"": 241, ""reg_lambda"": 0.01732611094818685, ""subsample"": 0.7065614049779391}"
2026-07-06T16:48:47+00:00,xgboost,xor_gauss,TPE,0,17,balanced_accuracy,0.540953,"{""colsample_bytree"": 0.9298581990806672, ""learning_rate"": 0.08176240870103037, ""max_depth"": 8, ""n_estimators"": 372, ""reg_lambda"": 0.14655469213028993, ""subsample"": 0.9419661407010428}"
2026-07-06T16:48:47+00:00,xgboost,xor_gauss,TPE,0,18,balanced_accuracy,0.535374,"{""colsample_bytree"": 0.7988895421253922, ""learning_rate"": 0.09779074047880117, ""max_depth"": 9, ""n_estimators"": 497, ""reg_lambda"": 0.027753803303581074, ""subsample"": 0.563488396659908}"
2026-07-06T16:48:47+00:00,xgboost,xor_gauss,TPE,0,19,balanced_accuracy,0.564134,"{""colsample_bytree"": 0.9146485984559547, ""learning_rate"": 0.04793392820438167, ""max_depth"": 8, ""n_estimators"": 255, ""reg_lambda"": 0.17371034204026412, ""subsample"": 0.826642538704659}"
2026-07-06T16:48:47+00:00,xgboost,xor_gauss,TPE,0,20,balanced_accuracy,0.515634,"{""colsample_bytree"": 0.9124256873550556, ""learning_rate"": 0.010023735276201618, ""max_depth"": 8, ""n_estimators"": 244, ""reg_lambda"": 0.36657935179102624, ""subsample"": 0.7670591826774462}"
2026-07-06T16:48:47+00:00,xgboost,xor_gauss,TPE,0,21,balanced_accuracy,0.550352,"{""colsample_bytree"": 0.9536651118563749, ""learning_rate"": 0.04741119650676731, ""max_depth"": 9, ""n_estimators"": 271, ""reg_lambda"": 0.14162004794424463, ""subsample"": 0.8489572120896555}"
2026-07-06T16:48:47+00:00,xgboost,xor_gauss,TPE,0,22,balanced_accuracy,0.545726,"{""colsample_bytree"": 0.9448009155699143, ""learning_rate"": 0.04778976570453511, ""max_depth"": 8, ""n_estimators"": 266, ""reg_lambda"": 0.21421306220742084, ""subsample"": 0.8424510051813301}"
2026-07-06T16:48:47+00:00,xgboost,xor_gauss,TPE,0,23,balanced_accuracy,0.496642,"{""colsample_bytree"": 0.8818825817540106, ""learning_rate"": 0.01577951520430503, ""max_depth"": 6, ""n_estimators"": 184, ""reg_lambda"": 0.5059196824928126, ""subsample"": 0.8111897447869818}"
2026-07-06T16:48:47+00:00,xgboost,xor_gauss,TPE,0,24,balanced_accuracy,0.547295,"{""colsample_bytree"": 0.9529201291702982, ""learning_rate"": 0.0293882146706635, ""max_depth"": 9, ""n_estimators"": 336, ""reg_lambda"": 0.010411404602168786, ""subsample"": 0.7215680451465997}"
2026-07-06T16:48:47+00:00,xgboost,xor_gauss,TPE,0,25,balanced_accuracy,0.554106,"{""colsample_bytree"": 0.8938886964688935, ""learning_rate"": 0.0557397000347525, ""max_depth"": 10, ""n_estimators"": 275, ""reg_lambda"": 0.1305694641735467, ""subsample"": 0.8842356901534463}"
2026-07-06T16:48:47+00:00,xgboost,xor_gauss,TPE,0,26,balanced_accuracy,0.536133,"{""colsample_bytree"": 0.8484501279533279, ""learning_rate"": 0.16465679302048955, ""max_depth"": 10, ""n_estimators"": 218, ""reg_lambda"": 0.06896805471267134, ""subsample"": 0.8796868038532603}"
2026-07-06T16:48:47+00:00,xgboost,xor_gauss,TPE,0,27,balanced_accuracy,0.563797,"{""colsample_bytree"": 0.9022996276697108, ""learning_rate"": 0.06228542694068869, ""max_depth"": 10, ""n_estimators"": 141, ""reg_lambda"": 0.030643681083557226, ""subsample"": 0.6694969131309584}"
2026-07-06T16:48:47+00:00,xgboost,xor_gauss,TPE,0,28,balanced_accuracy,0.556807,"{""colsample_bytree"": 0.9126377838905811, ""learning_rate"": 0.06949399063766226, ""max_depth"": 8, ""n_estimators"": 110, ""reg_lambda"": 0.005816901292935489, ""subsample"": 0.6732903720314235}"
2026-07-06T16:48:47+00:00,xgboost,xor_gauss,TPE,0,29,balanced_accuracy,0.543460,"{""colsample_bytree"": 0.8326939520144776, ""learning_rate"": 0.07262532484671491, ""max_depth"": 6, ""n_estimators"": 118, ""reg_lambda"": 0.0036846425378070677, ""subsample"": 0.6025741091127113}"
2026-07-06T16:48:47+00:00,xgboost,xor_gauss,TPE,0,30,balanced_accuracy,0.495748,"{""colsample_bytree"": 0.9255514362505681, ""learning_rate"": 0.004393764916472397, ""max_depth"": 7, ""n_estimators"": 76, ""reg_lambda"": 0.00783194525567955, ""subsample"": 0.7535622333076525}"
2026-07-06T16:48:47+00:00,xgboost,xor_gauss,TPE,0,31,balanced_accuracy,0.549107,"{""colsample_bytree"": 0.9006859817556108, ""learning_rate"": 0.06259819538201382, ""max_depth"": 8, ""n_estimators"": 140, ""reg_lambda"": 0.0011535277871659506, ""subsample"": 0.6725358338955941}"
2026-07-06T16:48:47+00:00,xgboost,xor_gauss,TPE,0,32,balanced_accuracy,0.530618,"{""colsample_bytree"": 0.991901710710499, ""learning_rate"": 0.18908758979997664, ""max_depth"": 8, ""n_estimators"": 207, ""reg_lambda"": 0.035953737973748255, ""subsample"": 0.6726355752278819}"
2026-07-06T16:48:47+00:00,xgboost,xor_gauss,TPE,0,33,balanced_accuracy,0.539841,"{""colsample_bytree"": 0.8552794332678152, ""learning_rate"": 0.1295795679108822, ""max_depth"": 9, ""n_estimators"": 154, ""reg_lambda"": 0.020412177395028947, ""subsample"": 0.5869494803142365}"
2026-07-06T16:48:47+00:00,xgboost,xor_gauss,TPE,0,34,balanced_accuracy,0.522980,"{""colsample_bytree"": 0.9660462007562686, ""learning_rate"": 0.03075741138118279, ""max_depth"": 10, ""n_estimators"": 104, ""reg_lambda"": 0.005629206397746416, ""subsample"": 0.6440042390360098}"
2026-07-06T16:48:47+00:00,xgboost,xor_gauss,TPE,0,35,balanced_accuracy,0.532719,"{""colsample_bytree"": 0.9129474658439067, ""learning_rate"": 0.045613965528199005, ""max_depth"": 7, ""n_estimators"": 294, ""reg_lambda"": 0.017326394811270813, ""subsample"": 0.7037326422308942}"
2026-07-06T16:48:47+00:00,xgboost,xor_gauss,TPE,0,36,balanced_accuracy,0.505827,"{""colsample_bytree"": 0.7834292300556457, ""learning_rate"": 0.07176930686463275, ""max_depth"": 2, ""n_estimators"": 78, ""reg_lambda"": 0.0018705949218654559, ""subsample"": 0.7476141643290203}"
2026-07-06T16:48:47+00:00,xgboost,xor_gauss,TPE,0,37,balanced_accuracy,0.531069,"{""colsample_bytree"": 0.8739936558624258, ""learning_rate"": 0.1697801319763238, ""max_depth"": 5, ""n_estimators"": 131, ""reg_lambda"": 0.8521948629275435, ""subsample"": 0.7968158543687492}"
2026-07-06T16:48:47+00:00,xgboost,xor_gauss,TPE,0,38,balanced_accuracy,0.504682,"{""colsample_bytree"": 0.8258983664754247, ""learning_rate"": 0.02241728365580678, ""max_depth"": 7, ""n_estimators"": 170, ""reg_lambda"": 0.04786900563633731, ""subsample"": 0.6890923711029048}"
2026-07-06T16:48:47+00:00,xgboost,xor_gauss,TPE,0,39,balanced_accuracy,0.539984,"{""colsample_bytree"": 0.9381220501216316, ""learning_rate"": 0.09836608058455393, ""max_depth"": 10, ""n_estimators"": 326, ""reg_lambda"": 0.26620727408256734, ""subsample"": 0.7296550425276331}"
2026-07-06T16:48:47+00:00,xgboost,xor_gauss,TPE,0,40,balanced_accuracy,0.514100,"{""colsample_bytree"": 0.758605390779979, ""learning_rate"": 0.03409394630211637, ""max_depth"": 9, ""n_estimators"": 217, ""reg_lambda"": 0.520045162247945, ""subsample"": 0.6437187895928185}"
2026-07-06T16:48:47+00:00,xgboost,xor_gauss,TPE,0,41,balanced_accuracy,0.539611,"{""colsample_bytree"": 0.8914752733988139, ""learning_rate"": 0.05448382554132908, ""max_depth"": 10, ""n_estimators"": 297, ""reg_lambda"": 0.08273142037851038, ""subsample"": 0.9410806293589408}"
2026-07-06T16:48:47+00:00,xgboost,xor_gauss,TPE,0,42,balanced_accuracy,0.543122,"{""colsample_bytree"": 0.9065262733394456, ""learning_rate"": 0.04250741190518921, ""max_depth"": 10, ""n_estimators"": 261, ""reg_lambda"": 0.15794849517635637, ""subsample"": 0.8586772592299323}"
2026-07-06T16:48:47+00:00,xgboost,xor_gauss,TPE,0,43,balanced_accuracy,0.564507,"{""colsample_bytree"": 0.864514127118614, ""learning_rate"": 0.062318529505236205, ""max_depth"": 10, ""n_estimators"": 281, ""reg_lambda"": 3.2865268546816835, ""subsample"": 0.8059952693642142}"
2026-07-06T16:48:47+00:00,xgboost,xor_gauss,TPE,0,44,balanced_accuracy,0.538755,"{""colsample_bytree"": 0.5589951168410797, ""learning_rate"": 0.13678669242508837, ""max_depth"": 9, ""n_estimators"": 353, ""reg_lambda"": 6.563890409966126, ""subsample"": 0.8114094338790806}"
2026-07-06T16:48:47+00:00,xgboost,xor_gauss,TPE,0,45,balanced_accuracy,0.538950,"{""colsample_bytree"": 0.8571997944139861, ""learning_rate"": 0.2600208770113134, ""max_depth"": 8, ""n_estimators"": 312, ""reg_lambda"": 2.9259887736828074, ""subsample"": 0.5204565377696878}"
2026-07-06T16:48:47+00:00,xgboost,xor_gauss,TPE,0,46,balanced_accuracy,0.505550,"{""colsample_bytree"": 0.9824090155651204, ""learning_rate"": 0.0010569754305177538, ""max_depth"": 10, ""n_estimators"": 194, ""reg_lambda"": 4.200659838909257, ""subsample"": 0.7859713833778672}"
2026-07-06T16:48:47+00:00,xgboost,xor_gauss,TPE,0,47,balanced_accuracy,0.516379,"{""colsample_bytree"": 0.6870631709163466, ""learning_rate"": 0.10153020269595334, ""max_depth"": 9, ""n_estimators"": 54, ""reg_lambda"": 0.029073828320721584, ""subsample"": 0.5888227520626168}"
2026-07-06T16:48:47+00:00,xgboost,xor_gauss,TPE,0,48,balanced_accuracy,0.523093,"{""colsample_bytree"": 0.8742197195452877, ""learning_rate"": 0.02417454145270578, ""max_depth"": 7, ""n_estimators"": 235, ""reg_lambda"": 0.977156397697556, ""subsample"": 0.7494035257397759}"
2026-07-06T16:48:47+00:00,xgboost,xor_gauss,TPE,0,49,balanced_accuracy,0.543900,"{""colsample_bytree"": 0.9205461947071096, ""learning_rate"": 0.21802277017922908, ""max_depth"": 8, ""n_estimators"": 411, ""reg_lambda"": 0.011716014954605749, ""subsample"": 0.8193814367470882}"
2026-07-06T16:49:04+00:00,mlp,xor_gauss,TPE,0,0,balanced_accuracy,0.509313,"{""alpha"": 0.0037665768415992965, ""hidden_layer_sizes"": [19], ""learning_rate_init"": 0.006431172050131994}"
2026-07-06T16:49:04+00:00,mlp,xor_gauss,TPE,0,1,balanced_accuracy,0.524843,"{""alpha"": 0.0001313028028065861, ""hidden_layer_sizes"": [18], ""learning_rate_init"": 0.008663279761354562}"
2026-07-06T16:49:04+00:00,mlp,xor_gauss,TPE,0,2,balanced_accuracy,0.498016,"{""alpha"": 0.028765041432546982, ""hidden_layer_sizes"": [15], ""learning_rate_init"": 0.07780155576901421}"
2026-07-06T16:49:04+00:00,mlp,xor_gauss,TPE,0,3,balanced_accuracy,0.510065,"{""alpha"": 0.009091283280651459, ""hidden_layer_sizes"": [13], ""learning_rate_init"": 0.003860866271460547}"
2026-07-06T16:49:04+00:00,mlp,xor_gauss,TPE,0,4,balanced_accuracy,0.488307,"{""alpha"": 0.04246031301768214, ""hidden_layer_sizes"": [19], ""learning_rate_init"": 0.00016334587611069497}"
2026-07-06T16:49:04+00:00,mlp,xor_gauss,TPE,0,5,balanced_accuracy,0.491202,"{""alpha"": 1.2620948285169311e-06, ""hidden_layer_sizes"": [4], ""learning_rate_init"": 0.03146730406166007}"
2026-07-06T16:49:04+00:00,mlp,xor_gauss,TPE,0,6,balanced_accuracy,0.488198,"{""alpha"": 0.022390342721683703, ""hidden_layer_sizes"": [26], ""learning_rate_init"": 0.08626905220714905}"
2026-07-06T16:49:04+00:00,mlp,xor_gauss,TPE,0,7,balanced_accuracy,0.503569,"{""alpha"": 0.00020295362430434728, ""hidden_layer_sizes"": [26], ""learning_rate_init"": 0.02195773446539457}"
2026-07-06T16:49:04+00:00,mlp,xor_gauss,TPE,0,8,balanced_accuracy,0.486849,"{""alpha"": 0.0015834527427829746, ""hidden_layer_sizes"": [5], ""learning_rate_init"": 0.00026919058249260725}"
2026-07-06T16:49:04+00:00,mlp,xor_gauss,TPE,0,9,balanced_accuracy,0.504749,"{""alpha"": 0.0004066695065393846, ""hidden_layer_sizes"": [31], ""learning_rate_init"": 0.0017538232373118048}"
2026-07-06T16:49:04+00:00,mlp,xor_gauss,TPE,0,10,balanced_accuracy,0.476247,"{""alpha"": 8.967691581608022e-06, ""hidden_layer_sizes"": [9], ""learning_rate_init"": 0.0007786964913593174}"
2026-07-06T16:49:04+00:00,mlp,xor_gauss,TPE,0,11,balanced_accuracy,0.503244,"{""alpha"": 3.851993124899726e-05, ""hidden_layer_sizes"": [13], ""learning_rate_init"": 0.003923405663506468}"
2026-07-06T16:49:04+00:00,mlp,xor_gauss,TPE,0,12,balanced_accuracy,0.472959,"{""alpha"": 0.0029604921275743147, ""hidden_layer_sizes"": [17], ""learning_rate_init"": 0.006948782624903431}"
2026-07-06T16:49:04+00:00,mlp,xor_gauss,TPE,0,13,balanced_accuracy,0.483002,"{""alpha"": 5.8913545989069274e-05, ""hidden_layer_sizes"": [9], ""learning_rate_init"": 0.016170699628015657}"
2026-07-06T16:49:04+00:00,mlp,xor_gauss,TPE,0,14,balanced_accuracy,0.490887,"{""alpha"": 3.28326612406138e-06, ""hidden_layer_sizes"": [11], ""learning_rate_init"": 0.00187658875950348}"
2026-07-06T16:49:04+00:00,mlp,xor_gauss,TPE,0,15,balanced_accuracy,0.498478,"{""alpha"": 0.0005505599580650474, ""hidden_layer_sizes"": [22], ""learning_rate_init"": 0.0008052330976869276}"
2026-07-06T16:49:04+00:00,mlp,xor_gauss,TPE,0,16,balanced_accuracy,0.501329,"{""alpha"": 0.010878489853824558, ""hidden_layer_sizes"": [22], ""learning_rate_init"": 0.009210804989352263}"
2026-07-06T16:49:04+00:00,mlp,xor_gauss,TPE,0,17,balanced_accuracy,0.512020,"{""alpha"": 5.2329695737429514e-05, ""hidden_layer_sizes"": [14], ""learning_rate_init"": 0.0019908332705573547}"
2026-07-06T16:49:04+00:00,mlp,xor_gauss,TPE,0,18,balanced_accuracy,0.484138,"{""alpha"": 3.092778860442124e-05, ""hidden_layer_sizes"": [24], ""learning_rate_init"": 0.0008364044208175115}"
2026-07-06T16:49:04+00:00,mlp,xor_gauss,TPE,0,19,balanced_accuracy,0.514583,"{""alpha"": 0.00017116472002342965, ""hidden_layer_sizes"": [32], ""learning_rate_init"": 0.001991434337958453}"
2026-07-06T16:49:04+00:00,mlp,xor_gauss,TPE,0,20,balanced_accuracy,0.488389,"{""alpha"": 0.0001432185356932106, ""hidden_layer_sizes"": [31], ""learning_rate_init"": 0.013779224251472554}"
2026-07-06T16:49:04+00:00,mlp,xor_gauss,TPE,0,21,balanced_accuracy,0.501837,"{""alpha"": 7.435350671598645e-06, ""hidden_layer_sizes"": [28], ""learning_rate_init"": 0.0020044203118885955}"
2026-07-06T16:49:04+00:00,mlp,xor_gauss,TPE,0,22,balanced_accuracy,0.493096,"{""alpha"": 7.67590616010926e-05, ""hidden_layer_sizes"": [7], ""learning_rate_init"": 0.0004643223439347787}"
2026-07-06T16:49:04+00:00,mlp,xor_gauss,TPE,0,23,balanced_accuracy,0.505102,"{""alpha"": 1.5987875481902795e-05, ""hidden_layer_sizes"": [17], ""learning_rate_init"": 0.003573168909850666}"
2026-07-06T16:49:04+00:00,mlp,xor_gauss,TPE,0,24,balanced_accuracy,0.500000,"{""alpha"": 0.0005236664752942305, ""hidden_layer_sizes"": [2], ""learning_rate_init"": 0.0015862491600820562}"
2026-07-06T16:49:04+00:00,mlp,xor_gauss,TPE,0,25,balanced_accuracy,0.506594,"{""alpha"": 0.00016810647730149697, ""hidden_layer_sizes"": [32], ""learning_rate_init"": 0.03721975827456762}"
2026-07-06T16:49:04+00:00,mlp,xor_gauss,TPE,0,26,balanced_accuracy,0.505995,"{""alpha"": 0.0010540064566404916, ""hidden_layer_sizes"": [21], ""learning_rate_init"": 0.004485063807366141}"
2026-07-06T16:49:04+00:00,mlp,xor_gauss,TPE,0,27,balanced_accuracy,0.474927,"{""alpha"": 1.9637911056066338e-05, ""hidden_layer_sizes"": [29], ""learning_rate_init"": 0.0011905517041304917}"
2026-07-06T16:49:04+00:00,mlp,xor_gauss,TPE,0,28,balanced_accuracy,0.492993,"{""alpha"": 0.0001112714061410505, ""hidden_layer_sizes"": [14], ""learning_rate_init"": 0.0004254252560163709}"
2026-07-06T16:49:04+00:00,mlp,xor_gauss,TPE,0,29,balanced_accuracy,0.511835,"{""alpha"": 0.00036852938491661744, ""hidden_layer_sizes"": [19], ""learning_rate_init"": 0.002680263573671233}"
2026-07-06T16:49:04+00:00,mlp,xor_gauss,TPE,0,30,balanced_accuracy,0.497109,"{""alpha"": 4.207111655260498e-06, ""hidden_layer_sizes"": [10], ""learning_rate_init"": 0.007527087542392698}"
2026-07-06T16:49:04+00:00,mlp,xor_gauss,TPE,0,31,balanced_accuracy,0.476782,"{""alpha"": 0.00026521831279809256, ""hidden_layer_sizes"": [19], ""learning_rate_init"": 0.002721686458687041}"
2026-07-06T16:49:04+00:00,mlp,xor_gauss,TPE,0,32,balanced_accuracy,0.501720,"{""alpha"": 0.00100897948435217, ""hidden_layer_sizes"": [16], ""learning_rate_init"": 0.01063250840054445}"
2026-07-06T16:49:04+00:00,mlp,xor_gauss,TPE,0,33,balanced_accuracy,0.494441,"{""alpha"": 6.427248219530278e-05, ""hidden_layer_sizes"": [12], ""learning_rate_init"": 0.004931727870705375}"
2026-07-06T16:49:04+00:00,mlp,xor_gauss,TPE,0,34,balanced_accuracy,0.519454,"{""alpha"": 0.00035585460125109916, ""hidden_layer_sizes"": [18], ""learning_rate_init"": 0.002763198696866277}"
2026-07-06T16:49:04+00:00,mlp,xor_gauss,TPE,0,35,balanced_accuracy,0.515952,"{""alpha"": 0.004015181395571424, ""hidden_layer_sizes"": [16], ""learning_rate_init"": 0.0011437504819020615}"
2026-07-06T16:49:04+00:00,mlp,xor_gauss,TPE,0,36,balanced_accuracy,0.502033,"{""alpha"": 0.0030774904733704483, ""hidden_layer_sizes"": [24], ""learning_rate_init"": 0.0011356268190723245}"
2026-07-06T16:49:04+00:00,mlp,xor_gauss,TPE,0,37,balanced_accuracy,0.494779,"{""alpha"": 0.09176226052499413, ""hidden_layer_sizes"": [17], ""learning_rate_init"": 0.0028349144905426052}"
2026-07-06T16:49:04+00:00,mlp,xor_gauss,TPE,0,38,balanced_accuracy,0.483620,"{""alpha"": 0.007025395011313527, ""hidden_layer_sizes"": [20], ""learning_rate_init"": 0.0005120260456972521}"
2026-07-06T16:49:04+00:00,mlp,xor_gauss,TPE,0,39,balanced_accuracy,0.481476,"{""alpha"": 0.001198354603084979, ""hidden_layer_sizes"": [24], ""learning_rate_init"": 0.00016658156510399128}"
2026-07-06T16:49:04+00:00,mlp,xor_gauss,TPE,0,40,balanced_accuracy,0.513221,"{""alpha"": 0.007070652615182709, ""hidden_layer_sizes"": [15], ""learning_rate_init"": 0.0503425689716545}"
2026-07-06T16:49:04+00:00,mlp,xor_gauss,TPE,0,41,balanced_accuracy,0.503712,"{""alpha"": 0.019332904417841898, ""hidden_layer_sizes"": [15], ""learning_rate_init"": 0.04719873634132626}"
2026-07-06T16:49:04+00:00,mlp,xor_gauss,TPE,0,42,balanced_accuracy,0.504597,"{""alpha"": 0.005555649176339132, ""hidden_layer_sizes"": [18], ""learning_rate_init"": 0.056486718856842644}"
2026-07-06T16:49:04+00:00,mlp,xor_gauss,TPE,0,43,balanced_accuracy,0.477403,"{""alpha"": 0.001723676511506054, ""hidden_layer_sizes"": [16], ""learning_rate_init"": 0.0276806700265631}"
2026-07-06T16:49:04+00:00,mlp,xor_gauss,TPE,0,44,balanced_accuracy,0.476809,"{""alpha"": 0.03929963112361263, ""hidden_layer_sizes"": [12], ""learning_rate_init"": 0.016122703651151288}"
2026-07-06T16:49:04+00:00,mlp,xor_gauss,TPE,0,45,balanced_accuracy,0.494095,"{""alpha"": 0.011802371179561458, ""hidden_layer_sizes"": [7], ""learning_rate_init"": 0.08388246341205448}"
2026-07-06T16:49:04+00:00,mlp,xor_gauss,TPE,0,46,balanced_accuracy,0.489597,"{""alpha"": 0.002223532537576254, ""hidden_layer_sizes"": [15], ""learning_rate_init"": 0.005619715945185844}"
2026-07-06T16:49:04+00:00,mlp,xor_gauss,TPE,0,47,balanced_accuracy,0.483324,"{""alpha"": 0.004146697139856199, ""hidden_layer_sizes"": [26], ""learning_rate_init"": 0.0010398578919780382}"
2026-07-06T16:49:04+00:00,mlp,xor_gauss,TPE,0,48,balanced_accuracy,0.488418,"{""alpha"": 0.0002648137465944765, ""hidden_layer_sizes"": [22], ""learning_rate_init"": 0.02536600804250793}"
2026-07-06T16:49:04+00:00,mlp,xor_gauss,TPE,0,49,balanced_accuracy,0.468058,"{""alpha"": 0.0007930727086636226, ""hidden_layer_sizes"": [13], ""learning_rate_init"": 0.0006273310905526825}"
2026-07-06T16:49:05+00:00,logreg,pima,TPE,0,0,balanced_accuracy,0.727372,"{""C"": 1.96282248134428}"
2026-07-06T16:49:05+00:00,logreg,pima,TPE,0,1,balanced_accuracy,0.727222,"{""C"": 19.549524484259873}"
2026-07-06T16:49:05+00:00,logreg,pima,TPE,0,2,balanced_accuracy,0.727222,"{""C"": 4.135997393839888}"
2026-07-06T16:49:05+00:00,logreg,pima,TPE,0,3,balanced_accuracy,0.727372,"{""C"": 1.8590843630169627}"
2026-07-06T16:49:05+00:00,logreg,pima,TPE,0,4,balanced_accuracy,0.721923,"{""C"": 0.348280208702833}"
2026-07-06T16:49:05+00:00,logreg,pima,TPE,0,5,balanced_accuracy,0.727222,"{""C"": 7.505241622349544}"
2026-07-06T16:49:05+00:00,logreg,pima,TPE,0,6,balanced_accuracy,0.720670,"{""C"": 0.4222048983149828}"
2026-07-06T16:49:05+00:00,logreg,pima,TPE,0,7,balanced_accuracy,0.727222,"{""C"": 224.2012371372442}"
2026-07-06T16:49:05+00:00,logreg,pima,TPE,0,8,balanced_accuracy,0.727222,"{""C"": 605.3082080079017}"
2026-07-06T16:49:05+00:00,logreg,pima,TPE,0,9,balanced_accuracy,0.711495,"{""C"": 0.1998246739232945}"
2026-07-06T16:49:05+00:00,logreg,pima,TPE,0,10,balanced_accuracy,0.500000,"{""C"": 0.00243777399563589}"
2026-07-06T16:49:05+00:00,logreg,pima,TPE,0,11,balanced_accuracy,0.626774,"{""C"": 0.025052515810946994}"
2026-07-06T16:49:05+00:00,logreg,pima,TPE,0,12,balanced_accuracy,0.727372,"{""C"": 1.8080891097511027}"
2026-07-06T16:49:05+00:00,logreg,pima,TPE,0,13,balanced_accuracy,0.727222,"{""C"": 24.726383703384702}"
2026-07-06T16:49:05+00:00,logreg,pima,TPE,0,14,balanced_accuracy,0.636605,"{""C"": 0.037109651167789484}"
2026-07-06T16:49:05+00:00,logreg,pima,TPE,0,15,balanced_accuracy,0.727222,"{""C"": 67.42909596109483}"
2026-07-06T16:49:05+00:00,logreg,pima,TPE,0,16,balanced_accuracy,0.730037,"{""C"": 0.6538696767619677}"
2026-07-06T16:49:05+00:00,logreg,pima,TPE,0,17,balanced_accuracy,0.679276,"{""C"": 0.06944044604842557}"
2026-07-06T16:49:05+00:00,logreg,pima,TPE,0,18,balanced_accuracy,0.513902,"{""C"": 0.007091356857635363}"
2026-07-06T16:49:05+00:00,logreg,pima,TPE,0,19,balanced_accuracy,0.725183,"{""C"": 1.0321935548921735}"
2026-07-06T16:49:05+00:00,logreg,pima,TPE,0,20,balanced_accuracy,0.698846,"{""C"": 0.13312456335054967}"
2026-07-06T16:49:05+00:00,logreg,pima,TPE,0,21,balanced_accuracy,0.725183,"{""C"": 1.2790035622522526}"
2026-07-06T16:49:05+00:00,logreg,pima,TPE,0,22,balanced_accuracy,0.727222,"{""C"": 4.700703251217486}"
2026-07-06T16:49:05+00:00,logreg,pima,TPE,0,23,balanced_accuracy,0.730037,"{""C"": 0.6078296317121565}"
2026-07-06T16:49:05+00:00,logreg,pima,TPE,0,24,balanced_accuracy,0.721923,"{""C"": 0.3926232094600363}"
2026-07-06T16:49:05+00:00,logreg,pima,TPE,0,25,balanced_accuracy,0.727222,"{""C"": 15.714980348045053}"
2026-07-06T16:49:05+00:00,logreg,pima,TPE,0,26,balanced_accuracy,0.619891,"{""C"": 0.023990960380494614}"
2026-07-06T16:49:05+00:00,logreg,pima,TPE,0,27,balanced_accuracy,0.728784,"{""C"": 0.7898895131579405}"
2026-07-06T16:49:05+00:00,logreg,pima,TPE,0,28,balanced_accuracy,0.730037,"{""C"": 0.6582089019346948}"
2026-07-06T16:49:05+00:00,logreg,pima,TPE,0,29,balanced_accuracy,0.688460,"{""C"": 0.1042618835362705}"
2026-07-06T16:49:05+00:00,logreg,pima,TPE,0,30,balanced_accuracy,0.504695,"{""C"": 0.005163398805718546}"
2026-07-06T16:49:05+00:00,logreg,pima,TPE,0,31,balanced_accuracy,0.726436,"{""C"": 0.8061712153717815}"
2026-07-06T16:49:05+00:00,logreg,pima,TPE,0,32,balanced_accuracy,0.728784,"{""C"": 0.7569867385350099}"
2026-07-06T16:49:05+00:00,logreg,pima,TPE,0,33,balanced_accuracy,0.727222,"{""C"": 3.9490050251726756}"
2026-07-06T16:49:05+00:00,logreg,pima,TPE,0,34,balanced_accuracy,0.711495,"{""C"": 0.21761684742223242}"
2026-07-06T16:49:05+00:00,logreg,pima,TPE,0,35,balanced_accuracy,0.724875,"{""C"": 3.1366815305642564}"
2026-07-06T16:49:05+00:00,logreg,pima,TPE,0,36,balanced_accuracy,0.676961,"{""C"": 0.06648955501733954}"
2026-07-06T16:49:05+00:00,logreg,pima,TPE,0,37,balanced_accuracy,0.727222,"{""C"": 7.782987602116632}"
2026-07-06T16:49:05+00:00,logreg,pima,TPE,0,38,balanced_accuracy,0.727689,"{""C"": 0.4800761900015147}"
2026-07-06T16:49:05+00:00,logreg,pima,TPE,0,39,balanced_accuracy,0.727372,"{""C"": 2.2192871774687966}"
2026-07-06T16:49:05+00:00,logreg,pima,TPE,0,40,balanced_accuracy,0.727222,"{""C"": 12.211932075540169}"
2026-07-06T16:49:05+00:00,logreg,pima,TPE,0,41,balanced_accuracy,0.730037,"{""C"": 0.6259385684005601}"
2026-07-06T16:49:05+00:00,logreg,pima,TPE,0,42,balanced_accuracy,0.713843,"{""C"": 0.2779747640373085}"
2026-07-06T16:49:05+00:00,logreg,pima,TPE,0,43,balanced_accuracy,0.720670,"{""C"": 0.4336583412159309}"
2026-07-06T16:49:05+00:00,logreg,pima,TPE,0,44,balanced_accuracy,0.726436,"{""C"": 0.8002111788528835}"
2026-07-06T16:49:05+00:00,logreg,pima,TPE,0,45,balanced_accuracy,0.708203,"{""C"": 0.15373355789601592}"
2026-07-06T16:49:05+00:00,logreg,pima,TPE,0,46,balanced_accuracy,0.728625,"{""C"": 1.745676205578269}"
2026-07-06T16:49:05+00:00,logreg,pima,TPE,0,47,balanced_accuracy,0.730037,"{""C"": 0.6161043978032419}"
2026-07-06T16:49:05+00:00,logreg,pima,TPE,0,48,balanced_accuracy,0.679276,"{""C"": 0.06806357624126795}"
2026-07-06T16:49:05+00:00,logreg,pima,TPE,0,49,balanced_accuracy,0.727372,"{""C"": 2.428044333723111}"
2026-07-06T16:49:07+00:00,svm_linear,pima,TPE,0,0,balanced_accuracy,0.718814,"{""C"": 1.96282248134428}"
2026-07-06T16:49:07+00:00,svm_linear,pima,TPE,0,1,balanced_accuracy,0.721461,"{""C"": 19.549524484259873}"
2026-07-06T16:49:07+00:00,svm_linear,pima,TPE,0,2,balanced_accuracy,0.721470,"{""C"": 4.135997393839888}"
2026-07-06T16:49:07+00:00,svm_linear,pima,TPE,0,3,balanced_accuracy,0.718814,"{""C"": 1.8590843630169627}"
2026-07-06T16:49:07+00:00,svm_linear,pima,TPE,0,4,balanced_accuracy,0.725388,"{""C"": 0.348280208702833}"
2026-07-06T16:49:07+00:00,svm_linear,pima,TPE,0,5,balanced_accuracy,0.722714,"{""C"": 7.505241622349544}"
2026-07-06T16:49:07+00:00,svm_linear,pima,TPE,0,6,balanced_accuracy,0.728639,"{""C"": 0.4222048983149828}"
2026-07-06T16:49:07+00:00,svm_linear,pima,TPE,0,7,balanced_accuracy,0.721461,"{""C"": 224.2012371372442}"
2026-07-06T16:49:07+00:00,svm_linear,pima,TPE,0,8,balanced_accuracy,0.721461,"{""C"": 605.3082080079017}"
2026-07-06T16:49:07+00:00,svm_linear,pima,TPE,0,9,balanced_accuracy,0.726525,"{""C"": 0.1998246739232945}"
2026-07-06T16:49:07+00:00,svm_linear,pima,TPE,0,10,balanced_accuracy,0.500000,"{""C"": 0.0013243623620587995}"
2026-07-06T16:49:07+00:00,svm_linear,pima,TPE,0,11,balanced_accuracy,0.710873,"{""C"": 0.05494929473298801}"
2026-07-06T16:49:07+00:00,svm_linear,pima,TPE,0,12,balanced_accuracy,0.707464,"{""C"": 0.044782846113467806}"
2026-07-06T16:49:07+00:00,svm_linear,pima,TPE,0,13,balanced_accuracy,0.662403,"{""C"": 0.02460223350968428}"
2026-07-06T16:49:07+00:00,svm_linear,pima,TPE,0,14,balanced_accuracy,0.726333,"{""C"": 0.29473817567304794}"
2026-07-06T16:49:07+00:00,svm_linear,pima,TPE,0,15,balanced_accuracy,0.500000,"{""C"": 0.0025738915792684475}"
2026-07-06T16:49:07+00:00,svm_linear,pima,TPE,0,16,balanced_accuracy,0.725388,"{""C"": 0.3482844245246735}"
2026-07-06T16:49:07+00:00,svm_linear,pima,TPE,0,17,balanced_accuracy,0.721461,"{""C"": 55.55842362160244}"
2026-07-06T16:49:07+00:00,svm_linear,pima,TPE,0,18,balanced_accuracy,0.523166,"{""C"": 0.011681769196971281}"
2026-07-06T16:49:07+00:00,svm_linear,pima,TPE,0,19,balanced_accuracy,0.726534,"{""C"": 0.1748581665695654}"
2026-07-06T16:49:07+00:00,svm_linear,pima,TPE,0,20,balanced_accuracy,0.500000,"{""C"": 0.005993976425122581}"
2026-07-06T16:49:07+00:00,svm_linear,pima,TPE,0,21,balanced_accuracy,0.727918,"{""C"": 0.11946977492142782}"
2026-07-06T16:49:07+00:00,svm_linear,pima,TPE,0,22,balanced_accuracy,0.723223,"{""C"": 0.10111626486653848}"
2026-07-06T16:49:07+00:00,svm_linear,pima,TPE,0,23,balanced_accuracy,0.726100,"{""C"": 0.9709502419607605}"
2026-07-06T16:49:07+00:00,svm_linear,pima,TPE,0,24,balanced_accuracy,0.572739,"{""C"": 0.014712811629742636}"
2026-07-06T16:49:07+00:00,svm_linear,pima,TPE,0,25,balanced_accuracy,0.723818,"{""C"": 1.1065582842010842}"
2026-07-06T16:49:07+00:00,svm_linear,pima,TPE,0,26,balanced_accuracy,0.727778,"{""C"": 0.13944233486151553}"
2026-07-06T16:49:07+00:00,svm_linear,pima,TPE,0,27,balanced_accuracy,0.723785,"{""C"": 0.7314896566240316}"
2026-07-06T16:49:07+00:00,svm_linear,pima,TPE,0,28,balanced_accuracy,0.712912,"{""C"": 0.07144018528556809}"
2026-07-06T16:49:07+00:00,svm_linear,pima,TPE,0,29,balanced_accuracy,0.718814,"{""C"": 2.3421879067473035}"
2026-07-06T16:49:07+00:00,svm_linear,pima,TPE,0,30,balanced_accuracy,0.722714,"{""C"": 10.253075807950616}"
2026-07-06T16:49:07+00:00,svm_linear,pima,TPE,0,31,balanced_accuracy,0.727778,"{""C"": 0.14603464030206437}"
2026-07-06T16:49:07+00:00,svm_linear,pima,TPE,0,32,balanced_accuracy,0.728615,"{""C"": 0.5777359533437516}"
2026-07-06T16:49:07+00:00,svm_linear,pima,TPE,0,33,balanced_accuracy,0.729892,"{""C"": 0.4429019337650103}"
2026-07-06T16:49:07+00:00,svm_linear,pima,TPE,0,34,balanced_accuracy,0.727395,"{""C"": 0.4748668770315768}"
2026-07-06T16:49:07+00:00,svm_linear,pima,TPE,0,35,balanced_accuracy,0.720226,"{""C"": 3.1366815305642564}"
2026-07-06T16:49:07+00:00,svm_linear,pima,TPE,0,36,balanced_accuracy,0.721461,"{""C"": 37.458376564314136}"
2026-07-06T16:49:07+00:00,svm_linear,pima,TPE,0,37,balanced_accuracy,0.718814,"{""C"": 1.5225943485425553}"
2026-07-06T16:49:07+00:00,svm_linear,pima,TPE,0,38,balanced_accuracy,0.721470,"{""C"": 6.156534294285342}"
2026-07-06T16:49:07+00:00,svm_linear,pima,TPE,0,39,balanced_accuracy,0.728615,"{""C"": 0.5864807422901115}"
2026-07-06T16:49:07+00:00,svm_linear,pima,TPE,0,40,balanced_accuracy,0.728648,"{""C"": 0.5365315960010558}"
2026-07-06T16:49:07+00:00,svm_linear,pima,TPE,0,41,balanced_accuracy,0.727362,"{""C"": 0.592780524484234}"
2026-07-06T16:49:07+00:00,svm_linear,pima,TPE,0,42,balanced_accuracy,0.718814,"{""C"": 1.8046696161711766}"
2026-07-06T16:49:07+00:00,svm_linear,pima,TPE,0,43,balanced_accuracy,0.721470,"{""C"": 4.119488279440605}"
2026-07-06T16:49:07+00:00,svm_linear,pima,TPE,0,44,balanced_accuracy,0.726333,"{""C"": 0.2936151929971249}"
2026-07-06T16:49:07+00:00,svm_linear,pima,TPE,0,45,balanced_accuracy,0.691013,"{""C"": 0.03778538603684401}"
2026-07-06T16:49:07+00:00,svm_linear,pima,TPE,0,46,balanced_accuracy,0.721461,"{""C"": 12.935473733126072}"
2026-07-06T16:49:07+00:00,svm_linear,pima,TPE,0,47,balanced_accuracy,0.723785,"{""C"": 0.7210672872888307}"
2026-07-06T16:49:07+00:00,svm_linear,pima,TPE,0,48,balanced_accuracy,0.725388,"{""C"": 0.33738116422555436}"
2026-07-06T16:49:07+00:00,svm_linear,pima,TPE,0,49,balanced_accuracy,0.724753,"{""C"": 1.3790289658775885}"
2026-07-06T16:49:08+00:00,svm_rbf,pima,TPE,0,0,balanced_accuracy,0.720109,"{""C"": 1.96282248134428, ""gamma"": 0.3766576841599298}"
2026-07-06T16:49:08+00:00,svm_rbf,pima,TPE,0,1,balanced_accuracy,0.724560,"{""C"": 4.135997393839888, ""gamma"": 0.05301709347576828}"
2026-07-06T16:49:08+00:00,svm_rbf,pima,TPE,0,2,balanced_accuracy,0.727969,"{""C"": 0.348280208702833, ""gamma"": 0.1696174638729098}"
2026-07-06T16:49:08+00:00,svm_rbf,pima,TPE,0,3,balanced_accuracy,0.510045,"{""C"": 0.4222048983149828, ""gamma"": 2.8765041432546945}"
2026-07-06T16:49:08+00:00,svm_rbf,pima,TPE,0,4,balanced_accuracy,0.717613,"{""C"": 605.3082080079017, ""gamma"": 0.008264328927007725}"
2026-07-06T16:49:08+00:00,svm_rbf,pima,TPE,0,5,balanced_accuracy,0.724032,"{""C"": 56.27949975223143, ""gamma"": 0.04410365667970985}"
2026-07-06T16:49:08+00:00,svm_rbf,pima,TPE,0,6,balanced_accuracy,0.612408,"{""C"": 2.5601615250028704, ""gamma"": 4.246031301768208}"
2026-07-06T16:49:08+00:00,svm_rbf,pima,TPE,0,7,balanced_accuracy,0.500000,"{""C"": 0.002668187524237051, ""gamma"": 0.00027267573880087313}"
2026-07-06T16:49:08+00:00,svm_rbf,pima,TPE,0,8,balanced_accuracy,0.500000,"{""C"": 0.001322240284589594, ""gamma"": 1.4557916623227765}"
2026-07-06T16:49:08+00:00,svm_rbf,pima,TPE,0,9,balanced_accuracy,0.666440,"{""C"": 46.659545670218456, ""gamma"": 2.239034272168371}"
2026-07-06T16:49:08+00:00,svm_rbf,pima,TPE,0,10,balanced_accuracy,0.500000,"{""C"": 0.039741700555856144, ""gamma"": 0.0001886644133546088}"
2026-07-06T16:49:08+00:00,svm_rbf,pima,TPE,0,11,balanced_accuracy,0.507987,"{""C"": 0.13535516385517837, ""gamma"": 0.04688610573945006}"
2026-07-06T16:49:08+00:00,svm_rbf,pima,TPE,0,12,balanced_accuracy,0.719188,"{""C"": 9.385340364231412, ""gamma"": 0.11666280833492033}"
2026-07-06T16:49:08+00:00,svm_rbf,pima,TPE,0,13,balanced_accuracy,0.500000,"{""C"": 0.04148467842958253, ""gamma"": 0.004355270081945043}"
2026-07-06T16:49:08+00:00,svm_rbf,pima,TPE,0,14,balanced_accuracy,0.540360,"{""C"": 0.8793599662681225, ""gamma"": 0.007856776519976892}"
2026-07-06T16:49:08+00:00,svm_rbf,pima,TPE,0,15,balanced_accuracy,0.712418,"{""C"": 9.11742365895018, ""gamma"": 0.2864216842233433}"
2026-07-06T16:49:08+00:00,svm_rbf,pima,TPE,0,16,balanced_accuracy,0.500000,"{""C"": 0.006972517285597914, ""gamma"": 0.002472910331599685}"
2026-07-06T16:49:08+00:00,svm_rbf,pima,TPE,0,17,balanced_accuracy,0.510334,"{""C"": 0.18536428903233526, ""gamma"": 0.0336998921752764}"
2026-07-06T16:49:08+00:00,svm_rbf,pima,TPE,0,18,balanced_accuracy,0.657252,"{""C"": 697.6306234065734, ""gamma"": 0.6370554874442363}"
2026-07-06T16:49:08+00:00,svm_rbf,pima,TPE,0,19,balanced_accuracy,0.673916,"{""C"": 15.38442615842295, ""gamma"": 0.0008674180835501576}"
2026-07-06T16:49:08+00:00,svm_rbf,pima,TPE,0,20,balanced_accuracy,0.500000,"{""C"": 0.02625102153946527, ""gamma"": 0.15436602481821335}"
2026-07-06T16:49:08+00:00,svm_rbf,pima,TPE,0,21,balanced_accuracy,0.721204,"{""C"": 86.4488211374252, ""gamma"": 0.02783229156697544}"
2026-07-06T16:49:08+00:00,svm_rbf,pima,TPE,0,22,balanced_accuracy,0.719736,"{""C"": 157.84597023003298, ""gamma"": 0.06804103404932578}"
2026-07-06T16:49:08+00:00,svm_rbf,pima,TPE,0,23,balanced_accuracy,0.726674,"{""C"": 3.4104536871202997, ""gamma"": 0.02054946731526362}"
2026-07-06T16:49:08+00:00,svm_rbf,pima,TPE,0,24,balanced_accuracy,0.527161,"{""C"": 2.8656297204796695, ""gamma"": 9.497573330911157}"
2026-07-06T16:49:08+00:00,svm_rbf,pima,TPE,0,25,balanced_accuracy,0.625586,"{""C"": 0.7199352283988124, ""gamma"": 0.01432185356932104}"
2026-07-06T16:49:08+00:00,svm_rbf,pima,TPE,0,26,balanced_accuracy,0.500000,"{""C"": 0.23588725192880583, ""gamma"": 0.0013896788752897206}"
2026-07-06T16:49:08+00:00,svm_rbf,pima,TPE,0,27,balanced_accuracy,0.704287,"{""C"": 4.880259554885819, ""gamma"": 0.7484640108393993}"
2026-07-06T16:49:08+00:00,svm_rbf,pima,TPE,0,28,balanced_accuracy,0.720175,"{""C"": 15.932413016921785, ""gamma"": 0.16479365280646557}"
2026-07-06T16:49:08+00:00,svm_rbf,pima,TPE,0,29,balanced_accuracy,0.720352,"{""C"": 1.2852893854123029, ""gamma"": 0.34896069145952074}"
2026-07-06T16:49:08+00:00,svm_rbf,pima,TPE,0,30,balanced_accuracy,0.726674,"{""C"": 4.577648895638091, ""gamma"": 0.018287121883829298}"
2026-07-06T16:49:08+00:00,svm_rbf,pima,TPE,0,31,balanced_accuracy,0.713220,"{""C"": 1.9862223004397042, ""gamma"": 0.015211326603724075}"
2026-07-06T16:49:08+00:00,svm_rbf,pima,TPE,0,32,balanced_accuracy,0.716265,"{""C"": 0.4408531040124294, ""gamma"": 0.09974863784249614}"
2026-07-06T16:49:08+00:00,svm_rbf,pima,TPE,0,33,balanced_accuracy,0.727768,"{""C"": 4.249095898035148, ""gamma"": 0.022310852885923015}"
2026-07-06T16:49:08+00:00,svm_rbf,pima,TPE,0,34,balanced_accuracy,0.733716,"{""C"": 5.201524146430816, ""gamma"": 0.016131267952306582}"
2026-07-06T16:49:08+00:00,svm_rbf,pima,TPE,0,35,balanced_accuracy,0.719473,"{""C"": 27.029975373627337, ""gamma"": 0.008374857259693651}"
2026-07-06T16:49:08+00:00,svm_rbf,pima,TPE,0,36,balanced_accuracy,0.725262,"{""C"": 230.1460692131198, ""gamma"": 0.006089709224420838}"
2026-07-06T16:49:08+00:00,svm_rbf,pima,TPE,0,37,balanced_accuracy,0.500000,"{""C"": 0.5498040390673002, ""gamma"": 0.0030001427767350295}"
2026-07-06T16:49:08+00:00,svm_rbf,pima,TPE,0,38,balanced_accuracy,0.500000,"{""C"": 0.11973137627693456, ""gamma"": 0.027170631263249687}"
2026-07-06T16:49:08+00:00,svm_rbf,pima,TPE,0,39,balanced_accuracy,0.500000,"{""C"": 1.440195711125905, ""gamma"": 0.0007089475816843764}"
2026-07-06T16:49:08+00:00,svm_rbf,pima,TPE,0,40,balanced_accuracy,0.724846,"{""C"": 7.294176370898718, ""gamma"": 0.08065459357087768}"
2026-07-06T16:49:08+00:00,svm_rbf,pima,TPE,0,41,balanced_accuracy,0.720885,"{""C"": 3.3649245115456474, ""gamma"": 0.014233501995308573}"
2026-07-06T16:49:08+00:00,svm_rbf,pima,TPE,0,42,balanced_accuracy,0.724233,"{""C"": 23.225282147154715, ""gamma"": 0.024074729889869934}"
2026-07-06T16:49:08+00:00,svm_rbf,pima,TPE,0,43,balanced_accuracy,0.731369,"{""C"": 6.011272196990873, ""gamma"": 0.014575475435951162}"
2026-07-06T16:49:08+00:00,svm_rbf,pima,TPE,0,44,balanced_accuracy,0.726707,"{""C"": 1.686858597069541, ""gamma"": 0.054210966909405724}"
2026-07-06T16:49:08+00:00,svm_rbf,pima,TPE,0,45,balanced_accuracy,0.732473,"{""C"": 1.232848810201202, ""gamma"": 0.04606525084324474}"
2026-07-06T16:49:08+00:00,svm_rbf,pima,TPE,0,46,balanced_accuracy,0.714141,"{""C"": 0.2393823575940756, ""gamma"": 0.17821208088382606}"
2026-07-06T16:49:08+00:00,svm_rbf,pima,TPE,0,47,balanced_accuracy,0.500000,"{""C"": 0.09248069040070145, ""gamma"": 0.0095482640646985}"
2026-07-06T16:49:08+00:00,svm_rbf,pima,TPE,0,48,balanced_accuracy,0.723382,"{""C"": 0.8981936188938362, ""gamma"": 0.044580750663441436}"
2026-07-06T16:49:08+00:00,svm_rbf,pima,TPE,0,49,balanced_accuracy,0.720577,"{""C"": 49.5269940300445, ""gamma"": 0.0038870709171302136}"
2026-07-06T16:49:09+00:00,knn,pima,TPE,0,0,balanced_accuracy,0.673875,"{""n_neighbors"": 17, ""p"": 1, ""weights"": ""uniform""}"
2026-07-06T16:49:09+00:00,knn,pima,TPE,0,1,balanced_accuracy,0.685729,"{""n_neighbors"": 20, ""p"": 1, ""weights"": ""distance""}"
2026-07-06T16:49:09+00:00,knn,pima,TPE,0,2,balanced_accuracy,0.671701,"{""n_neighbors"": 24, ""p"": 1, ""weights"": ""distance""}"
2026-07-06T16:49:09+00:00,knn,pima,TPE,0,3,balanced_accuracy,0.702192,"{""n_neighbors"": 3, ""p"": 2, ""weights"": ""distance""}"
2026-07-06T16:49:09+00:00,knn,pima,TPE,0,4,balanced_accuracy,0.646092,"{""n_neighbors"": 30, ""p"": 1, ""weights"": ""uniform""}"
2026-07-06T16:49:09+00:00,knn,pima,TPE,0,5,balanced_accuracy,0.685729,"{""n_neighbors"": 20, ""p"": 1, ""weights"": ""distance""}"
2026-07-06T16:49:09+00:00,knn,pima,TPE,0,6,balanced_accuracy,0.679523,"{""n_neighbors"": 8, ""p"": 1, ""weights"": ""uniform""}"
2026-07-06T16:49:09+00:00,knn,pima,TPE,0,7,balanced_accuracy,0.686833,"{""n_neighbors"": 19, ""p"": 1, ""weights"": ""distance""}"
2026-07-06T16:49:09+00:00,knn,pima,TPE,0,8,balanced_accuracy,0.700301,"{""n_neighbors"": 11, ""p"": 2, ""weights"": ""distance""}"
2026-07-06T16:49:09+00:00,knn,pima,TPE,0,9,balanced_accuracy,0.665097,"{""n_neighbors"": 21, ""p"": 2, ""weights"": ""uniform""}"
2026-07-06T16:49:09+00:00,knn,pima,TPE,0,10,balanced_accuracy,0.691415,"{""n_neighbors"": 1, ""p"": 2, ""weights"": ""distance""}"
2026-07-06T16:49:09+00:00,knn,pima,TPE,0,11,balanced_accuracy,0.707170,"{""n_neighbors"": 10, ""p"": 2, ""weights"": ""distance""}"
2026-07-06T16:49:09+00:00,knn,pima,TPE,0,12,balanced_accuracy,0.691415,"{""n_neighbors"": 2, ""p"": 2, ""weights"": ""distance""}"
2026-07-06T16:49:09+00:00,knn,pima,TPE,0,13,balanced_accuracy,0.699352,"{""n_neighbors"": 7, ""p"": 2, ""weights"": ""distance""}"
2026-07-06T16:49:09+00:00,knn,pima,TPE,0,14,balanced_accuracy,0.704083,"{""n_neighbors"": 13, ""p"": 2, ""weights"": ""distance""}"
2026-07-06T16:49:09+00:00,knn,pima,TPE,0,15,balanced_accuracy,0.710920,"{""n_neighbors"": 14, ""p"": 2, ""weights"": ""distance""}"
2026-07-06T16:49:09+00:00,knn,pima,TPE,0,16,balanced_accuracy,0.710920,"{""n_neighbors"": 14, ""p"": 2, ""weights"": ""distance""}"
2026-07-06T16:49:09+00:00,knn,pima,TPE,0,17,balanced_accuracy,0.704359,"{""n_neighbors"": 15, ""p"": 2, ""weights"": ""distance""}"
2026-07-06T16:49:09+00:00,knn,pima,TPE,0,18,balanced_accuracy,0.647841,"{""n_neighbors"": 24, ""p"": 2, ""weights"": ""uniform""}"
2026-07-06T16:49:09+00:00,knn,pima,TPE,0,19,balanced_accuracy,0.704359,"{""n_neighbors"": 15, ""p"": 2, ""weights"": ""distance""}"
2026-07-06T16:49:09+00:00,knn,pima,TPE,0,20,balanced_accuracy,0.703650,"{""n_neighbors"": 5, ""p"": 2, ""weights"": ""distance""}"
2026-07-06T16:49:09+00:00,knn,pima,TPE,0,21,balanced_accuracy,0.700301,"{""n_neighbors"": 11, ""p"": 2, ""weights"": ""distance""}"
2026-07-06T16:49:09+00:00,knn,pima,TPE,0,22,balanced_accuracy,0.707170,"{""n_neighbors"": 10, ""p"": 2, ""weights"": ""distance""}"
2026-07-06T16:49:09+00:00,knn,pima,TPE,0,23,balanced_accuracy,0.710920,"{""n_neighbors"": 14, ""p"": 2, ""weights"": ""distance""}"
2026-07-06T16:49:09+00:00,knn,pima,TPE,0,24,balanced_accuracy,0.704018,"{""n_neighbors"": 16, ""p"": 2, ""weights"": ""distance""}"
2026-07-06T16:49:09+00:00,knn,pima,TPE,0,25,balanced_accuracy,0.710920,"{""n_neighbors"": 14, ""p"": 2, ""weights"": ""distance""}"
2026-07-06T16:49:09+00:00,knn,pima,TPE,0,26,balanced_accuracy,0.695853,"{""n_neighbors"": 13, ""p"": 2, ""weights"": ""uniform""}"
2026-07-06T16:49:09+00:00,knn,pima,TPE,0,27,balanced_accuracy,0.706482,"{""n_neighbors"": 18, ""p"": 2, ""weights"": ""distance""}"
2026-07-06T16:49:09+00:00,knn,pima,TPE,0,28,balanced_accuracy,0.679888,"{""n_neighbors"": 23, ""p"": 2, ""weights"": ""distance""}"
2026-07-06T16:49:09+00:00,knn,pima,TPE,0,29,balanced_accuracy,0.655731,"{""n_neighbors"": 27, ""p"": 2, ""weights"": ""uniform""}"
2026-07-06T16:49:09+00:00,knn,pima,TPE,0,30,balanced_accuracy,0.696199,"{""n_neighbors"": 17, ""p"": 2, ""weights"": ""distance""}"
2026-07-06T16:49:09+00:00,knn,pima,TPE,0,31,balanced_accuracy,0.704083,"{""n_neighbors"": 13, ""p"": 2, ""weights"": ""distance""}"
2026-07-06T16:49:09+00:00,knn,pima,TPE,0,32,balanced_accuracy,0.704083,"{""n_neighbors"": 13, ""p"": 2, ""weights"": ""distance""}"
2026-07-06T16:49:09+00:00,knn,pima,TPE,0,33,balanced_accuracy,0.709790,"{""n_neighbors"": 8, ""p"": 2, ""weights"": ""distance""}"
2026-07-06T16:49:09+00:00,knn,pima,TPE,0,34,balanced_accuracy,0.684121,"{""n_neighbors"": 15, ""p"": 1, ""weights"": ""distance""}"
2026-07-06T16:49:09+00:00,knn,pima,TPE,0,35,balanced_accuracy,0.696199,"{""n_neighbors"": 17, ""p"": 2, ""weights"": ""distance""}"
2026-07-06T16:49:09+00:00,knn,pima,TPE,0,36,balanced_accuracy,0.693268,"{""n_neighbors"": 12, ""p"": 1, ""weights"": ""distance""}"
2026-07-06T16:49:09+00:00,knn,pima,TPE,0,37,balanced_accuracy,0.704359,"{""n_neighbors"": 15, ""p"": 2, ""weights"": ""distance""}"
2026-07-06T16:49:09+00:00,knn,pima,TPE,0,38,balanced_accuracy,0.668749,"{""n_neighbors"": 20, ""p"": 1, ""weights"": ""uniform""}"
2026-07-06T16:49:09+00:00,knn,pima,TPE,0,39,balanced_accuracy,0.705534,"{""n_neighbors"": 9, ""p"": 2, ""weights"": ""distance""}"
2026-07-06T16:49:09+00:00,knn,pima,TPE,0,40,balanced_accuracy,0.702186,"{""n_neighbors"": 6, ""p"": 1, ""weights"": ""distance""}"
2026-07-06T16:49:09+00:00,knn,pima,TPE,0,41,balanced_accuracy,0.709790,"{""n_neighbors"": 8, ""p"": 2, ""weights"": ""distance""}"
2026-07-06T16:49:09+00:00,knn,pima,TPE,0,42,balanced_accuracy,0.691259,"{""n_neighbors"": 4, ""p"": 2, ""weights"": ""distance""}"
2026-07-06T16:49:09+00:00,knn,pima,TPE,0,43,balanced_accuracy,0.700301,"{""n_neighbors"": 11, ""p"": 2, ""weights"": ""distance""}"
2026-07-06T16:49:09+00:00,knn,pima,TPE,0,44,balanced_accuracy,0.710920,"{""n_neighbors"": 14, ""p"": 2, ""weights"": ""distance""}"
2026-07-06T16:49:09+00:00,knn,pima,TPE,0,45,balanced_accuracy,0.710920,"{""n_neighbors"": 14, ""p"": 2, ""weights"": ""distance""}"
2026-07-06T16:49:09+00:00,knn,pima,TPE,0,46,balanced_accuracy,0.682502,"{""n_neighbors"": 17, ""p"": 2, ""weights"": ""uniform""}"
2026-07-06T16:49:09+00:00,knn,pima,TPE,0,47,balanced_accuracy,0.706482,"{""n_neighbors"": 18, ""p"": 2, ""weights"": ""distance""}"
2026-07-06T16:49:09+00:00,knn,pima,TPE,0,48,balanced_accuracy,0.677466,"{""n_neighbors"": 21, ""p"": 1, ""weights"": ""distance""}"
2026-07-06T16:49:09+00:00,knn,pima,TPE,0,49,balanced_accuracy,0.710920,"{""n_neighbors"": 14, ""p"": 2, ""weights"": ""distance""}"
2026-07-06T16:50:06+00:00,rf,pima,TPE,0,0,balanced_accuracy,0.736436,"{""max_depth"": 15, ""max_features"": null, ""min_samples_split"": 13, ""n_estimators"": 297}"
2026-07-06T16:50:06+00:00,rf,pima,TPE,0,1,balanced_accuracy,0.728514,"{""max_depth"": 18, ""max_features"": ""log2"", ""min_samples_split"": 20, ""n_estimators"": 247}"
2026-07-06T16:50:06+00:00,rf,pima,TPE,0,2,balanced_accuracy,0.724754,"{""max_depth"": 19, ""max_features"": null, ""min_samples_split"": 3, ""n_estimators"": 306}"
2026-07-06T16:50:06+00:00,rf,pima,TPE,0,3,balanced_accuracy,0.730290,"{""max_depth"": 18, ""max_features"": ""sqrt"", ""min_samples_split"": 20, ""n_estimators"": 400}"
2026-07-06T16:50:06+00:00,rf,pima,TPE,0,4,balanced_accuracy,0.718263,"{""max_depth"": 14, ""max_features"": ""sqrt"", ""min_samples_split"": 4, ""n_estimators"": 103}"
2026-07-06T16:50:06+00:00,rf,pima,TPE,0,5,balanced_accuracy,0.738634,"{""max_depth"": 16, ""max_features"": null, ""min_samples_split"": 10, ""n_estimators"": 169}"
2026-07-06T16:50:06+00:00,rf,pima,TPE,0,6,balanced_accuracy,0.723238,"{""max_depth"": 13, ""max_features"": ""sqrt"", ""min_samples_split"": 19, ""n_estimators"": 326}"
2026-07-06T16:50:06+00:00,rf,pima,TPE,0,7,balanced_accuracy,0.705954,"{""max_depth"": 3, ""max_features"": ""sqrt"", ""min_samples_split"": 14, ""n_estimators"": 364}"
2026-07-06T16:50:06+00:00,rf,pima,TPE,0,8,balanced_accuracy,0.729884,"{""max_depth"": 8, ""max_features"": ""log2"", ""min_samples_split"": 12, ""n_estimators"": 192}"
2026-07-06T16:50:06+00:00,rf,pima,TPE,0,9,balanced_accuracy,0.728251,"{""max_depth"": 5, ""max_features"": ""log2"", ""min_samples_split"": 14, ""n_estimators"": 144}"
2026-07-06T16:50:06+00:00,rf,pima,TPE,0,10,balanced_accuracy,0.736576,"{""max_depth"": 10, ""max_features"": null, ""min_samples_split"": 7, ""n_estimators"": 474}"
2026-07-06T16:50:06+00:00,rf,pima,TPE,0,11,balanced_accuracy,0.736576,"{""max_depth"": 10, ""max_features"": null, ""min_samples_split"": 7, ""n_estimators"": 478}"
2026-07-06T16:50:06+00:00,rf,pima,TPE,0,12,balanced_accuracy,0.730427,"{""max_depth"": 10, ""max_features"": null, ""min_samples_split"": 8, ""n_estimators"": 55}"
2026-07-06T16:50:06+00:00,rf,pima,TPE,0,13,balanced_accuracy,0.728332,"{""max_depth"": 7, ""max_features"": null, ""min_samples_split"": 9, ""n_estimators"": 500}"
2026-07-06T16:50:06+00:00,rf,pima,TPE,0,14,balanced_accuracy,0.734270,"{""max_depth"": 11, ""max_features"": null, ""min_samples_split"": 6, ""n_estimators"": 422}"
2026-07-06T16:50:06+00:00,rf,pima,TPE,0,15,balanced_accuracy,0.737497,"{""max_depth"": 15, ""max_features"": null, ""min_samples_split"": 10, ""n_estimators"": 240}"
2026-07-06T16:50:06+00:00,rf,pima,TPE,0,16,balanced_accuracy,0.732985,"{""max_depth"": 16, ""max_features"": null, ""min_samples_split"": 11, ""n_estimators"": 218}"
2026-07-06T16:50:06+00:00,rf,pima,TPE,0,17,balanced_accuracy,0.735192,"{""max_depth"": 20, ""max_features"": null, ""min_samples_split"": 17, ""n_estimators"": 165}"
2026-07-06T16:50:06+00:00,rf,pima,TPE,0,18,balanced_accuracy,0.732802,"{""max_depth"": 16, ""max_features"": null, ""min_samples_split"": 10, ""n_estimators"": 258}"
2026-07-06T16:50:06+00:00,rf,pima,TPE,0,19,balanced_accuracy,0.722566,"{""max_depth"": 13, ""max_features"": ""log2"", ""min_samples_split"": 16, ""n_estimators"": 110}"
2026-07-06T16:50:06+00:00,rf,pima,TPE,0,20,balanced_accuracy,0.737647,"{""max_depth"": 17, ""max_features"": null, ""min_samples_split"": 11, ""n_estimators"": 238}"
2026-07-06T16:50:06+00:00,rf,pima,TPE,0,21,balanced_accuracy,0.739952,"{""max_depth"": 17, ""max_features"": null, ""min_samples_split"": 10, ""n_estimators"": 234}"
2026-07-06T16:50:06+00:00,rf,pima,TPE,0,22,balanced_accuracy,0.730576,"{""max_depth"": 17, ""max_features"": null, ""min_samples_split"": 5, ""n_estimators"": 184}"
2026-07-06T16:50:06+00:00,rf,pima,TPE,0,23,balanced_accuracy,0.731881,"{""max_depth"": 20, ""max_features"": null, ""min_samples_split"": 12, ""n_estimators"": 277}"
2026-07-06T16:50:06+00:00,rf,pima,TPE,0,24,balanced_accuracy,0.741271,"{""max_depth"": 18, ""max_features"": null, ""min_samples_split"": 9, ""n_estimators"": 203}"
2026-07-06T16:50:06+00:00,rf,pima,TPE,0,25,balanced_accuracy,0.738624,"{""max_depth"": 18, ""max_features"": null, ""min_samples_split"": 9, ""n_estimators"": 130}"
2026-07-06T16:50:06+00:00,rf,pima,TPE,0,26,balanced_accuracy,0.738806,"{""max_depth"": 12, ""max_features"": null, ""min_samples_split"": 8, ""n_estimators"": 203}"
2026-07-06T16:50:06+00:00,rf,pima,TPE,0,27,balanced_accuracy,0.735579,"{""max_depth"": 13, ""max_features"": null, ""min_samples_split"": 6, ""n_estimators"": 208}"
2026-07-06T16:50:06+00:00,rf,pima,TPE,0,28,balanced_accuracy,0.725114,"{""max_depth"": 12, ""max_features"": ""sqrt"", ""min_samples_split"": 2, ""n_estimators"": 344}"
2026-07-06T16:50:06+00:00,rf,pima,TPE,0,29,balanced_accuracy,0.726325,"{""max_depth"": 8, ""max_features"": ""log2"", ""min_samples_split"": 8, ""n_estimators"": 290}"
2026-07-06T16:50:06+00:00,rf,pima,TPE,0,30,balanced_accuracy,0.734326,"{""max_depth"": 15, ""max_features"": null, ""min_samples_split"": 5, ""n_estimators"": 213}"
2026-07-06T16:50:06+00:00,rf,pima,TPE,0,31,balanced_accuracy,0.736436,"{""max_depth"": 15, ""max_features"": null, ""min_samples_split"": 9, ""n_estimators"": 161}"
2026-07-06T16:50:06+00:00,rf,pima,TPE,0,32,balanced_accuracy,0.729267,"{""max_depth"": 17, ""max_features"": null, ""min_samples_split"": 12, ""n_estimators"": 77}"
2026-07-06T16:50:06+00:00,rf,pima,TPE,0,33,balanced_accuracy,0.734088,"{""max_depth"": 19, ""max_features"": null, ""min_samples_split"": 10, ""n_estimators"": 269}"
2026-07-06T16:50:06+00:00,rf,pima,TPE,0,34,balanced_accuracy,0.736286,"{""max_depth"": 16, ""max_features"": null, ""min_samples_split"": 14, ""n_estimators"": 179}"
2026-07-06T16:50:06+00:00,rf,pima,TPE,0,35,balanced_accuracy,0.736459,"{""max_depth"": 19, ""max_features"": null, ""min_samples_split"": 8, ""n_estimators"": 133}"
2026-07-06T16:50:06+00:00,rf,pima,TPE,0,36,balanced_accuracy,0.713601,"{""max_depth"": 14, ""max_features"": ""sqrt"", ""min_samples_split"": 11, ""n_estimators"": 233}"
2026-07-06T16:50:06+00:00,rf,pima,TPE,0,37,balanced_accuracy,0.728481,"{""max_depth"": 18, ""max_features"": ""log2"", ""min_samples_split"": 13, ""n_estimators"": 196}"
2026-07-06T16:50:06+00:00,rf,pima,TPE,0,38,balanced_accuracy,0.729407,"{""max_depth"": 14, ""max_features"": null, ""min_samples_split"": 7, ""n_estimators"": 324}"
2026-07-06T16:50:06+00:00,rf,pima,TPE,0,39,balanced_accuracy,0.719399,"{""max_depth"": 19, ""max_features"": ""sqrt"", ""min_samples_split"": 4, ""n_estimators"": 164}"
2026-07-06T16:50:06+00:00,rf,pima,TPE,0,40,balanced_accuracy,0.693758,"{""max_depth"": 2, ""max_features"": null, ""min_samples_split"": 13, ""n_estimators"": 108}"
2026-07-06T16:50:06+00:00,rf,pima,TPE,0,41,balanced_accuracy,0.733929,"{""max_depth"": 17, ""max_features"": null, ""min_samples_split"": 9, ""n_estimators"": 128}"
2026-07-06T16:50:06+00:00,rf,pima,TPE,0,42,balanced_accuracy,0.730488,"{""max_depth"": 20, ""max_features"": null, ""min_samples_split"": 9, ""n_estimators"": 148}"
2026-07-06T16:50:06+00:00,rf,pima,TPE,0,43,balanced_accuracy,0.737670,"{""max_depth"": 18, ""max_features"": null, ""min_samples_split"": 10, ""n_estimators"": 222}"
2026-07-06T16:50:06+00:00,rf,pima,TPE,0,44,balanced_accuracy,0.730502,"{""max_depth"": 18, ""max_features"": null, ""min_samples_split"": 8, ""n_estimators"": 94}"
2026-07-06T16:50:06+00:00,rf,pima,TPE,0,45,balanced_accuracy,0.731914,"{""max_depth"": 18, ""max_features"": null, ""min_samples_split"": 7, ""n_estimators"": 194}"
2026-07-06T16:50:06+00:00,rf,pima,TPE,0,46,balanced_accuracy,0.726124,"{""max_depth"": 12, ""max_features"": ""log2"", ""min_samples_split"": 6, ""n_estimators"": 125}"
2026-07-06T16:50:06+00:00,rf,pima,TPE,0,47,balanced_accuracy,0.719498,"{""max_depth"": 16, ""max_features"": ""sqrt"", ""min_samples_split"": 11, ""n_estimators"": 304}"
2026-07-06T16:50:06+00:00,rf,pima,TPE,0,48,balanced_accuracy,0.727088,"{""max_depth"": 5, ""max_features"": null, ""min_samples_split"": 12, ""n_estimators"": 80}"
2026-07-06T16:50:06+00:00,rf,pima,TPE,0,49,balanced_accuracy,0.731573,"{""max_depth"": 9, ""max_features"": null, ""min_samples_split"": 9, ""n_estimators"": 53}"
2026-07-06T16:50:12+00:00,xgboost,pima,TPE,0,0,balanced_accuracy,0.696825,"{""colsample_bytree"": 0.7118273996694524, ""learning_rate"": 0.05910317077425309, ""max_depth"": 7, ""n_estimators"": 297, ""reg_lambda"": 0.3833332156156664, ""subsample"": 0.7724415914984484}"
2026-07-06T16:50:12+00:00,xgboost,pima,TPE,0,1,balanced_accuracy,0.691728,"{""colsample_bytree"": 0.8958625190413323, ""learning_rate"": 0.1618191272832578, ""max_depth"": 10, ""n_estimators"": 247, ""reg_lambda"": 0.13049073550362397, ""subsample"": 0.6917207594128889}"
2026-07-06T16:50:12+00:00,xgboost,pima,TPE,0,2,balanced_accuracy,0.714603,"{""colsample_bytree"": 0.5101091987201629, ""learning_rate"": 0.1962524585239014, ""max_depth"": 2, ""n_estimators"": 306, ""reg_lambda"": 2.1403233140986067, ""subsample"": 0.5435646498507704}"
2026-07-06T16:50:12+00:00,xgboost,pima,TPE,0,3,balanced_accuracy,0.702731,"{""colsample_bytree"": 0.7307396811264659, ""learning_rate"": 0.14293072093890533, ""max_depth"": 10, ""n_estimators"": 400, ""reg_lambda"": 1.3246974647468452, ""subsample"": 0.8995792821083618}"
2026-07-06T16:50:12+00:00,xgboost,pima,TPE,0,4,balanced_accuracy,0.734981,"{""colsample_bytree"": 0.7609241608750359, ""learning_rate"": 0.038473523622807364, ""max_depth"": 3, ""n_estimators"": 103, ""reg_lambda"": 0.045566719139214756, ""subsample"": 0.972334458524792}"
2026-07-06T16:50:12+00:00,xgboost,pima,TPE,0,5,balanced_accuracy,0.685162,"{""colsample_bytree"": 0.5093949002181776, ""learning_rate"": 0.08276957557192281, ""max_depth"": 6, ""n_estimators"": 169, ""reg_lambda"": 0.2954894558726685, ""subsample"": 0.7842169744343243}"
2026-07-06T16:50:12+00:00,xgboost,pima,TPE,0,6,balanced_accuracy,0.697156,"{""colsample_bytree"": 0.679753950286893, ""learning_rate"": 0.03374584570073953, ""max_depth"": 10, ""n_estimators"": 326, ""reg_lambda"": 0.05599223654063348, ""subsample"": 0.8409101495517417}"
2026-07-06T16:50:12+00:00,xgboost,pima,TPE,0,7,balanced_accuracy,0.550700,"{""colsample_bytree"": 0.6051912805369204, ""learning_rate"": 0.0014098918363046988, ""max_depth"": 8, ""n_estimators"": 364, ""reg_lambda"": 0.0032787264983352763, ""subsample"": 0.8353189348090797}"
2026-07-06T16:50:12+00:00,xgboost,pima,TPE,0,8,balanced_accuracy,0.700728,"{""colsample_bytree"": 0.9941869190296131, ""learning_rate"": 0.007960781083787736, ""max_depth"": 7, ""n_estimators"": 192, ""reg_lambda"": 0.0025596420901526653, ""subsample"": 0.7193007567311602}"
2026-07-06T16:50:12+00:00,xgboost,pima,TPE,0,9,balanced_accuracy,0.503260,"{""colsample_bytree"": 0.7331553864281531, ""learning_rate"": 0.002509477090866099, ""max_depth"": 7, ""n_estimators"": 144, ""reg_lambda"": 0.009499535455183799, ""subsample"": 0.626645801269891}"
2026-07-06T16:50:12+00:00,xgboost,pima,TPE,0,10,balanced_accuracy,0.613095,"{""colsample_bytree"": 0.8559736134996823, ""learning_rate"": 0.013666968288295294, ""max_depth"": 2, ""n_estimators"": 59, ""reg_lambda"": 7.992355836571774, ""subsample"": 0.9648201775139152}"
2026-07-06T16:50:12+00:00,xgboost,pima,TPE,0,11,balanced_accuracy,0.727578,"{""colsample_bytree"": 0.5024336943793157, ""learning_rate"": 0.2239580529516356, ""max_depth"": 2, ""n_estimators"": 73, ""reg_lambda"": 8.240404803372321, ""subsample"": 0.5425790017579997}"
2026-07-06T16:50:12+00:00,xgboost,pima,TPE,0,12,balanced_accuracy,0.692130,"{""colsample_bytree"": 0.623800897007056, ""learning_rate"": 0.022788683319113157, ""max_depth"": 4, ""n_estimators"": 500, ""reg_lambda"": 0.02408946985214042, ""subsample"": 0.5010612078492543}"
2026-07-06T16:50:12+00:00,xgboost,pima,TPE,0,13,balanced_accuracy,0.539964,"{""colsample_bytree"": 0.8208134979011852, ""learning_rate"": 0.005697398880741302, ""max_depth"": 4, ""n_estimators"": 69, ""reg_lambda"": 0.0010584532917885083, ""subsample"": 0.9833889731679984}"
2026-07-06T16:50:12+00:00,xgboost,pima,TPE,0,14,balanced_accuracy,0.718114,"{""colsample_bytree"": 0.587939674219799, ""learning_rate"": 0.07193676188177545, ""max_depth"": 4, ""n_estimators"": 114, ""reg_lambda"": 9.878697707014299, ""subsample"": 0.622667684377177}"
2026-07-06T16:50:12+00:00,xgboost,pima,TPE,0,15,balanced_accuracy,0.699256,"{""colsample_bytree"": 0.7962271138936605, ""learning_rate"": 0.2870929177586469, ""max_depth"": 3, ""n_estimators"": 103, ""reg_lambda"": 1.4398259541871978, ""subsample"": 0.9065222290499801}"
2026-07-06T16:50:12+00:00,xgboost,pima,TPE,0,16,balanced_accuracy,0.724600,"{""colsample_bytree"": 0.9429298399667838, ""learning_rate"": 0.029246259830909203, ""max_depth"": 3, ""n_estimators"": 213, ""reg_lambda"": 0.01732611094818685, ""subsample"": 0.6221370551575152}"
2026-07-06T16:50:12+00:00,xgboost,pima,TPE,0,17,balanced_accuracy,0.706409,"{""colsample_bytree"": 0.5652085451619254, ""learning_rate"": 0.05331987364431028, ""max_depth"": 5, ""n_estimators"": 50, ""reg_lambda"": 0.44232418854624506, ""subsample"": 0.5605973217846583}"
2026-07-06T16:50:12+00:00,xgboost,pima,TPE,0,18,balanced_accuracy,0.692973,"{""colsample_bytree"": 0.6599717015143836, ""learning_rate"": 0.01425982502033117, ""max_depth"": 2, ""n_estimators"": 121, ""reg_lambda"": 0.06680587933255418, ""subsample"": 0.6922977413696264}"
2026-07-06T16:50:12+00:00,xgboost,pima,TPE,0,19,balanced_accuracy,0.709927,"{""colsample_bytree"": 0.7763472942409645, ""learning_rate"": 0.09974304467777152, ""max_depth"": 3, ""n_estimators"": 236, ""reg_lambda"": 2.610049170794079, ""subsample"": 0.9364723163489512}"
2026-07-06T16:50:12+00:00,xgboost,pima,TPE,0,20,balanced_accuracy,0.644363,"{""colsample_bytree"": 0.908737843142354, ""learning_rate"": 0.004062562153011967, ""max_depth"": 5, ""n_estimators"": 165, ""reg_lambda"": 0.00611203321208626, ""subsample"": 0.8557271580539343}"
2026-07-06T16:50:12+00:00,xgboost,pima,TPE,0,21,balanced_accuracy,0.717605,"{""colsample_bytree"": 0.992916276012623, ""learning_rate"": 0.03671532530727176, ""max_depth"": 3, ""n_estimators"": 199, ""reg_lambda"": 0.018264264066791228, ""subsample"": 0.6195174600608412}"
2026-07-06T16:50:12+00:00,xgboost,pima,TPE,0,22,balanced_accuracy,0.720437,"{""colsample_bytree"": 0.9254683831070645, ""learning_rate"": 0.019583441108896416, ""max_depth"": 3, ""n_estimators"": 95, ""reg_lambda"": 0.03014108579888806, ""subsample"": 0.5684736512499464}"
2026-07-06T16:50:12+00:00,xgboost,pima,TPE,0,23,balanced_accuracy,0.723828,"{""colsample_bytree"": 0.8563426903728176, ""learning_rate"": 0.040257083637704125, ""max_depth"": 2, ""n_estimators"": 231, ""reg_lambda"": 0.18781114163834559, ""subsample"": 0.5070816751068875}"
2026-07-06T16:50:12+00:00,xgboost,pima,TPE,0,24,balanced_accuracy,0.704205,"{""colsample_bytree"": 0.9516299132609403, ""learning_rate"": 0.00960491542868159, ""max_depth"": 4, ""n_estimators"": 142, ""reg_lambda"": 0.011527248548783597, ""subsample"": 0.5953200841195729}"
2026-07-06T16:50:12+00:00,xgboost,pima,TPE,0,25,balanced_accuracy,0.706965,"{""colsample_bytree"": 0.7637410499655681, ""learning_rate"": 0.024915795780020948, ""max_depth"": 3, ""n_estimators"": 86, ""reg_lambda"": 0.07398667444617617, ""subsample"": 0.7464422906611649}"
2026-07-06T16:50:12+00:00,xgboost,pima,TPE,0,26,balanced_accuracy,0.692139,"{""colsample_bytree"": 0.5486740988313574, ""learning_rate"": 0.11402602869100105, ""max_depth"": 5, ""n_estimators"": 272, ""reg_lambda"": 0.6625402210282407, ""subsample"": 0.65346846745247}"
2026-07-06T16:50:12+00:00,xgboost,pima,TPE,0,27,balanced_accuracy,0.696239,"{""colsample_bytree"": 0.6549782681712393, ""learning_rate"": 0.21906375234202907, ""max_depth"": 2, ""n_estimators"": 203, ""reg_lambda"": 3.82218783701999, ""subsample"": 0.6565986111288781}"
2026-07-06T16:50:12+00:00,xgboost,pima,TPE,0,28,balanced_accuracy,0.717043,"{""colsample_bytree"": 0.837113966340448, ""learning_rate"": 0.04503379813378535, ""max_depth"": 3, ""n_estimators"": 134, ""reg_lambda"": 0.0038774054570349715, ""subsample"": 0.5321184387409419}"
2026-07-06T16:50:12+00:00,xgboost,pima,TPE,0,29,balanced_accuracy,0.688594,"{""colsample_bytree"": 0.9495931447109776, ""learning_rate"": 0.05930913386782754, ""max_depth"": 4, ""n_estimators"": 444, ""reg_lambda"": 0.0017951663475215742, ""subsample"": 0.7918914110638928}"
2026-07-06T16:50:12+00:00,xgboost,pima,TPE,0,30,balanced_accuracy,0.712697,"{""colsample_bytree"": 0.6836984874140628, ""learning_rate"": 0.013421180576211233, ""max_depth"": 2, ""n_estimators"": 176, ""reg_lambda"": 0.13064546140945751, ""subsample"": 0.5996507529597506}"
2026-07-06T16:50:12+00:00,xgboost,pima,TPE,0,31,balanced_accuracy,0.729725,"{""colsample_bytree"": 0.8777550557119689, ""learning_rate"": 0.029283287815142806, ""max_depth"": 2, ""n_estimators"": 222, ""reg_lambda"": 0.1808560105180696, ""subsample"": 0.5042739551426243}"
2026-07-06T16:50:12+00:00,xgboost,pima,TPE,0,32,balanced_accuracy,0.704484,"{""colsample_bytree"": 0.8887236671594466, ""learning_rate"": 0.03043259139329165, ""max_depth"": 3, ""n_estimators"": 279, ""reg_lambda"": 0.04542125738520157, ""subsample"": 0.5314045188945407}"
2026-07-06T16:50:12+00:00,xgboost,pima,TPE,0,33,balanced_accuracy,0.716079,"{""colsample_bytree"": 0.9570313316927521, ""learning_rate"": 0.017914168856047828, ""max_depth"": 2, ""n_estimators"": 219, ""reg_lambda"": 0.01225323678739756, ""subsample"": 0.5739408089377884}"
2026-07-06T16:50:12+00:00,xgboost,pima,TPE,0,34,balanced_accuracy,0.729767,"{""colsample_bytree"": 0.887934400584326, ""learning_rate"": 0.1404306186592336, ""max_depth"": 2, ""n_estimators"": 80, ""reg_lambda"": 0.1040090195092535, ""subsample"": 0.529822068205635}"
2026-07-06T16:50:12+00:00,xgboost,pima,TPE,0,35,balanced_accuracy,0.720256,"{""colsample_bytree"": 0.8746205546431338, ""learning_rate"": 0.13815538493565632, ""max_depth"": 2, ""n_estimators"": 88, ""reg_lambda"": 0.6943117450643682, ""subsample"": 0.5362393491970654}"
2026-07-06T16:50:12+00:00,xgboost,pima,TPE,0,36,balanced_accuracy,0.707317,"{""colsample_bytree"": 0.8075685397809509, ""learning_rate"": 0.22974146899527964, ""max_depth"": 2, ""n_estimators"": 78, ""reg_lambda"": 0.17863756451520213, ""subsample"": 0.5082582593775413}"
2026-07-06T16:50:12+00:00,xgboost,pima,TPE,0,37,balanced_accuracy,0.689113,"{""colsample_bytree"": 0.7457844462287803, ""learning_rate"": 0.16654239666340026, ""max_depth"": 9, ""n_estimators"": 330, ""reg_lambda"": 0.10297018855344299, ""subsample"": 0.8121064485634624}"
2026-07-06T16:50:12+00:00,xgboost,pima,TPE,0,38,balanced_accuracy,0.716595,"{""colsample_bytree"": 0.7051460319802071, ""learning_rate"": 0.08179662862474334, ""max_depth"": 2, ""n_estimators"": 158, ""reg_lambda"": 0.3017129273558567, ""subsample"": 0.880436738746118}"
2026-07-06T16:50:12+00:00,xgboost,pima,TPE,0,39,balanced_accuracy,0.678344,"{""colsample_bytree"": 0.501055701057796, ""learning_rate"": 0.11451497391265322, ""max_depth"": 3, ""n_estimators"": 259, ""reg_lambda"": 0.035740430853696006, ""subsample"": 0.6657237855488258}"
2026-07-06T16:50:12+00:00,xgboost,pima,TPE,0,40,balanced_accuracy,0.686247,"{""colsample_bytree"": 0.5372720942824056, ""learning_rate"": 0.2818562033205211, ""max_depth"": 4, ""n_estimators"": 126, ""reg_lambda"": 0.7403942188558567, ""subsample"": 0.7423191991256232}"
2026-07-06T16:50:12+00:00,xgboost,pima,TPE,0,41,balanced_accuracy,0.703198,"{""colsample_bytree"": 0.917918258082378, ""learning_rate"": 0.029998888167185267, ""max_depth"": 3, ""n_estimators"": 301, ""reg_lambda"": 0.020372258931685323, ""subsample"": 0.5587115978527912}"
2026-07-06T16:50:12+00:00,xgboost,pima,TPE,0,42,balanced_accuracy,0.722234,"{""colsample_bytree"": 0.8906134135029575, ""learning_rate"": 0.06771634782909479, ""max_depth"": 2, ""n_estimators"": 185, ""reg_lambda"": 0.07453875632395406, ""subsample"": 0.598755386314062}"
2026-07-06T16:50:12+00:00,xgboost,pima,TPE,0,43,balanced_accuracy,0.727312,"{""colsample_bytree"": 0.9734876418552911, ""learning_rate"": 0.04927219929750131, ""max_depth"": 3, ""n_estimators"": 153, ""reg_lambda"": 4.994487926178991, ""subsample"": 0.5298525630470947}"
2026-07-06T16:50:12+00:00,xgboost,pima,TPE,0,44,balanced_accuracy,0.729412,"{""colsample_bytree"": 0.9761703208464728, ""learning_rate"": 0.1697585553285399, ""max_depth"": 2, ""n_estimators"": 109, ""reg_lambda"": 4.204589015141457, ""subsample"": 0.5422181840587542}"
2026-07-06T16:50:12+00:00,xgboost,pima,TPE,0,45,balanced_accuracy,0.722991,"{""colsample_bytree"": 0.8323805170105719, ""learning_rate"": 0.17029775141553213, ""max_depth"": 2, ""n_estimators"": 65, ""reg_lambda"": 7.121663267502172, ""subsample"": 0.5821088190494528}"
2026-07-06T16:50:12+00:00,xgboost,pima,TPE,0,46,balanced_accuracy,0.500000,"{""colsample_bytree"": 0.9766514334699568, ""learning_rate"": 0.0010569754305177538, ""max_depth"": 2, ""n_estimators"": 111, ""reg_lambda"": 1.4545443743961695, ""subsample"": 0.5474731302063635}"
2026-07-06T16:50:12+00:00,xgboost,pima,TPE,0,47,balanced_accuracy,0.718848,"{""colsample_bytree"": 0.858784675834455, ""learning_rate"": 0.09587202865520568, ""max_depth"": 4, ""n_estimators"": 52, ""reg_lambda"": 2.4064429112211383, ""subsample"": 0.9961372914724783}"
2026-07-06T16:50:12+00:00,xgboost,pima,TPE,0,48,balanced_accuracy,0.693018,"{""colsample_bytree"": 0.6132841670538968, ""learning_rate"": 0.13742927381306994, ""max_depth"": 2, ""n_estimators"": 378, ""reg_lambda"": 4.601676052017929, ""subsample"": 0.5096720172569796}"
2026-07-06T16:50:12+00:00,xgboost,pima,TPE,0,49,balanced_accuracy,0.689146,"{""colsample_bytree"": 0.7917207140638887, ""learning_rate"": 0.21038932776176977, ""max_depth"": 3, ""n_estimators"": 109, ""reg_lambda"": 0.1906126478445548, ""subsample"": 0.6897584219427741}"
2026-07-06T16:50:34+00:00,mlp,pima,TPE,0,0,balanced_accuracy,0.717140,"{""alpha"": 0.0037665768415992965, ""hidden_layer_sizes"": [19], ""learning_rate_init"": 0.006431172050131994}"
2026-07-06T16:50:34+00:00,mlp,pima,TPE,0,1,balanced_accuracy,0.725220,"{""alpha"": 0.0001313028028065861, ""hidden_layer_sizes"": [18], ""learning_rate_init"": 0.008663279761354562}"
2026-07-06T16:50:34+00:00,mlp,pima,TPE,0,2,balanced_accuracy,0.726021,"{""alpha"": 0.028765041432546982, ""hidden_layer_sizes"": [15], ""learning_rate_init"": 0.07780155576901421}"
2026-07-06T16:50:34+00:00,mlp,pima,TPE,0,3,balanced_accuracy,0.708400,"{""alpha"": 0.009091283280651459, ""hidden_layer_sizes"": [13], ""learning_rate_init"": 0.003860866271460547}"
2026-07-06T16:50:34+00:00,mlp,pima,TPE,0,4,balanced_accuracy,0.531451,"{""alpha"": 0.04246031301768214, ""hidden_layer_sizes"": [19], ""learning_rate_init"": 0.00016334587611069497}"
2026-07-06T16:50:34+00:00,mlp,pima,TPE,0,5,balanced_accuracy,0.637028,"{""alpha"": 1.2620948285169311e-06, ""hidden_layer_sizes"": [4], ""learning_rate_init"": 0.03146730406166007}"
2026-07-06T16:50:34+00:00,mlp,pima,TPE,0,6,balanced_accuracy,0.649614,"{""alpha"": 0.022390342721683703, ""hidden_layer_sizes"": [26], ""learning_rate_init"": 0.08626905220714905}"
2026-07-06T16:50:34+00:00,mlp,pima,TPE,0,7,balanced_accuracy,0.706970,"{""alpha"": 0.00020295362430434728, ""hidden_layer_sizes"": [26], ""learning_rate_init"": 0.02195773446539457}"
2026-07-06T16:50:34+00:00,mlp,pima,TPE,0,8,balanced_accuracy,0.498018,"{""alpha"": 0.0015834527427829746, ""hidden_layer_sizes"": [5], ""learning_rate_init"": 0.00026919058249260725}"
2026-07-06T16:50:34+00:00,mlp,pima,TPE,0,9,balanced_accuracy,0.707204,"{""alpha"": 0.0004066695065393846, ""hidden_layer_sizes"": [31], ""learning_rate_init"": 0.0017538232373118048}"
2026-07-06T16:50:34+00:00,mlp,pima,TPE,0,10,balanced_accuracy,0.627296,"{""alpha"": 6.207290697718323e-06, ""hidden_layer_sizes"": [10], ""learning_rate_init"": 0.0007786964913593174}"
2026-07-06T16:50:34+00:00,mlp,pima,TPE,0,11,balanced_accuracy,0.719029,"{""alpha"": 3.817283968957088e-05, ""hidden_layer_sizes"": [16], ""learning_rate_init"": 0.0934509859122585}"
2026-07-06T16:50:34+00:00,mlp,pima,TPE,0,12,balanced_accuracy,0.701499,"{""alpha"": 4.1167963975209695e-05, ""hidden_layer_sizes"": [22], ""learning_rate_init"": 0.01363012507927378}"
2026-07-06T16:50:34+00:00,mlp,pima,TPE,0,13,balanced_accuracy,0.728717,"{""alpha"": 0.0007155293938294156, ""hidden_layer_sizes"": [10], ""learning_rate_init"": 0.03929803859534962}"
2026-07-06T16:50:34+00:00,mlp,pima,TPE,0,14,balanced_accuracy,0.723705,"{""alpha"": 0.07791315624517423, ""hidden_layer_sizes"": [9], ""learning_rate_init"": 0.04915182162914013}"
2026-07-06T16:50:34+00:00,mlp,pima,TPE,0,15,balanced_accuracy,0.697495,"{""alpha"": 0.0009193257948013223, ""hidden_layer_sizes"": [9], ""learning_rate_init"": 0.04240044537415514}"
2026-07-06T16:50:34+00:00,mlp,pima,TPE,0,16,balanced_accuracy,0.737258,"{""alpha"": 0.008364271761636734, ""hidden_layer_sizes"": [13], ""learning_rate_init"": 0.019975576696891796}"
2026-07-06T16:50:34+00:00,mlp,pima,TPE,0,17,balanced_accuracy,0.500000,"{""alpha"": 0.0054425496630548485, ""hidden_layer_sizes"": [2], ""learning_rate_init"": 0.014144383191808387}"
2026-07-06T16:50:34+00:00,mlp,pima,TPE,0,18,balanced_accuracy,0.684695,"{""alpha"": 0.001955754333132137, ""hidden_layer_sizes"": [12], ""learning_rate_init"": 0.0025389717186172322}"
2026-07-06T16:50:34+00:00,mlp,pima,TPE,0,19,balanced_accuracy,0.738619,"{""alpha"": 0.0005857305666853958, ""hidden_layer_sizes"": [9], ""learning_rate_init"": 0.020044533724374838}"
2026-07-06T16:50:34+00:00,mlp,pima,TPE,0,20,balanced_accuracy,0.667558,"{""alpha"": 0.0099255874369133, ""hidden_layer_sizes"": [6], ""learning_rate_init"": 0.0010121147634716383}"
2026-07-06T16:50:34+00:00,mlp,pima,TPE,0,21,balanced_accuracy,0.722200,"{""alpha"": 0.0005192082393179172, ""hidden_layer_sizes"": [7], ""learning_rate_init"": 0.01606564341141768}"
2026-07-06T16:50:34+00:00,mlp,pima,TPE,0,22,balanced_accuracy,0.701153,"{""alpha"": 0.00020417754111125028, ""hidden_layer_sizes"": [12], ""learning_rate_init"": 0.006816384595663999}"
2026-07-06T16:50:34+00:00,mlp,pima,TPE,0,23,balanced_accuracy,0.729928,"{""alpha"": 5.6735969000293665e-05, ""hidden_layer_sizes"": [14], ""learning_rate_init"": 0.026392946757472106}"
2026-07-06T16:50:34+00:00,mlp,pima,TPE,0,24,balanced_accuracy,0.699347,"{""alpha"": 3.956538243359425e-05, ""hidden_layer_sizes"": [14], ""learning_rate_init"": 0.025621392795541525}"
2026-07-06T16:50:34+00:00,mlp,pima,TPE,0,25,balanced_accuracy,0.718876,"{""alpha"": 1.3528084818570184e-05, ""hidden_layer_sizes"": [16], ""learning_rate_init"": 0.0099056573042732}"
2026-07-06T16:50:34+00:00,mlp,pima,TPE,0,26,balanced_accuracy,0.701821,"{""alpha"": 0.0001086683126892809, ""hidden_layer_sizes"": [22], ""learning_rate_init"": 0.004273856217079687}"
2026-07-06T16:50:34+00:00,mlp,pima,TPE,0,27,balanced_accuracy,0.733471,"{""alpha"": 9.56540060216186e-06, ""hidden_layer_sizes"": [11], ""learning_rate_init"": 0.021780380740505572}"
2026-07-06T16:50:34+00:00,mlp,pima,TPE,0,28,balanced_accuracy,0.500000,"{""alpha"": 9.02957039282068e-06, ""hidden_layer_sizes"": [2], ""learning_rate_init"": 0.018971309936084695}"
2026-07-06T16:50:34+00:00,mlp,pima,TPE,0,29,balanced_accuracy,0.732438,"{""alpha"": 1.2475592810142337e-06, ""hidden_layer_sizes"": [8], ""learning_rate_init"": 0.005761695240090579}"
2026-07-06T16:50:34+00:00,mlp,pima,TPE,0,30,balanced_accuracy,0.669072,"{""alpha"": 3.144953695594464e-06, ""hidden_layer_sizes"": [19], ""learning_rate_init"": 0.011408372447556952}"
2026-07-06T16:50:34+00:00,mlp,pima,TPE,0,31,balanced_accuracy,0.695213,"{""alpha"": 1.1416699753907236e-06, ""hidden_layer_sizes"": [8], ""learning_rate_init"": 0.00432527494253572}"
2026-07-06T16:50:34+00:00,mlp,pima,TPE,0,32,balanced_accuracy,0.694382,"{""alpha"": 3.3714734215720774e-06, ""hidden_layer_sizes"": [11], ""learning_rate_init"": 0.006658939277579949}"
2026-07-06T16:50:34+00:00,mlp,pima,TPE,0,33,balanced_accuracy,0.701091,"{""alpha"": 3.3142754328418334e-06, ""hidden_layer_sizes"": [7], ""learning_rate_init"": 0.00969017350148148}"
2026-07-06T16:50:34+00:00,mlp,pima,TPE,0,34,balanced_accuracy,0.698759,"{""alpha"": 1.6398710189935846e-05, ""hidden_layer_sizes"": [11], ""learning_rate_init"": 0.0024703181129363903}"
2026-07-06T16:50:34+00:00,mlp,pima,TPE,0,35,balanced_accuracy,0.743397,"{""alpha"": 0.0022428741659479027, ""hidden_layer_sizes"": [5], ""learning_rate_init"": 0.043564498646407046}"
2026-07-06T16:50:34+00:00,mlp,pima,TPE,0,36,balanced_accuracy,0.707128,"{""alpha"": 0.0030774904733704483, ""hidden_layer_sizes"": [5], ""learning_rate_init"": 0.05526078439624033}"
2026-07-06T16:50:34+00:00,mlp,pima,TPE,0,37,balanced_accuracy,0.500000,"{""alpha"": 0.006657513045986499, ""hidden_layer_sizes"": [4], ""learning_rate_init"": 0.05955449108894483}"
2026-07-06T16:50:34+00:00,mlp,pima,TPE,0,38,balanced_accuracy,0.717914,"{""alpha"": 0.03269016068519799, ""hidden_layer_sizes"": [17], ""learning_rate_init"": 0.03363907607624397}"
2026-07-06T16:50:34+00:00,mlp,pima,TPE,0,39,balanced_accuracy,0.701508,"{""alpha"": 0.011949522907309187, ""hidden_layer_sizes"": [13], ""learning_rate_init"": 0.021263051137205863}"
2026-07-06T16:50:34+00:00,mlp,pima,TPE,0,40,balanced_accuracy,0.578271,"{""alpha"": 0.0010858487251087076, ""hidden_layer_sizes"": [3], ""learning_rate_init"": 0.07518657990886594}"
2026-07-06T16:50:34+00:00,mlp,pima,TPE,0,41,balanced_accuracy,0.698557,"{""alpha"": 0.0035700696377541966, ""hidden_layer_sizes"": [8], ""learning_rate_init"": 0.030682610424144385}"
2026-07-06T16:50:34+00:00,mlp,pima,TPE,0,42,balanced_accuracy,0.709952,"{""alpha"": 0.020474668260736018, ""hidden_layer_sizes"": [6], ""learning_rate_init"": 0.005777804219103543}"
2026-07-06T16:50:34+00:00,mlp,pima,TPE,0,43,balanced_accuracy,0.696622,"{""alpha"": 1.8731018900787018e-06, ""hidden_layer_sizes"": [10], ""learning_rate_init"": 0.016675076260414062}"
2026-07-06T16:50:34+00:00,mlp,pima,TPE,0,44,balanced_accuracy,0.619408,"{""alpha"": 0.002632407708437401, ""hidden_layer_sizes"": [8], ""learning_rate_init"": 0.00035604193942390355}"
2026-07-06T16:50:34+00:00,mlp,pima,TPE,0,45,balanced_accuracy,0.731213,"{""alpha"": 0.00023403965585753607, ""hidden_layer_sizes"": [15], ""learning_rate_init"": 0.008132615766129692}"
2026-07-06T16:50:34+00:00,mlp,pima,TPE,0,46,balanced_accuracy,0.710250,"{""alpha"": 0.06971132683778215, ""hidden_layer_sizes"": [5], ""learning_rate_init"": 0.07176691892064685}"
2026-07-06T16:50:34+00:00,mlp,pima,TPE,0,47,balanced_accuracy,0.721449,"{""alpha"": 0.015001061289533388, ""hidden_layer_sizes"": [12], ""learning_rate_init"": 0.043340288077815675}"
2026-07-06T16:50:34+00:00,mlp,pima,TPE,0,48,balanced_accuracy,0.696612,"{""alpha"": 0.005723319430369438, ""hidden_layer_sizes"": [7], ""learning_rate_init"": 0.022253292032212744}"
2026-07-06T16:50:34+00:00,mlp,pima,TPE,0,49,balanced_accuracy,0.715780,"{""alpha"": 1.972949168129339e-05, ""hidden_layer_sizes"": [9], ""learning_rate_init"": 0.012820519253133851}"
2026-07-06T16:50:35+00:00,logreg,heart_statlog,TPE,0,0,balanced_accuracy,0.830208,"{""C"": 1.96282248134428}"
2026-07-06T16:50:35+00:00,logreg,heart_statlog,TPE,0,1,balanced_accuracy,0.831250,"{""C"": 19.549524484259873}"
2026-07-06T16:50:35+00:00,logreg,heart_statlog,TPE,0,2,balanced_accuracy,0.835417,"{""C"": 4.135997393839888}"
2026-07-06T16:50:35+00:00,logreg,heart_statlog,TPE,0,3,balanced_accuracy,0.830208,"{""C"": 1.8590843630169627}"
2026-07-06T16:50:35+00:00,logreg,heart_statlog,TPE,0,4,balanced_accuracy,0.829167,"{""C"": 0.348280208702833}"
2026-07-06T16:50:35+00:00,logreg,heart_statlog,TPE,0,5,balanced_accuracy,0.831250,"{""C"": 7.505241622349544}"
2026-07-06T16:50:35+00:00,logreg,heart_statlog,TPE,0,6,balanced_accuracy,0.829167,"{""C"": 0.4222048983149828}"
2026-07-06T16:50:35+00:00,logreg,heart_statlog,TPE,0,7,balanced_accuracy,0.831250,"{""C"": 224.2012371372442}"
2026-07-06T16:50:35+00:00,logreg,heart_statlog,TPE,0,8,balanced_accuracy,0.831250,"{""C"": 605.3082080079017}"
2026-07-06T16:50:35+00:00,logreg,heart_statlog,TPE,0,9,balanced_accuracy,0.825000,"{""C"": 0.1998246739232945}"
2026-07-06T16:50:35+00:00,logreg,heart_statlog,TPE,0,10,balanced_accuracy,0.793750,"{""C"": 0.00243777399563589}"
2026-07-06T16:50:35+00:00,logreg,heart_statlog,TPE,0,11,balanced_accuracy,0.831250,"{""C"": 40.371845841736}"
2026-07-06T16:50:35+00:00,logreg,heart_statlog,TPE,0,12,balanced_accuracy,0.831250,"{""C"": 33.736441805934916}"
2026-07-06T16:50:35+00:00,logreg,heart_statlog,TPE,0,13,balanced_accuracy,0.808333,"{""C"": 0.01768694545432142}"
2026-07-06T16:50:35+00:00,logreg,heart_statlog,TPE,0,14,balanced_accuracy,0.831250,"{""C"": 44.846247128932376}"
2026-07-06T16:50:35+00:00,logreg,heart_statlog,TPE,0,15,balanced_accuracy,0.831250,"{""C"": 5.665482600548672}"
2026-07-06T16:50:35+00:00,logreg,heart_statlog,TPE,0,16,balanced_accuracy,0.809375,"{""C"": 0.041894626404741564}"
2026-07-06T16:50:35+00:00,logreg,heart_statlog,TPE,0,17,balanced_accuracy,0.831250,"{""C"": 157.68768892203465}"
2026-07-06T16:50:35+00:00,logreg,heart_statlog,TPE,0,18,balanced_accuracy,0.831250,"{""C"": 10.454981817499998}"
2026-07-06T16:50:35+00:00,logreg,heart_statlog,TPE,0,19,balanced_accuracy,0.829167,"{""C"": 1.0321935548921735}"
2026-07-06T16:50:35+00:00,logreg,heart_statlog,TPE,0,20,balanced_accuracy,0.809375,"{""C"": 0.05540120207290873}"
2026-07-06T16:50:35+00:00,logreg,heart_statlog,TPE,0,21,balanced_accuracy,0.831250,"{""C"": 8.675992633953065}"
2026-07-06T16:50:35+00:00,logreg,heart_statlog,TPE,0,22,balanced_accuracy,0.831250,"{""C"": 5.0272397406356}"
2026-07-06T16:50:35+00:00,logreg,heart_statlog,TPE,0,23,balanced_accuracy,0.831250,"{""C"": 17.248854237059433}"
2026-07-06T16:50:35+00:00,logreg,heart_statlog,TPE,0,24,balanced_accuracy,0.831250,"{""C"": 97.75846708220979}"
2026-07-06T16:50:35+00:00,logreg,heart_statlog,TPE,0,25,balanced_accuracy,0.831250,"{""C"": 871.1959658228513}"
2026-07-06T16:50:35+00:00,logreg,heart_statlog,TPE,0,26,balanced_accuracy,0.830208,"{""C"": 2.393702943642744}"
2026-07-06T16:50:35+00:00,logreg,heart_statlog,TPE,0,27,balanced_accuracy,0.829167,"{""C"": 0.8069645013525218}"
2026-07-06T16:50:35+00:00,logreg,heart_statlog,TPE,0,28,balanced_accuracy,0.831250,"{""C"": 14.791453145291019}"
2026-07-06T16:50:35+00:00,logreg,heart_statlog,TPE,0,29,balanced_accuracy,0.835417,"{""C"": 3.2377778460163973}"
2026-07-06T16:50:35+00:00,logreg,heart_statlog,TPE,0,30,balanced_accuracy,0.835417,"{""C"": 2.895624485131923}"
2026-07-06T16:50:35+00:00,logreg,heart_statlog,TPE,0,31,balanced_accuracy,0.835417,"{""C"": 2.4748789269250713}"
2026-07-06T16:50:35+00:00,logreg,heart_statlog,TPE,0,32,balanced_accuracy,0.830208,"{""C"": 1.7589798491301636}"
2026-07-06T16:50:35+00:00,logreg,heart_statlog,TPE,0,33,balanced_accuracy,0.835417,"{""C"": 3.9551128732097696}"
2026-07-06T16:50:35+00:00,logreg,heart_statlog,TPE,0,34,balanced_accuracy,0.819792,"{""C"": 0.17644019261220725}"
2026-07-06T16:50:35+00:00,logreg,heart_statlog,TPE,0,35,balanced_accuracy,0.829167,"{""C"": 1.0503470817561267}"
2026-07-06T16:50:35+00:00,logreg,heart_statlog,TPE,0,36,balanced_accuracy,0.835417,"{""C"": 2.4465891382523606}"
2026-07-06T16:50:35+00:00,logreg,heart_statlog,TPE,0,37,balanced_accuracy,0.823958,"{""C"": 0.6049196053906223}"
2026-07-06T16:50:35+00:00,logreg,heart_statlog,TPE,0,38,balanced_accuracy,0.825000,"{""C"": 0.28795996762119763}"
2026-07-06T16:50:35+00:00,logreg,heart_statlog,TPE,0,39,balanced_accuracy,0.835417,"{""C"": 3.062651668643156}"
2026-07-06T16:50:35+00:00,logreg,heart_statlog,TPE,0,40,balanced_accuracy,0.823958,"{""C"": 0.09263180209133381}"
2026-07-06T16:50:35+00:00,logreg,heart_statlog,TPE,0,41,balanced_accuracy,0.835417,"{""C"": 3.929350973799846}"
2026-07-06T16:50:35+00:00,logreg,heart_statlog,TPE,0,42,balanced_accuracy,0.825000,"{""C"": 1.4081499596727802}"
2026-07-06T16:50:35+00:00,logreg,heart_statlog,TPE,0,43,balanced_accuracy,0.831250,"{""C"": 22.294120186288882}"
2026-07-06T16:50:35+00:00,logreg,heart_statlog,TPE,0,44,balanced_accuracy,0.823958,"{""C"": 0.5436387375839462}"
2026-07-06T16:50:35+00:00,logreg,heart_statlog,TPE,0,45,balanced_accuracy,0.835417,"{""C"": 4.241673340214842}"
2026-07-06T16:50:35+00:00,logreg,heart_statlog,TPE,0,46,balanced_accuracy,0.831250,"{""C"": 9.081055241375019}"
2026-07-06T16:50:35+00:00,logreg,heart_statlog,TPE,0,47,balanced_accuracy,0.831250,"{""C"": 79.19597932564977}"
2026-07-06T16:50:35+00:00,logreg,heart_statlog,TPE,0,48,balanced_accuracy,0.831250,"{""C"": 26.439607128821514}"
2026-07-06T16:50:35+00:00,logreg,heart_statlog,TPE,0,49,balanced_accuracy,0.830208,"{""C"": 1.898926990978315}"
2026-07-06T16:50:37+00:00,svm_linear,heart_statlog,TPE,0,0,balanced_accuracy,0.814583,"{""C"": 1.96282248134428}"
2026-07-06T16:50:37+00:00,svm_linear,heart_statlog,TPE,0,1,balanced_accuracy,0.818750,"{""C"": 19.549524484259873}"
2026-07-06T16:50:37+00:00,svm_linear,heart_statlog,TPE,0,2,balanced_accuracy,0.814583,"{""C"": 4.135997393839888}"
2026-07-06T16:50:37+00:00,svm_linear,heart_statlog,TPE,0,3,balanced_accuracy,0.814583,"{""C"": 1.8590843630169627}"
2026-07-06T16:50:37+00:00,svm_linear,heart_statlog,TPE,0,4,balanced_accuracy,0.822917,"{""C"": 0.348280208702833}"
2026-07-06T16:50:37+00:00,svm_linear,heart_statlog,TPE,0,5,balanced_accuracy,0.818750,"{""C"": 7.505241622349544}"
2026-07-06T16:50:37+00:00,svm_linear,heart_statlog,TPE,0,6,balanced_accuracy,0.822917,"{""C"": 0.4222048983149828}"
2026-07-06T16:50:37+00:00,svm_linear,heart_statlog,TPE,0,7,balanced_accuracy,0.822917,"{""C"": 224.2012371372442}"
2026-07-06T16:50:37+00:00,svm_linear,heart_statlog,TPE,0,8,balanced_accuracy,0.822917,"{""C"": 605.3082080079017}"
2026-07-06T16:50:37+00:00,svm_linear,heart_statlog,TPE,0,9,balanced_accuracy,0.831250,"{""C"": 0.1998246739232945}"
2026-07-06T16:50:37+00:00,svm_linear,heart_statlog,TPE,0,10,balanced_accuracy,0.653125,"{""C"": 0.0013243623620587995}"
2026-07-06T16:50:37+00:00,svm_linear,heart_statlog,TPE,0,11,balanced_accuracy,0.838542,"{""C"": 0.054537602901420665}"
2026-07-06T16:50:37+00:00,svm_linear,heart_statlog,TPE,0,12,balanced_accuracy,0.838542,"{""C"": 0.01849161273740353}"
2026-07-06T16:50:37+00:00,svm_linear,heart_statlog,TPE,0,13,balanced_accuracy,0.837500,"{""C"": 0.010822712599783926}"
2026-07-06T16:50:37+00:00,svm_linear,heart_statlog,TPE,0,14,balanced_accuracy,0.839583,"{""C"": 0.023405576359869264}"
2026-07-06T16:50:37+00:00,svm_linear,heart_statlog,TPE,0,15,balanced_accuracy,0.838542,"{""C"": 0.028898840234983073}"
2026-07-06T16:50:37+00:00,svm_linear,heart_statlog,TPE,0,16,balanced_accuracy,0.817708,"{""C"": 0.0021743561015750805}"
2026-07-06T16:50:37+00:00,svm_linear,heart_statlog,TPE,0,17,balanced_accuracy,0.838542,"{""C"": 0.0707825793340868}"
2026-07-06T16:50:37+00:00,svm_linear,heart_statlog,TPE,0,18,balanced_accuracy,0.836458,"{""C"": 0.006295034008686949}"
2026-07-06T16:50:37+00:00,svm_linear,heart_statlog,TPE,0,19,balanced_accuracy,0.838542,"{""C"": 0.0640119344777483}"
2026-07-06T16:50:37+00:00,svm_linear,heart_statlog,TPE,0,20,balanced_accuracy,0.834375,"{""C"": 0.13312456335054967}"
2026-07-06T16:50:37+00:00,svm_linear,heart_statlog,TPE,0,21,balanced_accuracy,0.838542,"{""C"": 0.015878734606121464}"
2026-07-06T16:50:37+00:00,svm_linear,heart_statlog,TPE,0,22,balanced_accuracy,0.831250,"{""C"": 0.006972517285597914}"
2026-07-06T16:50:37+00:00,svm_linear,heart_statlog,TPE,0,23,balanced_accuracy,0.838542,"{""C"": 0.043149007445318584}"
2026-07-06T16:50:37+00:00,svm_linear,heart_statlog,TPE,0,24,balanced_accuracy,0.818750,"{""C"": 0.0030557422935798997}"
2026-07-06T16:50:37+00:00,svm_linear,heart_statlog,TPE,0,25,balanced_accuracy,0.827083,"{""C"": 0.5923932385765969}"
2026-07-06T16:50:37+00:00,svm_linear,heart_statlog,TPE,0,26,balanced_accuracy,0.834375,"{""C"": 0.027780547901777544}"
2026-07-06T16:50:37+00:00,svm_linear,heart_statlog,TPE,0,27,balanced_accuracy,0.831250,"{""C"": 0.004732119855400094}"
2026-07-06T16:50:37+00:00,svm_linear,heart_statlog,TPE,0,28,balanced_accuracy,0.838542,"{""C"": 0.11032421493351248}"
2026-07-06T16:50:37+00:00,svm_linear,heart_statlog,TPE,0,29,balanced_accuracy,0.838542,"{""C"": 0.017873467619292552}"
2026-07-06T16:50:37+00:00,svm_linear,heart_statlog,TPE,0,30,balanced_accuracy,0.817708,"{""C"": 1.09527901810768}"
2026-07-06T16:50:37+00:00,svm_linear,heart_statlog,TPE,0,31,balanced_accuracy,0.842708,"{""C"": 0.031171309000068915}"
2026-07-06T16:50:37+00:00,svm_linear,heart_statlog,TPE,0,32,balanced_accuracy,0.831250,"{""C"": 0.19920368780662506}"
2026-07-06T16:50:37+00:00,svm_linear,heart_statlog,TPE,0,33,balanced_accuracy,0.510417,"{""C"": 0.0010279874465293577}"
2026-07-06T16:50:37+00:00,svm_linear,heart_statlog,TPE,0,34,balanced_accuracy,0.842708,"{""C"": 0.0133317427367226}"
2026-07-06T16:50:37+00:00,svm_linear,heart_statlog,TPE,0,35,balanced_accuracy,0.838542,"{""C"": 0.04279537014859507}"
2026-07-06T16:50:37+00:00,svm_linear,heart_statlog,TPE,0,36,balanced_accuracy,0.822917,"{""C"": 37.458376564314136}"
2026-07-06T16:50:37+00:00,svm_linear,heart_statlog,TPE,0,37,balanced_accuracy,0.842708,"{""C"": 0.011780711204869152}"
2026-07-06T16:50:37+00:00,svm_linear,heart_statlog,TPE,0,38,balanced_accuracy,0.836458,"{""C"": 0.008894216296785358}"
2026-07-06T16:50:37+00:00,svm_linear,heart_statlog,TPE,0,39,balanced_accuracy,0.813542,"{""C"": 0.002920037102094888}"
2026-07-06T16:50:37+00:00,svm_linear,heart_statlog,TPE,0,40,balanced_accuracy,0.831250,"{""C"": 0.27136746515381727}"
2026-07-06T16:50:37+00:00,svm_linear,heart_statlog,TPE,0,41,balanced_accuracy,0.838542,"{""C"": 0.0875240394177662}"
2026-07-06T16:50:37+00:00,svm_linear,heart_statlog,TPE,0,42,balanced_accuracy,0.838542,"{""C"": 0.02941741399959759}"
2026-07-06T16:50:37+00:00,svm_linear,heart_statlog,TPE,0,43,balanced_accuracy,0.837500,"{""C"": 0.010294223398983594}"
2026-07-06T16:50:37+00:00,svm_linear,heart_statlog,TPE,0,44,balanced_accuracy,0.831250,"{""C"": 0.004608480319873745}"
2026-07-06T16:50:37+00:00,svm_linear,heart_statlog,TPE,0,45,balanced_accuracy,0.827083,"{""C"": 0.5954641166994593}"
2026-07-06T16:50:37+00:00,svm_linear,heart_statlog,TPE,0,46,balanced_accuracy,0.838542,"{""C"": 0.017004431991101077}"
2026-07-06T16:50:37+00:00,svm_linear,heart_statlog,TPE,0,47,balanced_accuracy,0.838542,"{""C"": 0.048432481356350206}"
2026-07-06T16:50:37+00:00,svm_linear,heart_statlog,TPE,0,48,balanced_accuracy,0.818750,"{""C"": 4.6463098956005355}"
2026-07-06T16:50:37+00:00,svm_linear,heart_statlog,TPE,0,49,balanced_accuracy,0.830208,"{""C"": 0.1603736623307493}"
2026-07-06T16:50:37+00:00,svm_rbf,heart_statlog,TPE,0,0,balanced_accuracy,0.730208,"{""C"": 1.96282248134428, ""gamma"": 0.3766576841599298}"
2026-07-06T16:50:37+00:00,svm_rbf,heart_statlog,TPE,0,1,balanced_accuracy,0.789583,"{""C"": 4.135997393839888, ""gamma"": 0.05301709347576828}"
2026-07-06T16:50:37+00:00,svm_rbf,heart_statlog,TPE,0,2,balanced_accuracy,0.786458,"{""C"": 0.348280208702833, ""gamma"": 0.1696174638729098}"
2026-07-06T16:50:37+00:00,svm_rbf,heart_statlog,TPE,0,3,balanced_accuracy,0.500000,"{""C"": 0.4222048983149828, ""gamma"": 2.8765041432546945}"
2026-07-06T16:50:37+00:00,svm_rbf,heart_statlog,TPE,0,4,balanced_accuracy,0.753125,"{""C"": 605.3082080079017, ""gamma"": 0.008264328927007725}"
2026-07-06T16:50:37+00:00,svm_rbf,heart_statlog,TPE,0,5,balanced_accuracy,0.768750,"{""C"": 56.27949975223143, ""gamma"": 0.04410365667970985}"
2026-07-06T16:50:37+00:00,svm_rbf,heart_statlog,TPE,0,6,balanced_accuracy,0.526042,"{""C"": 2.5601615250028704, ""gamma"": 4.246031301768208}"
2026-07-06T16:50:37+00:00,svm_rbf,heart_statlog,TPE,0,7,balanced_accuracy,0.500000,"{""C"": 0.002668187524237051, ""gamma"": 0.00027267573880087313}"
2026-07-06T16:50:37+00:00,svm_rbf,heart_statlog,TPE,0,8,balanced_accuracy,0.500000,"{""C"": 0.001322240284589594, ""gamma"": 1.4557916623227765}"
2026-07-06T16:50:37+00:00,svm_rbf,heart_statlog,TPE,0,9,balanced_accuracy,0.560417,"{""C"": 46.659545670218456, ""gamma"": 2.239034272168371}"
2026-07-06T16:50:37+00:00,svm_rbf,heart_statlog,TPE,0,10,balanced_accuracy,0.500000,"{""C"": 0.03391577297946079, ""gamma"": 0.00018575382456983945}"
2026-07-06T16:50:37+00:00,svm_rbf,heart_statlog,TPE,0,11,balanced_accuracy,0.817708,"{""C"": 0.13535516385517837, ""gamma"": 0.04688610573945006}"
2026-07-06T16:50:37+00:00,svm_rbf,heart_statlog,TPE,0,12,balanced_accuracy,0.500000,"{""C"": 0.037109651167789484, ""gamma"": 0.00597095829967727}"
2026-07-06T16:50:37+00:00,svm_rbf,heart_statlog,TPE,0,13,balanced_accuracy,0.796875,"{""C"": 15.293163501788785, ""gamma"": 0.014513231144050214}"
2026-07-06T16:50:37+00:00,svm_rbf,heart_statlog,TPE,0,14,balanced_accuracy,0.831250,"{""C"": 44.85453582866641, ""gamma"": 0.0024223403749590476}"
2026-07-06T16:50:37+00:00,svm_rbf,heart_statlog,TPE,0,15,balanced_accuracy,0.808333,"{""C"": 317.40194809113433, ""gamma"": 0.0020014482483234858}"
2026-07-06T16:50:37+00:00,svm_rbf,heart_statlog,TPE,0,16,balanced_accuracy,0.500000,"{""C"": 0.02129526288169483, ""gamma"": 0.0015059539750072108}"
2026-07-06T16:50:37+00:00,svm_rbf,heart_statlog,TPE,0,17,balanced_accuracy,0.500000,"{""C"": 0.23141804098568686, ""gamma"": 0.0009053699050544112}"
2026-07-06T16:50:37+00:00,svm_rbf,heart_statlog,TPE,0,18,balanced_accuracy,0.771875,"{""C"": 156.01959535299554, ""gamma"": 0.037588516690831984}"
2026-07-06T16:50:37+00:00,svm_rbf,heart_statlog,TPE,0,19,balanced_accuracy,0.760417,"{""C"": 12.635833994813474, ""gamma"": 0.19783160408460937}"
2026-07-06T16:50:37+00:00,svm_rbf,heart_statlog,TPE,0,20,balanced_accuracy,0.500000,"{""C"": 0.003932852512423005, ""gamma"": 0.004804108053563109}"
2026-07-06T16:50:37+00:00,svm_rbf,heart_statlog,TPE,0,21,balanced_accuracy,0.797917,"{""C"": 851.1745282408832, ""gamma"": 0.0013985420493495139}"
2026-07-06T16:50:37+00:00,svm_rbf,heart_statlog,TPE,0,22,balanced_accuracy,0.826042,"{""C"": 140.8958496373936, ""gamma"": 0.0005248119115072953}"
2026-07-06T16:50:37+00:00,svm_rbf,heart_statlog,TPE,0,23,balanced_accuracy,0.838542,"{""C"": 106.07346036820745, ""gamma"": 0.00043846577154395874}"
2026-07-06T16:50:37+00:00,svm_rbf,heart_statlog,TPE,0,24,balanced_accuracy,0.838542,"{""C"": 97.17887306671248, ""gamma"": 0.00042641381653520707}"
2026-07-06T16:50:37+00:00,svm_rbf,heart_statlog,TPE,0,25,balanced_accuracy,0.837500,"{""C"": 34.66873529551968, ""gamma"": 0.00014405151761670627}"
2026-07-06T16:50:37+00:00,svm_rbf,heart_statlog,TPE,0,26,balanced_accuracy,0.814583,"{""C"": 12.372320562315766, ""gamma"": 0.0001311182978210318}"
2026-07-06T16:50:37+00:00,svm_rbf,heart_statlog,TPE,0,27,balanced_accuracy,0.834375,"{""C"": 144.09669732292545, ""gamma"": 0.00040945512416044617}"
2026-07-06T16:50:37+00:00,svm_rbf,heart_statlog,TPE,0,28,balanced_accuracy,0.831250,"{""C"": 19.84609881811985, ""gamma"": 0.00011570324818519389}"
2026-07-06T16:50:37+00:00,svm_rbf,heart_statlog,TPE,0,29,balanced_accuracy,0.827083,"{""C"": 4.6463098956005355, ""gamma"": 0.0005723603200171094}"
2026-07-06T16:50:37+00:00,svm_rbf,heart_statlog,TPE,0,30,balanced_accuracy,0.500000,"{""C"": 0.9218717475988107, ""gamma"": 0.0002700615305394824}"
2026-07-06T16:50:37+00:00,svm_rbf,heart_statlog,TPE,0,31,balanced_accuracy,0.834375,"{""C"": 140.82467045495113, ""gamma"": 0.0004183450524074773}"
2026-07-06T16:50:37+00:00,svm_rbf,heart_statlog,TPE,0,32,balanced_accuracy,0.822917,"{""C"": 357.406585278158, ""gamma"": 0.0006473112931647079}"
2026-07-06T16:50:37+00:00,svm_rbf,heart_statlog,TPE,0,33,balanced_accuracy,0.834375,"{""C"": 77.29619878112015, ""gamma"": 0.0002272827392519065}"
2026-07-06T16:50:37+00:00,svm_rbf,heart_statlog,TPE,0,34,balanced_accuracy,0.838542,"{""C"": 5.75074267034926, ""gamma"": 0.003305599172559086}"
2026-07-06T16:50:37+00:00,svm_rbf,heart_statlog,TPE,0,35,balanced_accuracy,0.806250,"{""C"": 6.997843617364567, ""gamma"": 0.018423541596012453}"
2026-07-06T16:50:37+00:00,svm_rbf,heart_statlog,TPE,0,36,balanced_accuracy,0.818750,"{""C"": 0.9690680551520633, ""gamma"": 0.004338674319622305}"
2026-07-06T16:50:37+00:00,svm_rbf,heart_statlog,TPE,0,37,balanced_accuracy,0.838542,"{""C"": 28.199834177146755, ""gamma"": 0.0010860803248347577}"
2026-07-06T16:50:37+00:00,svm_rbf,heart_statlog,TPE,0,38,balanced_accuracy,0.826042,"{""C"": 1.9138087855818822, ""gamma"": 0.0010956069017879545}"
2026-07-06T16:50:37+00:00,svm_rbf,heart_statlog,TPE,0,39,balanced_accuracy,0.830208,"{""C"": 24.81263022351467, ""gamma"": 0.0028257214834181894}"
2026-07-06T16:50:37+00:00,svm_rbf,heart_statlog,TPE,0,40,balanced_accuracy,0.810417,"{""C"": 8.36137439443239, ""gamma"": 0.014593823306056604}"
2026-07-06T16:50:37+00:00,svm_rbf,heart_statlog,TPE,0,41,balanced_accuracy,0.838542,"{""C"": 32.57691423034522, ""gamma"": 0.0008807986882653129}"
2026-07-06T16:50:37+00:00,svm_rbf,heart_statlog,TPE,0,42,balanced_accuracy,0.826042,"{""C"": 75.65261932181124, ""gamma"": 0.0009200420233752535}"
2026-07-06T16:50:37+00:00,svm_rbf,heart_statlog,TPE,0,43,balanced_accuracy,0.780208,"{""C"": 337.9132698001153, ""gamma"": 0.0025952516270439244}"
2026-07-06T16:50:37+00:00,svm_rbf,heart_statlog,TPE,0,44,balanced_accuracy,0.505208,"{""C"": 2.687248918208475, ""gamma"": 9.087964940420182}"
2026-07-06T16:50:37+00:00,svm_rbf,heart_statlog,TPE,0,45,balanced_accuracy,0.838542,"{""C"": 29.077636825039523, ""gamma"": 0.0003450001854923071}"
2026-07-06T16:50:37+00:00,svm_rbf,heart_statlog,TPE,0,46,balanced_accuracy,0.838542,"{""C"": 76.81258113798494, ""gamma"": 0.0007589394201506938}"
2026-07-06T16:50:37+00:00,svm_rbf,heart_statlog,TPE,0,47,balanced_accuracy,0.825000,"{""C"": 4.785474174097114, ""gamma"": 0.009197639197598426}"
2026-07-06T16:50:37+00:00,svm_rbf,heart_statlog,TPE,0,48,balanced_accuracy,0.826042,"{""C"": 44.02488568007527, ""gamma"": 0.0017290993195135807}"
2026-07-06T16:50:37+00:00,svm_rbf,heart_statlog,TPE,0,49,balanced_accuracy,0.777083,"{""C"": 223.30616396072455, ""gamma"": 0.003294630725746807}"
2026-07-06T16:50:38+00:00,knn,heart_statlog,TPE,0,0,balanced_accuracy,0.837500,"{""n_neighbors"": 17, ""p"": 1, ""weights"": ""uniform""}"
2026-07-06T16:50:38+00:00,knn,heart_statlog,TPE,0,1,balanced_accuracy,0.827083,"{""n_neighbors"": 20, ""p"": 1, ""weights"": ""distance""}"
2026-07-06T16:50:38+00:00,knn,heart_statlog,TPE,0,2,balanced_accuracy,0.827083,"{""n_neighbors"": 24, ""p"": 1, ""weights"": ""distance""}"
2026-07-06T16:50:38+00:00,knn,heart_statlog,TPE,0,3,balanced_accuracy,0.771875,"{""n_neighbors"": 3, ""p"": 2, ""weights"": ""distance""}"
2026-07-06T16:50:38+00:00,knn,heart_statlog,TPE,0,4,balanced_accuracy,0.811458,"{""n_neighbors"": 30, ""p"": 1, ""weights"": ""uniform""}"
2026-07-06T16:50:38+00:00,knn,heart_statlog,TPE,0,5,balanced_accuracy,0.827083,"{""n_neighbors"": 20, ""p"": 1, ""weights"": ""distance""}"
2026-07-06T16:50:38+00:00,knn,heart_statlog,TPE,0,6,balanced_accuracy,0.828125,"{""n_neighbors"": 8, ""p"": 1, ""weights"": ""uniform""}"
2026-07-06T16:50:38+00:00,knn,heart_statlog,TPE,0,7,balanced_accuracy,0.832292,"{""n_neighbors"": 19, ""p"": 1, ""weights"": ""distance""}"
2026-07-06T16:50:38+00:00,knn,heart_statlog,TPE,0,8,balanced_accuracy,0.787500,"{""n_neighbors"": 11, ""p"": 2, ""weights"": ""distance""}"
2026-07-06T16:50:38+00:00,knn,heart_statlog,TPE,0,9,balanced_accuracy,0.819792,"{""n_neighbors"": 21, ""p"": 2, ""weights"": ""uniform""}"
2026-07-06T16:50:38+00:00,knn,heart_statlog,TPE,0,10,balanced_accuracy,0.796875,"{""n_neighbors"": 13, ""p"": 2, ""weights"": ""uniform""}"
2026-07-06T16:50:38+00:00,knn,heart_statlog,TPE,0,11,balanced_accuracy,0.826042,"{""n_neighbors"": 15, ""p"": 1, ""weights"": ""uniform""}"
2026-07-06T16:50:38+00:00,knn,heart_statlog,TPE,0,12,balanced_accuracy,0.820833,"{""n_neighbors"": 26, ""p"": 1, ""weights"": ""uniform""}"
2026-07-06T16:50:38+00:00,knn,heart_statlog,TPE,0,13,balanced_accuracy,0.822917,"{""n_neighbors"": 16, ""p"": 1, ""weights"": ""distance""}"
2026-07-06T16:50:38+00:00,knn,heart_statlog,TPE,0,14,balanced_accuracy,0.822917,"{""n_neighbors"": 18, ""p"": 1, ""weights"": ""distance""}"
2026-07-06T16:50:38+00:00,knn,heart_statlog,TPE,0,15,balanced_accuracy,0.806250,"{""n_neighbors"": 10, ""p"": 1, ""weights"": ""uniform""}"
2026-07-06T16:50:38+00:00,knn,heart_statlog,TPE,0,16,balanced_accuracy,0.813542,"{""n_neighbors"": 6, ""p"": 1, ""weights"": ""uniform""}"
2026-07-06T16:50:38+00:00,knn,heart_statlog,TPE,0,17,balanced_accuracy,0.817708,"{""n_neighbors"": 25, ""p"": 1, ""weights"": ""distance""}"
2026-07-06T16:50:38+00:00,knn,heart_statlog,TPE,0,18,balanced_accuracy,0.802083,"{""n_neighbors"": 15, ""p"": 2, ""weights"": ""distance""}"
2026-07-06T16:50:38+00:00,knn,heart_statlog,TPE,0,19,balanced_accuracy,0.811458,"{""n_neighbors"": 30, ""p"": 1, ""weights"": ""uniform""}"
2026-07-06T16:50:38+00:00,knn,heart_statlog,TPE,0,20,balanced_accuracy,0.817708,"{""n_neighbors"": 23, ""p"": 1, ""weights"": ""distance""}"
2026-07-06T16:50:38+00:00,knn,heart_statlog,TPE,0,21,balanced_accuracy,0.808333,"{""n_neighbors"": 9, ""p"": 1, ""weights"": ""uniform""}"
2026-07-06T16:50:38+00:00,knn,heart_statlog,TPE,0,22,balanced_accuracy,0.813542,"{""n_neighbors"": 6, ""p"": 1, ""weights"": ""uniform""}"
2026-07-06T16:50:38+00:00,knn,heart_statlog,TPE,0,23,balanced_accuracy,0.728125,"{""n_neighbors"": 1, ""p"": 1, ""weights"": ""uniform""}"
2026-07-06T16:50:38+00:00,knn,heart_statlog,TPE,0,24,balanced_accuracy,0.837500,"{""n_neighbors"": 17, ""p"": 1, ""weights"": ""uniform""}"
2026-07-06T16:50:38+00:00,knn,heart_statlog,TPE,0,25,balanced_accuracy,0.840625,"{""n_neighbors"": 18, ""p"": 1, ""weights"": ""uniform""}"
2026-07-06T16:50:38+00:00,knn,heart_statlog,TPE,0,26,balanced_accuracy,0.825000,"{""n_neighbors"": 17, ""p"": 2, ""weights"": ""uniform""}"
2026-07-06T16:50:38+00:00,knn,heart_statlog,TPE,0,27,balanced_accuracy,0.819792,"{""n_neighbors"": 12, ""p"": 1, ""weights"": ""uniform""}"
2026-07-06T16:50:38+00:00,knn,heart_statlog,TPE,0,28,balanced_accuracy,0.819792,"{""n_neighbors"": 14, ""p"": 1, ""weights"": ""uniform""}"
2026-07-06T16:50:38+00:00,knn,heart_statlog,TPE,0,29,balanced_accuracy,0.827083,"{""n_neighbors"": 21, ""p"": 1, ""weights"": ""uniform""}"
2026-07-06T16:50:38+00:00,knn,heart_statlog,TPE,0,30,balanced_accuracy,0.808333,"{""n_neighbors"": 27, ""p"": 1, ""weights"": ""uniform""}"
2026-07-06T16:50:38+00:00,knn,heart_statlog,TPE,0,31,balanced_accuracy,0.840625,"{""n_neighbors"": 18, ""p"": 1, ""weights"": ""uniform""}"
2026-07-06T16:50:38+00:00,knn,heart_statlog,TPE,0,32,balanced_accuracy,0.816667,"{""n_neighbors"": 22, ""p"": 1, ""weights"": ""uniform""}"
2026-07-06T16:50:38+00:00,knn,heart_statlog,TPE,0,33,balanced_accuracy,0.840625,"{""n_neighbors"": 18, ""p"": 1, ""weights"": ""uniform""}"
2026-07-06T16:50:38+00:00,knn,heart_statlog,TPE,0,34,balanced_accuracy,0.836458,"{""n_neighbors"": 19, ""p"": 1, ""weights"": ""uniform""}"
2026-07-06T16:50:38+00:00,knn,heart_statlog,TPE,0,35,balanced_accuracy,0.836458,"{""n_neighbors"": 19, ""p"": 1, ""weights"": ""uniform""}"
2026-07-06T16:50:38+00:00,knn,heart_statlog,TPE,0,36,balanced_accuracy,0.812500,"{""n_neighbors"": 23, ""p"": 1, ""weights"": ""uniform""}"
2026-07-06T16:50:38+00:00,knn,heart_statlog,TPE,0,37,balanced_accuracy,0.825000,"{""n_neighbors"": 17, ""p"": 2, ""weights"": ""uniform""}"
2026-07-06T16:50:38+00:00,knn,heart_statlog,TPE,0,38,balanced_accuracy,0.819792,"{""n_neighbors"": 14, ""p"": 1, ""weights"": ""uniform""}"
2026-07-06T16:50:38+00:00,knn,heart_statlog,TPE,0,39,balanced_accuracy,0.831250,"{""n_neighbors"": 20, ""p"": 1, ""weights"": ""uniform""}"
2026-07-06T16:50:38+00:00,knn,heart_statlog,TPE,0,40,balanced_accuracy,0.796875,"{""n_neighbors"": 13, ""p"": 2, ""weights"": ""uniform""}"
2026-07-06T16:50:38+00:00,knn,heart_statlog,TPE,0,41,balanced_accuracy,0.837500,"{""n_neighbors"": 17, ""p"": 1, ""weights"": ""uniform""}"
2026-07-06T16:50:38+00:00,knn,heart_statlog,TPE,0,42,balanced_accuracy,0.840625,"{""n_neighbors"": 18, ""p"": 1, ""weights"": ""uniform""}"
2026-07-06T16:50:38+00:00,knn,heart_statlog,TPE,0,43,balanced_accuracy,0.836458,"{""n_neighbors"": 19, ""p"": 1, ""weights"": ""uniform""}"
2026-07-06T16:50:38+00:00,knn,heart_statlog,TPE,0,44,balanced_accuracy,0.827083,"{""n_neighbors"": 21, ""p"": 1, ""weights"": ""uniform""}"
2026-07-06T16:50:38+00:00,knn,heart_statlog,TPE,0,45,balanced_accuracy,0.826042,"{""n_neighbors"": 15, ""p"": 1, ""weights"": ""uniform""}"
2026-07-06T16:50:38+00:00,knn,heart_statlog,TPE,0,46,balanced_accuracy,0.840625,"{""n_neighbors"": 18, ""p"": 1, ""weights"": ""uniform""}"
2026-07-06T16:50:38+00:00,knn,heart_statlog,TPE,0,47,balanced_accuracy,0.840625,"{""n_neighbors"": 18, ""p"": 1, ""weights"": ""uniform""}"
2026-07-06T16:50:38+00:00,knn,heart_statlog,TPE,0,48,balanced_accuracy,0.825000,"{""n_neighbors"": 16, ""p"": 1, ""weights"": ""uniform""}"
2026-07-06T16:50:38+00:00,knn,heart_statlog,TPE,0,49,balanced_accuracy,0.816667,"{""n_neighbors"": 22, ""p"": 1, ""weights"": ""uniform""}"
2026-07-06T16:51:49+00:00,rf,heart_statlog,TPE,0,0,balanced_accuracy,0.814583,"{""max_depth"": 15, ""max_features"": null, ""min_samples_split"": 13, ""n_estimators"": 297}"
2026-07-06T16:51:49+00:00,rf,heart_statlog,TPE,0,1,balanced_accuracy,0.828125,"{""max_depth"": 18, ""max_features"": ""log2"", ""min_samples_split"": 20, ""n_estimators"": 247}"
2026-07-06T16:51:49+00:00,rf,heart_statlog,TPE,0,2,balanced_accuracy,0.814583,"{""max_depth"": 19, ""max_features"": null, ""min_samples_split"": 3, ""n_estimators"": 306}"
2026-07-06T16:51:49+00:00,rf,heart_statlog,TPE,0,3,balanced_accuracy,0.832292,"{""max_depth"": 18, ""max_features"": ""sqrt"", ""min_samples_split"": 20, ""n_estimators"": 400}"
2026-07-06T16:51:49+00:00,rf,heart_statlog,TPE,0,4,balanced_accuracy,0.832292,"{""max_depth"": 14, ""max_features"": ""sqrt"", ""min_samples_split"": 4, ""n_estimators"": 103}"
2026-07-06T16:51:49+00:00,rf,heart_statlog,TPE,0,5,balanced_accuracy,0.814583,"{""max_depth"": 16, ""max_features"": null, ""min_samples_split"": 10, ""n_estimators"": 169}"
2026-07-06T16:51:49+00:00,rf,heart_statlog,TPE,0,6,balanced_accuracy,0.828125,"{""max_depth"": 13, ""max_features"": ""sqrt"", ""min_samples_split"": 19, ""n_estimators"": 326}"
2026-07-06T16:51:49+00:00,rf,heart_statlog,TPE,0,7,balanced_accuracy,0.832292,"{""max_depth"": 3, ""max_features"": ""sqrt"", ""min_samples_split"": 14, ""n_estimators"": 364}"
2026-07-06T16:51:49+00:00,rf,heart_statlog,TPE,0,8,balanced_accuracy,0.833333,"{""max_depth"": 8, ""max_features"": ""log2"", ""min_samples_split"": 12, ""n_estimators"": 192}"
2026-07-06T16:51:49+00:00,rf,heart_statlog,TPE,0,9,balanced_accuracy,0.828125,"{""max_depth"": 5, ""max_features"": ""log2"", ""min_samples_split"": 14, ""n_estimators"": 144}"
2026-07-06T16:51:49+00:00,rf,heart_statlog,TPE,0,10,balanced_accuracy,0.841667,"{""max_depth"": 9, ""max_features"": ""log2"", ""min_samples_split"": 7, ""n_estimators"": 474}"
2026-07-06T16:51:49+00:00,rf,heart_statlog,TPE,0,11,balanced_accuracy,0.841667,"{""max_depth"": 9, ""max_features"": ""log2"", ""min_samples_split"": 8, ""n_estimators"": 478}"
2026-07-06T16:51:49+00:00,rf,heart_statlog,TPE,0,12,balanced_accuracy,0.841667,"{""max_depth"": 10, ""max_features"": ""log2"", ""min_samples_split"": 7, ""n_estimators"": 499}"
2026-07-06T16:51:49+00:00,rf,heart_statlog,TPE,0,13,balanced_accuracy,0.841667,"{""max_depth"": 9, ""max_features"": ""log2"", ""min_samples_split"": 7, ""n_estimators"": 500}"
2026-07-06T16:51:49+00:00,rf,heart_statlog,TPE,0,14,balanced_accuracy,0.841667,"{""max_depth"": 11, ""max_features"": ""log2"", ""min_samples_split"": 7, ""n_estimators"": 436}"
2026-07-06T16:51:49+00:00,rf,heart_statlog,TPE,0,15,balanced_accuracy,0.833333,"{""max_depth"": 6, ""max_features"": ""log2"", ""min_samples_split"": 10, ""n_estimators"": 443}"
2026-07-06T16:51:49+00:00,rf,heart_statlog,TPE,0,16,balanced_accuracy,0.841667,"{""max_depth"": 7, ""max_features"": ""log2"", ""min_samples_split"": 6, ""n_estimators"": 444}"
2026-07-06T16:51:49+00:00,rf,heart_statlog,TPE,0,17,balanced_accuracy,0.833333,"{""max_depth"": 12, ""max_features"": ""log2"", ""min_samples_split"": 10, ""n_estimators"": 383}"
2026-07-06T16:51:49+00:00,rf,heart_statlog,TPE,0,18,balanced_accuracy,0.832292,"{""max_depth"": 3, ""max_features"": ""log2"", ""min_samples_split"": 2, ""n_estimators"": 462}"
2026-07-06T16:51:49+00:00,rf,heart_statlog,TPE,0,19,balanced_accuracy,0.810417,"{""max_depth"": 5, ""max_features"": null, ""min_samples_split"": 5, ""n_estimators"": 408}"
2026-07-06T16:51:49+00:00,rf,heart_statlog,TPE,0,20,balanced_accuracy,0.832292,"{""max_depth"": 10, ""max_features"": ""log2"", ""min_samples_split"": 16, ""n_estimators"": 338}"
2026-07-06T16:51:49+00:00,rf,heart_statlog,TPE,0,21,balanced_accuracy,0.841667,"{""max_depth"": 10, ""max_features"": ""log2"", ""min_samples_split"": 8, ""n_estimators"": 492}"
2026-07-06T16:51:49+00:00,rf,heart_statlog,TPE,0,22,balanced_accuracy,0.841667,"{""max_depth"": 8, ""max_features"": ""log2"", ""min_samples_split"": 9, ""n_estimators"": 499}"
2026-07-06T16:51:49+00:00,rf,heart_statlog,TPE,0,23,balanced_accuracy,0.841667,"{""max_depth"": 11, ""max_features"": ""log2"", ""min_samples_split"": 5, ""n_estimators"": 463}"
2026-07-06T16:51:49+00:00,rf,heart_statlog,TPE,0,24,balanced_accuracy,0.841667,"{""max_depth"": 9, ""max_features"": ""log2"", ""min_samples_split"": 7, ""n_estimators"": 424}"
2026-07-06T16:51:49+00:00,rf,heart_statlog,TPE,0,25,balanced_accuracy,0.837500,"{""max_depth"": 12, ""max_features"": ""log2"", ""min_samples_split"": 11, ""n_estimators"": 471}"
2026-07-06T16:51:49+00:00,rf,heart_statlog,TPE,0,26,balanced_accuracy,0.841667,"{""max_depth"": 7, ""max_features"": ""log2"", ""min_samples_split"": 8, ""n_estimators"": 373}"
2026-07-06T16:51:49+00:00,rf,heart_statlog,TPE,0,27,balanced_accuracy,0.841667,"{""max_depth"": 10, ""max_features"": ""log2"", ""min_samples_split"": 5, ""n_estimators"": 416}"
2026-07-06T16:51:49+00:00,rf,heart_statlog,TPE,0,28,balanced_accuracy,0.841667,"{""max_depth"": 5, ""max_features"": ""sqrt"", ""min_samples_split"": 9, ""n_estimators"": 471}"
2026-07-06T16:51:49+00:00,rf,heart_statlog,TPE,0,29,balanced_accuracy,0.796875,"{""max_depth"": 14, ""max_features"": null, ""min_samples_split"": 12, ""n_estimators"": 50}"
2026-07-06T16:51:49+00:00,rf,heart_statlog,TPE,0,30,balanced_accuracy,0.814583,"{""max_depth"": 15, ""max_features"": null, ""min_samples_split"": 3, ""n_estimators"": 273}"
2026-07-06T16:51:49+00:00,rf,heart_statlog,TPE,0,31,balanced_accuracy,0.841667,"{""max_depth"": 9, ""max_features"": ""log2"", ""min_samples_split"": 7, ""n_estimators"": 497}"
2026-07-06T16:51:49+00:00,rf,heart_statlog,TPE,0,32,balanced_accuracy,0.841667,"{""max_depth"": 8, ""max_features"": ""log2"", ""min_samples_split"": 6, ""n_estimators"": 498}"
2026-07-06T16:51:49+00:00,rf,heart_statlog,TPE,0,33,balanced_accuracy,0.841667,"{""max_depth"": 9, ""max_features"": ""log2"", ""min_samples_split"": 8, ""n_estimators"": 462}"
2026-07-06T16:51:49+00:00,rf,heart_statlog,TPE,0,34,balanced_accuracy,0.841667,"{""max_depth"": 11, ""max_features"": ""log2"", ""min_samples_split"": 6, ""n_estimators"": 442}"
2026-07-06T16:51:49+00:00,rf,heart_statlog,TPE,0,35,balanced_accuracy,0.841667,"{""max_depth"": 6, ""max_features"": ""log2"", ""min_samples_split"": 4, ""n_estimators"": 393}"
2026-07-06T16:51:49+00:00,rf,heart_statlog,TPE,0,36,balanced_accuracy,0.841667,"{""max_depth"": 20, ""max_features"": ""log2"", ""min_samples_split"": 9, ""n_estimators"": 475}"
2026-07-06T16:51:49+00:00,rf,heart_statlog,TPE,0,37,balanced_accuracy,0.833333,"{""max_depth"": 12, ""max_features"": ""sqrt"", ""min_samples_split"": 4, ""n_estimators"": 415}"
2026-07-06T16:51:49+00:00,rf,heart_statlog,TPE,0,38,balanced_accuracy,0.814583,"{""max_depth"": 7, ""max_features"": null, ""min_samples_split"": 7, ""n_estimators"": 359}"
2026-07-06T16:51:49+00:00,rf,heart_statlog,TPE,0,39,balanced_accuracy,0.837500,"{""max_depth"": 13, ""max_features"": ""sqrt"", ""min_samples_split"": 11, ""n_estimators"": 481}"
2026-07-06T16:51:49+00:00,rf,heart_statlog,TPE,0,40,balanced_accuracy,0.835417,"{""max_depth"": 2, ""max_features"": ""log2"", ""min_samples_split"": 2, ""n_estimators"": 441}"
2026-07-06T16:51:49+00:00,rf,heart_statlog,TPE,0,41,balanced_accuracy,0.841667,"{""max_depth"": 11, ""max_features"": ""log2"", ""min_samples_split"": 7, ""n_estimators"": 438}"
2026-07-06T16:51:49+00:00,rf,heart_statlog,TPE,0,42,balanced_accuracy,0.841667,"{""max_depth"": 10, ""max_features"": ""log2"", ""min_samples_split"": 8, ""n_estimators"": 460}"
2026-07-06T16:51:49+00:00,rf,heart_statlog,TPE,0,43,balanced_accuracy,0.841667,"{""max_depth"": 17, ""max_features"": ""log2"", ""min_samples_split"": 6, ""n_estimators"": 434}"
2026-07-06T16:51:49+00:00,rf,heart_statlog,TPE,0,44,balanced_accuracy,0.837500,"{""max_depth"": 9, ""max_features"": ""log2"", ""min_samples_split"": 9, ""n_estimators"": 396}"
2026-07-06T16:51:49+00:00,rf,heart_statlog,TPE,0,45,balanced_accuracy,0.833333,"{""max_depth"": 8, ""max_features"": ""log2"", ""min_samples_split"": 7, ""n_estimators"": 217}"
2026-07-06T16:51:49+00:00,rf,heart_statlog,TPE,0,46,balanced_accuracy,0.833333,"{""max_depth"": 13, ""max_features"": ""log2"", ""min_samples_split"": 4, ""n_estimators"": 483}"
2026-07-06T16:51:49+00:00,rf,heart_statlog,TPE,0,47,balanced_accuracy,0.837500,"{""max_depth"": 11, ""max_features"": ""sqrt"", ""min_samples_split"": 10, ""n_estimators"": 453}"
2026-07-06T16:51:49+00:00,rf,heart_statlog,TPE,0,48,balanced_accuracy,0.841667,"{""max_depth"": 6, ""max_features"": ""log2"", ""min_samples_split"": 5, ""n_estimators"": 422}"
2026-07-06T16:51:49+00:00,rf,heart_statlog,TPE,0,49,balanced_accuracy,0.814583,"{""max_depth"": 12, ""max_features"": null, ""min_samples_split"": 8, ""n_estimators"": 350}"
2026-07-06T16:51:55+00:00,xgboost,heart_statlog,TPE,0,0,balanced_accuracy,0.804167,"{""colsample_bytree"": 0.7118273996694524, ""learning_rate"": 0.05910317077425309, ""max_depth"": 7, ""n_estimators"": 297, ""reg_lambda"": 0.3833332156156664, ""subsample"": 0.7724415914984484}"
2026-07-06T16:51:55+00:00,xgboost,heart_statlog,TPE,0,1,balanced_accuracy,0.802083,"{""colsample_bytree"": 0.8958625190413323, ""learning_rate"": 0.1618191272832578, ""max_depth"": 10, ""n_estimators"": 247, ""reg_lambda"": 0.13049073550362397, ""subsample"": 0.6917207594128889}"
2026-07-06T16:51:55+00:00,xgboost,heart_statlog,TPE,0,2,balanced_accuracy,0.806250,"{""colsample_bytree"": 0.5101091987201629, ""learning_rate"": 0.1962524585239014, ""max_depth"": 2, ""n_estimators"": 306, ""reg_lambda"": 2.1403233140986067, ""subsample"": 0.5435646498507704}"
2026-07-06T16:51:55+00:00,xgboost,heart_statlog,TPE,0,3,balanced_accuracy,0.823958,"{""colsample_bytree"": 0.7307396811264659, ""learning_rate"": 0.14293072093890533, ""max_depth"": 10, ""n_estimators"": 400, ""reg_lambda"": 1.3246974647468452, ""subsample"": 0.8995792821083618}"
2026-07-06T16:51:55+00:00,xgboost,heart_statlog,TPE,0,4,balanced_accuracy,0.813542,"{""colsample_bytree"": 0.7609241608750359, ""learning_rate"": 0.038473523622807364, ""max_depth"": 3, ""n_estimators"": 103, ""reg_lambda"": 0.045566719139214756, ""subsample"": 0.972334458524792}"
2026-07-06T16:51:55+00:00,xgboost,heart_statlog,TPE,0,5,balanced_accuracy,0.817708,"{""colsample_bytree"": 0.5093949002181776, ""learning_rate"": 0.08276957557192281, ""max_depth"": 6, ""n_estimators"": 169, ""reg_lambda"": 0.2954894558726685, ""subsample"": 0.7842169744343243}"
2026-07-06T16:51:55+00:00,xgboost,heart_statlog,TPE,0,6,balanced_accuracy,0.814583,"{""colsample_bytree"": 0.679753950286893, ""learning_rate"": 0.03374584570073953, ""max_depth"": 10, ""n_estimators"": 326, ""reg_lambda"": 0.05599223654063348, ""subsample"": 0.8409101495517417}"
2026-07-06T16:51:55+00:00,xgboost,heart_statlog,TPE,0,7,balanced_accuracy,0.815625,"{""colsample_bytree"": 0.6051912805369204, ""learning_rate"": 0.0014098918363046988, ""max_depth"": 8, ""n_estimators"": 364, ""reg_lambda"": 0.0032787264983352763, ""subsample"": 0.8353189348090797}"
2026-07-06T16:51:55+00:00,xgboost,heart_statlog,TPE,0,8,balanced_accuracy,0.821875,"{""colsample_bytree"": 0.9941869190296131, ""learning_rate"": 0.007960781083787736, ""max_depth"": 7, ""n_estimators"": 192, ""reg_lambda"": 0.0025596420901526653, ""subsample"": 0.7193007567311602}"
2026-07-06T16:51:55+00:00,xgboost,heart_statlog,TPE,0,9,balanced_accuracy,0.798958,"{""colsample_bytree"": 0.7331553864281531, ""learning_rate"": 0.002509477090866099, ""max_depth"": 7, ""n_estimators"": 144, ""reg_lambda"": 0.009499535455183799, ""subsample"": 0.626645801269891}"
2026-07-06T16:51:55+00:00,xgboost,heart_statlog,TPE,0,10,balanced_accuracy,0.813542,"{""colsample_bytree"": 0.8473969844011999, ""learning_rate"": 0.007618651922577224, ""max_depth"": 4, ""n_estimators"": 477, ""reg_lambda"": 8.57667982666099, ""subsample"": 0.9648201775139152}"
2026-07-06T16:51:55+00:00,xgboost,heart_statlog,TPE,0,11,balanced_accuracy,0.808333,"{""colsample_bytree"": 0.9584674656632981, ""learning_rate"": 0.010510250540821088, ""max_depth"": 9, ""n_estimators"": 426, ""reg_lambda"": 0.0014298540752625314, ""subsample"": 0.9002848219951851}"
2026-07-06T16:51:55+00:00,xgboost,heart_statlog,TPE,0,12,balanced_accuracy,0.812500,"{""colsample_bytree"": 0.986968794688829, ""learning_rate"": 0.011159185416703745, ""max_depth"": 5, ""n_estimators"": 224, ""reg_lambda"": 0.014159657630331094, ""subsample"": 0.6828987992163629}"
2026-07-06T16:51:55+00:00,xgboost,heart_statlog,TPE,0,13,balanced_accuracy,0.693750,"{""colsample_bytree"": 0.8325115255780414, ""learning_rate"": 0.003620946264561861, ""max_depth"": 8, ""n_estimators"": 77, ""reg_lambda"": 1.879715188450825, ""subsample"": 0.5390489060974366}"
2026-07-06T16:51:55+00:00,xgboost,heart_statlog,TPE,0,14,balanced_accuracy,0.821875,"{""colsample_bytree"": 0.6217325204616888, ""learning_rate"": 0.023760253727336377, ""max_depth"": 9, ""n_estimators"": 403, ""reg_lambda"": 9.659993120357282, ""subsample"": 0.7021498016008483}"
2026-07-06T16:51:55+00:00,xgboost,heart_statlog,TPE,0,15,balanced_accuracy,0.825000,"{""colsample_bytree"": 0.8052887701544574, ""learning_rate"": 0.2751991140362782, ""max_depth"": 6, ""n_estimators"": 485, ""reg_lambda"": 0.00103782366977728, ""subsample"": 0.9055615177506038}"
2026-07-06T16:51:55+00:00,xgboost,heart_statlog,TPE,0,16,balanced_accuracy,0.783333,"{""colsample_bytree"": 0.8124932988118648, ""learning_rate"": 0.28041937876385636, ""max_depth"": 5, ""n_estimators"": 488, ""reg_lambda"": 1.7821695505611523, ""subsample"": 0.8955617266129805}"
2026-07-06T16:51:55+00:00,xgboost,heart_statlog,TPE,0,17,balanced_accuracy,0.778125,"{""colsample_bytree"": 0.7854138569852516, ""learning_rate"": 0.09312562563569393, ""max_depth"": 2, ""n_estimators"": 431, ""reg_lambda"": 0.008609552005157584, ""subsample"": 0.9037561572341186}"
2026-07-06T16:51:55+00:00,xgboost,heart_statlog,TPE,0,18,balanced_accuracy,0.810417,"{""colsample_bytree"": 0.8847368387955146, ""learning_rate"": 0.14750109697609082, ""max_depth"": 5, ""n_estimators"": 499, ""reg_lambda"": 0.03377619990599542, ""subsample"": 0.9895851134976368}"
2026-07-06T16:51:55+00:00,xgboost,heart_statlog,TPE,0,19,balanced_accuracy,0.820833,"{""colsample_bytree"": 0.6706258240809833, ""learning_rate"": 0.27283651854698915, ""max_depth"": 9, ""n_estimators"": 376, ""reg_lambda"": 0.5814403255623702, ""subsample"": 0.8350998141646901}"
2026-07-06T16:51:55+00:00,xgboost,heart_statlog,TPE,0,20,balanced_accuracy,0.805208,"{""colsample_bytree"": 0.594348905853391, ""learning_rate"": 0.12196143304287989, ""max_depth"": 4, ""n_estimators"": 458, ""reg_lambda"": 0.08230970707871045, ""subsample"": 0.9280551022257004}"
2026-07-06T16:51:55+00:00,xgboost,heart_statlog,TPE,0,21,balanced_accuracy,0.785417,"{""colsample_bytree"": 0.9253053858453743, ""learning_rate"": 0.0010390962278829714, ""max_depth"": 7, ""n_estimators"": 254, ""reg_lambda"": 0.0010429501340659538, ""subsample"": 0.768806758392461}"
2026-07-06T16:51:55+00:00,xgboost,heart_statlog,TPE,0,22,balanced_accuracy,0.814583,"{""colsample_bytree"": 0.9970111946088025, ""learning_rate"": 0.004674978399440321, ""max_depth"": 6, ""n_estimators"": 178, ""reg_lambda"": 0.0028052216816411755, ""subsample"": 0.6029245412944989}"
2026-07-06T16:51:55+00:00,xgboost,heart_statlog,TPE,0,23,balanced_accuracy,0.803125,"{""colsample_bytree"": 0.8772090601974145, ""learning_rate"": 0.01562774962875798, ""max_depth"": 6, ""n_estimators"": 365, ""reg_lambda"": 0.002284916526846342, ""subsample"": 0.8566309945570418}"
2026-07-06T16:51:55+00:00,xgboost,heart_statlog,TPE,0,24,balanced_accuracy,0.809375,"{""colsample_bytree"": 0.7806067411464865, ""learning_rate"": 0.05577786002109496, ""max_depth"": 8, ""n_estimators"": 443, ""reg_lambda"": 0.01852114740131781, ""subsample"": 0.7896524271345743}"
2026-07-06T16:51:55+00:00,xgboost,heart_statlog,TPE,0,25,balanced_accuracy,0.794792,"{""colsample_bytree"": 0.9363461876493662, ""learning_rate"": 0.01979385773122237, ""max_depth"": 10, ""n_estimators"": 398, ""reg_lambda"": 0.003058598339341726, ""subsample"": 0.7388823409067529}"
2026-07-06T16:51:55+00:00,xgboost,heart_statlog,TPE,0,26,balanced_accuracy,0.794792,"{""colsample_bytree"": 0.6637942898859517, ""learning_rate"": 0.22086989887408584, ""max_depth"": 7, ""n_estimators"": 51, ""reg_lambda"": 0.005418226596689585, ""subsample"": 0.6375292073995111}"
2026-07-06T16:51:55+00:00,xgboost,heart_statlog,TPE,0,27,balanced_accuracy,0.805208,"{""colsample_bytree"": 0.719715909733719, ""learning_rate"": 0.10546821769652863, ""max_depth"": 4, ""n_estimators"": 328, ""reg_lambda"": 0.001473129178359833, ""subsample"": 0.9454181541793307}"
2026-07-06T16:51:55+00:00,xgboost,heart_statlog,TPE,0,28,balanced_accuracy,0.798958,"{""colsample_bytree"": 0.5615272809224024, ""learning_rate"": 0.056553652632880314, ""max_depth"": 6, ""n_estimators"": 209, ""reg_lambda"": 3.8946562584196704, ""subsample"": 0.8720741923710396}"
2026-07-06T16:51:55+00:00,xgboost,heart_statlog,TPE,0,29,balanced_accuracy,0.800000,"{""colsample_bytree"": 0.7415808280951635, ""learning_rate"": 0.0666473622845675, ""max_depth"": 8, ""n_estimators"": 264, ""reg_lambda"": 0.5247718110899727, ""subsample"": 0.9350763260209587}"
2026-07-06T16:51:55+00:00,xgboost,heart_statlog,TPE,0,30,balanced_accuracy,0.818750,"{""colsample_bytree"": 0.6909335782264259, ""learning_rate"": 0.005682353064462796, ""max_depth"": 9, ""n_estimators"": 134, ""reg_lambda"": 0.14557780745180937, ""subsample"": 0.8062156041184267}"
2026-07-06T16:51:55+00:00,xgboost,heart_statlog,TPE,0,31,balanced_accuracy,0.817708,"{""colsample_bytree"": 0.6350793507094881, ""learning_rate"": 0.028180423684142062, ""max_depth"": 9, ""n_estimators"": 392, ""reg_lambda"": 6.485134545633666, ""subsample"": 0.746046347155402}"
2026-07-06T16:51:55+00:00,xgboost,heart_statlog,TPE,0,32,balanced_accuracy,0.817708,"{""colsample_bytree"": 0.642381163784957, ""learning_rate"": 0.018795163305395268, ""max_depth"": 10, ""n_estimators"": 414, ""reg_lambda"": 4.058224398685392, ""subsample"": 0.7181607361150701}"
2026-07-06T16:51:55+00:00,xgboost,heart_statlog,TPE,0,33,balanced_accuracy,0.825000,"{""colsample_bytree"": 0.5551679053159752, ""learning_rate"": 0.17807299886998318, ""max_depth"": 10, ""n_estimators"": 467, ""reg_lambda"": 1.0164710653735667, ""subsample"": 0.6595349807335745}"
2026-07-06T16:51:55+00:00,xgboost,heart_statlog,TPE,0,34,balanced_accuracy,0.810417,"{""colsample_bytree"": 0.556940094857469, ""learning_rate"": 0.177613515938225, ""max_depth"": 10, ""n_estimators"": 445, ""reg_lambda"": 0.3796927111533648, ""subsample"": 0.5777992402739978}"
2026-07-06T16:51:55+00:00,xgboost,heart_statlog,TPE,0,35,balanced_accuracy,0.814583,"{""colsample_bytree"": 0.545603836295048, ""learning_rate"": 0.14477550620599428, ""max_depth"": 8, ""n_estimators"": 459, ""reg_lambda"": 1.0257122654508923, ""subsample"": 0.5040259026306455}"
2026-07-06T16:51:55+00:00,xgboost,heart_statlog,TPE,0,36,balanced_accuracy,0.801042,"{""colsample_bytree"": 0.8594346661728649, ""learning_rate"": 0.2062036329546924, ""max_depth"": 10, ""n_estimators"": 338, ""reg_lambda"": 0.941235686854461, ""subsample"": 0.6867797105424253}"
2026-07-06T16:51:55+00:00,xgboost,heart_statlog,TPE,0,37,balanced_accuracy,0.816667,"{""colsample_bytree"": 0.8109234830165831, ""learning_rate"": 0.2898959488955409, ""max_depth"": 7, ""n_estimators"": 470, ""reg_lambda"": 0.12727061858435587, ""subsample"": 0.6453819633952462}"
2026-07-06T16:51:55+00:00,xgboost,heart_statlog,TPE,0,38,balanced_accuracy,0.810417,"{""colsample_bytree"": 0.9184569016820807, ""learning_rate"": 0.04199496446318545, ""max_depth"": 9, ""n_estimators"": 292, ""reg_lambda"": 0.24944071850248462, ""subsample"": 0.649724245117242}"
2026-07-06T16:51:55+00:00,xgboost,heart_statlog,TPE,0,39,balanced_accuracy,0.821875,"{""colsample_bytree"": 0.7033280442500215, ""learning_rate"": 0.0019526318823490116, ""max_depth"": 3, ""n_estimators"": 290, ""reg_lambda"": 0.005228501263163947, ""subsample"": 0.820223098205753}"
2026-07-06T16:51:55+00:00,xgboost,heart_statlog,TPE,0,40,balanced_accuracy,0.819792,"{""colsample_bytree"": 0.5196604974303766, ""learning_rate"": 0.07032515366395677, ""max_depth"": 6, ""n_estimators"": 498, ""reg_lambda"": 0.028891982974421682, ""subsample"": 0.5983357566337413}"
2026-07-06T16:51:55+00:00,xgboost,heart_statlog,TPE,0,41,balanced_accuracy,0.795833,"{""colsample_bytree"": 0.6026332307104065, ""learning_rate"": 0.10898973835855708, ""max_depth"": 9, ""n_estimators"": 419, ""reg_lambda"": 3.049374241233739, ""subsample"": 0.6959840095183056}"
2026-07-06T16:51:55+00:00,xgboost,heart_statlog,TPE,0,42,balanced_accuracy,0.807292,"{""colsample_bytree"": 0.5849738268533644, ""learning_rate"": 0.009676641220692337, ""max_depth"": 10, ""n_estimators"": 344, ""reg_lambda"": 7.63997562481627, ""subsample"": 0.6647593743009308}"
2026-07-06T16:51:55+00:00,xgboost,heart_statlog,TPE,0,43,balanced_accuracy,0.808333,"{""colsample_bytree"": 0.6281918198140264, ""learning_rate"": 0.026585040941307928, ""max_depth"": 9, ""n_estimators"": 398, ""reg_lambda"": 1.505710213312408, ""subsample"": 0.7169358677411688}"
2026-07-06T16:51:55+00:00,xgboost,heart_statlog,TPE,0,44,balanced_accuracy,0.818750,"{""colsample_bytree"": 0.5002924122903153, ""learning_rate"": 0.043909387983626195, ""max_depth"": 10, ""n_estimators"": 480, ""reg_lambda"": 5.424316850120464, ""subsample"": 0.7654069671961836}"
2026-07-06T16:51:55+00:00,xgboost,heart_statlog,TPE,0,45,balanced_accuracy,0.829167,"{""colsample_bytree"": 0.7497322307156973, ""learning_rate"": 0.0030834728219326156, ""max_depth"": 8, ""n_estimators"": 375, ""reg_lambda"": 2.9259887736828096, ""subsample"": 0.8748583907494041}"
2026-07-06T16:51:55+00:00,xgboost,heart_statlog,TPE,0,46,balanced_accuracy,0.823958,"{""colsample_bytree"": 0.7583667080994971, ""learning_rate"": 0.003213427465727593, ""max_depth"": 7, ""n_estimators"": 311, ""reg_lambda"": 0.9219405807561449, ""subsample"": 0.8796077869751912}"
2026-07-06T16:51:55+00:00,xgboost,heart_statlog,TPE,0,47,balanced_accuracy,0.823958,"{""colsample_bytree"": 0.7443383250365023, ""learning_rate"": 0.0027902639317361234, ""max_depth"": 7, ""n_estimators"": 312, ""reg_lambda"": 1.046861311258426, ""subsample"": 0.8765781876677008}"
2026-07-06T16:51:55+00:00,xgboost,heart_statlog,TPE,0,48,balanced_accuracy,0.800000,"{""colsample_bytree"": 0.7724614607384548, ""learning_rate"": 0.001861216519922533, ""max_depth"": 8, ""n_estimators"": 374, ""reg_lambda"": 2.554516224490187, ""subsample"": 0.9991696839988295}"
2026-07-06T16:51:55+00:00,xgboost,heart_statlog,TPE,0,49,balanced_accuracy,0.825000,"{""colsample_bytree"": 0.8003688806769351, ""learning_rate"": 0.003157639261269433, ""max_depth"": 5, ""n_estimators"": 353, ""reg_lambda"": 0.676826185338994, ""subsample"": 0.9616080198384414}"
2026-07-06T16:52:27+00:00,mlp,heart_statlog,TPE,0,0,balanced_accuracy,0.757292,"{""alpha"": 0.0037665768415992965, ""hidden_layer_sizes"": [19], ""learning_rate_init"": 0.006431172050131994}"
2026-07-06T16:52:27+00:00,mlp,heart_statlog,TPE,0,1,balanced_accuracy,0.745833,"{""alpha"": 0.0001313028028065861, ""hidden_layer_sizes"": [18], ""learning_rate_init"": 0.008663279761354562}"
2026-07-06T16:52:27+00:00,mlp,heart_statlog,TPE,0,2,balanced_accuracy,0.789583,"{""alpha"": 0.028765041432546982, ""hidden_layer_sizes"": [15], ""learning_rate_init"": 0.07780155576901421}"
2026-07-06T16:52:27+00:00,mlp,heart_statlog,TPE,0,3,balanced_accuracy,0.750000,"{""alpha"": 0.009091283280651459, ""hidden_layer_sizes"": [13], ""learning_rate_init"": 0.003860866271460547}"
2026-07-06T16:52:27+00:00,mlp,heart_statlog,TPE,0,4,balanced_accuracy,0.789583,"{""alpha"": 0.04246031301768214, ""hidden_layer_sizes"": [19], ""learning_rate_init"": 0.00016334587611069497}"
2026-07-06T16:52:27+00:00,mlp,heart_statlog,TPE,0,5,balanced_accuracy,0.832292,"{""alpha"": 1.2620948285169311e-06, ""hidden_layer_sizes"": [4], ""learning_rate_init"": 0.03146730406166007}"
2026-07-06T16:52:27+00:00,mlp,heart_statlog,TPE,0,6,balanced_accuracy,0.769792,"{""alpha"": 0.022390342721683703, ""hidden_layer_sizes"": [26], ""learning_rate_init"": 0.08626905220714905}"
2026-07-06T16:52:27+00:00,mlp,heart_statlog,TPE,0,7,balanced_accuracy,0.761458,"{""alpha"": 0.00020295362430434728, ""hidden_layer_sizes"": [26], ""learning_rate_init"": 0.02195773446539457}"
2026-07-06T16:52:27+00:00,mlp,heart_statlog,TPE,0,8,balanced_accuracy,0.730208,"{""alpha"": 0.0015834527427829746, ""hidden_layer_sizes"": [5], ""learning_rate_init"": 0.00026919058249260725}"
2026-07-06T16:52:27+00:00,mlp,heart_statlog,TPE,0,9,balanced_accuracy,0.760417,"{""alpha"": 0.0004066695065393846, ""hidden_layer_sizes"": [31], ""learning_rate_init"": 0.0017538232373118048}"
2026-07-06T16:52:27+00:00,mlp,heart_statlog,TPE,0,10,balanced_accuracy,0.698958,"{""alpha"": 1.473096181110951e-06, ""hidden_layer_sizes"": [2], ""learning_rate_init"": 0.0007786964913593174}"
2026-07-06T16:52:27+00:00,mlp,heart_statlog,TPE,0,11,balanced_accuracy,0.769792,"{""alpha"": 1.3759842607703558e-06, ""hidden_layer_sizes"": [9], ""learning_rate_init"": 0.09567080476037099}"
2026-07-06T16:52:27+00:00,mlp,heart_statlog,TPE,0,12,balanced_accuracy,0.753125,"{""alpha"": 1.5841622640611873e-05, ""hidden_layer_sizes"": [11], ""learning_rate_init"": 0.028634448606340734}"
2026-07-06T16:52:27+00:00,mlp,heart_statlog,TPE,0,13,balanced_accuracy,0.668750,"{""alpha"": 1.5158099628911355e-05, ""hidden_layer_sizes"": [7], ""learning_rate_init"": 0.028499135600592782}"
2026-07-06T16:52:27+00:00,mlp,heart_statlog,TPE,0,14,balanced_accuracy,0.723958,"{""alpha"": 0.07791315624517423, ""hidden_layer_sizes"": [15], ""learning_rate_init"": 0.04558529994388786}"
2026-07-06T16:52:27+00:00,mlp,heart_statlog,TPE,0,15,balanced_accuracy,0.817708,"{""alpha"": 1.9516516631722755e-05, ""hidden_layer_sizes"": [2], ""learning_rate_init"": 0.013751240082575895}"
2026-07-06T16:52:27+00:00,mlp,heart_statlog,TPE,0,16,balanced_accuracy,0.829167,"{""alpha"": 8.674180835501557e-06, ""hidden_layer_sizes"": [3], ""learning_rate_init"": 0.010219855563963733}"
2026-07-06T16:52:27+00:00,mlp,heart_statlog,TPE,0,17,balanced_accuracy,0.835417,"{""alpha"": 4.831684979112127e-06, ""hidden_layer_sizes"": [5], ""learning_rate_init"": 0.003316647718736721}"
2026-07-06T16:52:27+00:00,mlp,heart_statlog,TPE,0,18,balanced_accuracy,0.741667,"{""alpha"": 3.589837334404624e-06, ""hidden_layer_sizes"": [7], ""learning_rate_init"": 0.0018195465881739666}"
2026-07-06T16:52:27+00:00,mlp,heart_statlog,TPE,0,19,balanced_accuracy,0.728125,"{""alpha"": 4.206221648153071e-05, ""hidden_layer_sizes"": [6], ""learning_rate_init"": 0.0030648354138452768}"
2026-07-06T16:52:27+00:00,mlp,heart_statlog,TPE,0,20,balanced_accuracy,0.767708,"{""alpha"": 3.6052122481801383e-06, ""hidden_layer_sizes"": [10], ""learning_rate_init"": 0.0006255083788429984}"
2026-07-06T16:52:27+00:00,mlp,heart_statlog,TPE,0,21,balanced_accuracy,0.837500,"{""alpha"": 4.40008473255573e-06, ""hidden_layer_sizes"": [3], ""learning_rate_init"": 0.011595945936222459}"
2026-07-06T16:52:27+00:00,mlp,heart_statlog,TPE,0,22,balanced_accuracy,0.836458,"{""alpha"": 4.428240833126284e-06, ""hidden_layer_sizes"": [5], ""learning_rate_init"": 0.0056753832851477734}"
2026-07-06T16:52:27+00:00,mlp,heart_statlog,TPE,0,23,balanced_accuracy,0.769792,"{""alpha"": 4.090019158628204e-06, ""hidden_layer_sizes"": [9], ""learning_rate_init"": 0.0046142875680252465}"
2026-07-06T16:52:27+00:00,mlp,heart_statlog,TPE,0,24,balanced_accuracy,0.833333,"{""alpha"": 5.604619911769443e-05, ""hidden_layer_sizes"": [5], ""learning_rate_init"": 0.0014831045746069057}"
2026-07-06T16:52:27+00:00,mlp,heart_statlog,TPE,0,25,balanced_accuracy,0.693750,"{""alpha"": 5.183525779478199e-06, ""hidden_layer_sizes"": [7], ""learning_rate_init"": 0.016985660804525397}"
2026-07-06T16:52:27+00:00,mlp,heart_statlog,TPE,0,26,balanced_accuracy,0.826042,"{""alpha"": 4.149680200444534e-05, ""hidden_layer_sizes"": [2], ""learning_rate_init"": 0.0026274996534508322}"
2026-07-06T16:52:27+00:00,mlp,heart_statlog,TPE,0,27,balanced_accuracy,0.753125,"{""alpha"": 1.0304611882676442e-05, ""hidden_layer_sizes"": [12], ""learning_rate_init"": 0.006204257216865184}"
2026-07-06T16:52:27+00:00,mlp,heart_statlog,TPE,0,28,balanced_accuracy,0.812500,"{""alpha"": 2.61264478051516e-06, ""hidden_layer_sizes"": [8], ""learning_rate_init"": 0.0008077764659591756}"
2026-07-06T16:52:27+00:00,mlp,heart_statlog,TPE,0,29,balanced_accuracy,0.775000,"{""alpha"": 2.7552285890909545e-05, ""hidden_layer_sizes"": [4], ""learning_rate_init"": 0.006656654065257829}"
2026-07-06T16:52:27+00:00,mlp,heart_statlog,TPE,0,30,balanced_accuracy,0.773958,"{""alpha"": 9.282823613456045e-05, ""hidden_layer_sizes"": [5], ""learning_rate_init"": 0.011809002139237237}"
2026-07-06T16:52:27+00:00,mlp,heart_statlog,TPE,0,31,balanced_accuracy,0.833333,"{""alpha"": 0.0006891303571722802, ""hidden_layer_sizes"": [5], ""learning_rate_init"": 0.0014931495349891554}"
2026-07-06T16:52:27+00:00,mlp,heart_statlog,TPE,0,32,balanced_accuracy,0.800000,"{""alpha"": 7.927052195462053e-05, ""hidden_layer_sizes"": [4], ""learning_rate_init"": 0.0013077013282668838}"
2026-07-06T16:52:27+00:00,mlp,heart_statlog,TPE,0,33,balanced_accuracy,0.755208,"{""alpha"": 8.763815415839845e-06, ""hidden_layer_sizes"": [8], ""learning_rate_init"": 0.006058778871480235}"
2026-07-06T16:52:27+00:00,mlp,heart_statlog,TPE,0,34,balanced_accuracy,0.825000,"{""alpha"": 4.420939224662272e-05, ""hidden_layer_sizes"": [14], ""learning_rate_init"": 0.0003936785879757272}"
2026-07-06T16:52:27+00:00,mlp,heart_statlog,TPE,0,35,balanced_accuracy,0.792708,"{""alpha"": 0.0002047554303369796, ""hidden_layer_sizes"": [11], ""learning_rate_init"": 0.002592962735631621}"
2026-07-06T16:52:27+00:00,mlp,heart_statlog,TPE,0,36,balanced_accuracy,0.727083,"{""alpha"": 2.0085575967433557e-06, ""hidden_layer_sizes"": [6], ""learning_rate_init"": 0.004145617948823571}"
2026-07-06T16:52:27+00:00,mlp,heart_statlog,TPE,0,37,balanced_accuracy,0.837500,"{""alpha"": 6.377626677916198e-06, ""hidden_layer_sizes"": [3], ""learning_rate_init"": 0.00957104319085452}"
2026-07-06T16:52:27+00:00,mlp,heart_statlog,TPE,0,38,balanced_accuracy,0.829167,"{""alpha"": 6.158357883421694e-06, ""hidden_layer_sizes"": [3], ""learning_rate_init"": 0.009278971859716587}"
2026-07-06T16:52:27+00:00,mlp,heart_statlog,TPE,0,39,balanced_accuracy,0.770833,"{""alpha"": 1.187218237332124e-06, ""hidden_layer_sizes"": [3], ""learning_rate_init"": 0.05648969419497918}"
2026-07-06T16:52:27+00:00,mlp,heart_statlog,TPE,0,40,balanced_accuracy,0.754167,"{""alpha"": 6.288870802963915e-06, ""hidden_layer_sizes"": [21], ""learning_rate_init"": 0.018437864505549666}"
2026-07-06T16:52:27+00:00,mlp,heart_statlog,TPE,0,41,balanced_accuracy,0.831250,"{""alpha"": 2.673334200813347e-06, ""hidden_layer_sizes"": [5], ""learning_rate_init"": 0.007045943498315178}"
2026-07-06T16:52:27+00:00,mlp,heart_statlog,TPE,0,42,balanced_accuracy,0.727083,"{""alpha"": 2.5979159593293397e-05, ""hidden_layer_sizes"": [6], ""learning_rate_init"": 0.004208093144292318}"
2026-07-06T16:52:27+00:00,mlp,heart_statlog,TPE,0,43,balanced_accuracy,0.726042,"{""alpha"": 0.005913850969036846, ""hidden_layer_sizes"": [2], ""learning_rate_init"": 0.0010613014472045598}"
2026-07-06T16:52:27+00:00,mlp,heart_statlog,TPE,0,44,balanced_accuracy,0.795833,"{""alpha"": 1.2575217200048995e-05, ""hidden_layer_sizes"": [4], ""learning_rate_init"": 0.002479035151468535}"
2026-07-06T16:52:27+00:00,mlp,heart_statlog,TPE,0,45,balanced_accuracy,0.754167,"{""alpha"": 2.0964192866117656e-06, ""hidden_layer_sizes"": [9], ""learning_rate_init"": 0.008132615766129699}"
2026-07-06T16:52:27+00:00,mlp,heart_statlog,TPE,0,46,balanced_accuracy,0.705208,"{""alpha"": 0.0001370340846334352, ""hidden_layer_sizes"": [7], ""learning_rate_init"": 0.013408456773978053}"
2026-07-06T16:52:27+00:00,mlp,heart_statlog,TPE,0,47,balanced_accuracy,0.798958,"{""alpha"": 0.001857021389268403, ""hidden_layer_sizes"": [4], ""learning_rate_init"": 0.0035239390246572075}"
2026-07-06T16:52:27+00:00,mlp,heart_statlog,TPE,0,48,balanced_accuracy,0.815625,"{""alpha"": 2.3229313730152796e-05, ""hidden_layer_sizes"": [8], ""learning_rate_init"": 0.0019751311460023194}"
2026-07-06T16:52:27+00:00,mlp,heart_statlog,TPE,0,49,balanced_accuracy,0.509375,"{""alpha"": 1.0864183607254767e-06, ""hidden_layer_sizes"": [2], ""learning_rate_init"": 0.00015508811724783026}"
